source_desc,sector_desc,group_desc,commodity_desc,class_desc,prodn_practice_desc,util_practice_desc,statisticcat_desc,unit_desc,short_desc,domain_desc,domaincat_desc,agg_level_desc,state_ansi,state_fips_code,state_alpha,state_name,asd_code,asd_desc,county_ansi,county_code,county_name,region_desc,zip_5,watershed_code,watershed_desc,congr_district_code,country_code,country_name,location_desc,year,freq_desc,begin_code,end_code,reference_period_desc,week_ending,load_time,Value,CV (%),data_item_key,level
SURVEY,CROPS,FIELD CROPS,COTTON,UPLAND,ALL PRODUCTION PRACTICES,ALL UTILIZATION PRACTICES,CONDITION,PCT EXCELLENT,"COTTON, UPLAND - CONDITION, MEASURED IN PCT EXCELLENT",TOTAL,NOT SPECIFIED,STATE,1.0,1,AL,ALABAMA,,,,,,,,0,,,9000,UNITED STATES,ALABAMA,2026,WEEKLY,21,21,WEEK #21,2026-05-24,2026-05-26 16:00:00.000,6,,condition_current_excellent,STATE
SURVEY,CROPS,FIELD CROPS,COTTON,UPLAND,ALL PRODUCTION PRACTICES,ALL UTILIZATION PRACTICES,CONDITION,PCT EXCELLENT,"COTTON, UPLAND - CONDITION, MEASURED IN PCT EXCELLENT",TOTAL,NOT SPECIFIED,STATE,1.0,1,AL,ALABAMA,,,,,,,,0,,,9000,UNITED STATES,ALABAMA,2026,WEEKLY,22,22,WEEK #22,2026-05-31,2026-06-01 16:00:00.000,5,,condition_current_excellent,STATE
SURVEY,CROPS,FIELD CROPS,COTTON,UPLAND,ALL PRODUCTION PRACTICES,ALL UTILIZATION PRACTICES,CONDITION,PCT EXCELLENT,"COTTON, UPLAND - CONDITION, MEASURED IN PCT EXCELLENT",TOTAL,NOT SPECIFIED,STATE,4.0,4,AZ,ARIZONA,,,,,,,,0,,,9000,UNITED STATES,ARIZONA,2026,WEEKLY,18,18,WEEK #18,2026-05-03,2026-05-04 16:00:00.000,65,,condition_current_excellent,STATE
SURVEY,CROPS,FIELD CROPS,COTTON,UPLAND,ALL PRODUCTION PRACTICES,ALL UTILIZATION PRACTICES,CONDITION,PCT EXCELLENT,"COTTON, UPLAND - CONDITION, MEASURED IN PCT EXCELLENT",TOTAL,NOT SPECIFIED,STATE,4.0,4,AZ,ARIZONA,,,,,,,,0,,,9000,UNITED STATES,ARIZONA,2026,WEEKLY,19,19,WEEK #19,2026-05-10,2026-05-11 16:00:00.000,69,,condition_current_excellent,STATE
SURVEY,CROPS,FIELD CROPS,COTTON,UPLAND,ALL PRODUCTION PRACTICES,ALL UTILIZATION PRACTICES,CONDITION,PCT EXCELLENT,"COTTON, UPLAND - CONDITION, MEASURED IN PCT EXCELLENT",TOTAL,NOT SPECIFIED,STATE,4.0,4,AZ,ARIZONA,,,,,,,,0,,,9000,UNITED STATES,ARIZONA,2026,WEEKLY,20,20,WEEK #20,2026-05-17,2026-05-18 16:00:00.000,54,,condition_current_excellent,STATE
SURVEY,CROPS,FIELD CROPS,COTTON,UPLAND,ALL PRODUCTION PRACTICES,ALL UTILIZATION PRACTICES,CONDITION,PCT EXCELLENT,"COTTON, UPLAND - CONDITION, MEASURED IN PCT EXCELLENT",TOTAL,NOT SPECIFIED,STATE,4.0,4,AZ,ARIZONA,,,,,,,,0,,,9000,UNITED STATES,ARIZONA,2026,WEEKLY,21,21,WEEK #21,2026-05-24,2026-05-26 16:00:00.000,63,,condition_current_excellent,STATE
SURVEY,CROPS,FIELD CROPS,COTTON,UPLAND,ALL PRODUCTION PRACTICES,ALL UTILIZATION PRACTICES,CONDITION,PCT EXCELLENT,"COTTON, UPLAND - CONDITION, MEASURED IN PCT EXCELLENT",TOTAL,NOT SPECIFIED,STATE,4.0,4,AZ,ARIZONA,,,,,,,,0,,,9000,UNITED STATES,ARIZONA,2026,WEEKLY,22,22,WEEK #22,2026-05-31,2026-06-01 16:00:00.000,53,,condition_current_excellent,STATE
SURVEY,CROPS,FIELD CROPS,COTTON,UPLAND,ALL PRODUCTION PRACTICES,ALL UTILIZATION PRACTICES,CONDITION,PCT EXCELLENT,"COTTON, UPLAND - CONDITION, MEASURED IN PCT EXCELLENT",TOTAL,NOT SPECIFIED,STATE,5.0,5,AR,ARKANSAS,,,,,,,,0,,,9000,UNITED STATES,ARKANSAS,2026,WEEKLY,22,22,WEEK #22,2026-05-31,2026-06-01 16:00:00.000,19,,condition_current_excellent,STATE
SURVEY,CROPS,FIELD CROPS,COTTON,UPLAND,ALL PRODUCTION PRACTICES,ALL UTILIZATION PRACTICES,CONDITION,PCT EXCELLENT,"COTTON, UPLAND - CONDITION, MEASURED IN PCT EXCELLENT",TOTAL,NOT SPECIFIED,STATE,12.0,12,FL,FLORIDA,,,,,,,,0,,,9000,UNITED STATES,FLORIDA,2026,WEEKLY,21,21,WEEK #21,2026-05-24,2026-05-26 16:00:00.000,0,,condition_current_excellent,STATE
SURVEY,CROPS,FIELD CROPS,COTTON,UPLAND,ALL PRODUCTION PRACTICES,ALL UTILIZATION PRACTICES,CONDITION,PCT EXCELLENT,"COTTON, UPLAND - CONDITION, MEASURED IN PCT EXCELLENT",TOTAL,NOT SPECIFIED,STATE,12.0,12,FL,FLORIDA,,,,,,,,0,,,9000,UNITED STATES,FLORIDA,2026,WEEKLY,22,22,WEEK #22,2026-05-31,2026-06-01 16:00:00.000,1,,condition_current_excellent,STATE
SURVEY,CROPS,FIELD CROPS,COTTON,UPLAND,ALL PRODUCTION PRACTICES,ALL UTILIZATION PRACTICES,CONDITION,PCT EXCELLENT,"COTTON, UPLAND - CONDITION, MEASURED IN PCT EXCELLENT",TOTAL,NOT SPECIFIED,STATE,13.0,13,GA,GEORGIA,,,,,,,,0,,,9000,UNITED STATES,GEORGIA,2026,WEEKLY,22,22,WEEK #22,2026-05-31,2026-06-01 16:00:00.000,5,,condition_current_excellent,STATE
SURVEY,CROPS,FIELD CROPS,COTTON,UPLAND,ALL PRODUCTION PRACTICES,ALL UTILIZATION PRACTICES,CONDITION,PCT EXCELLENT,"COTTON, UPLAND - CONDITION, MEASURED IN PCT EXCELLENT",TOTAL,NOT SPECIFIED,STATE,28.0,28,MS,MISSISSIPPI,,,,,,,,0,,,9000,UNITED STATES,MISSISSIPPI,2026,WEEKLY,22,22,WEEK #22,2026-05-31,2026-06-01 16:00:00.000,8,,condition_current_excellent,STATE
SURVEY,CROPS,FIELD CROPS,COTTON,UPLAND,ALL PRODUCTION PRACTICES,ALL UTILIZATION PRACTICES,CONDITION,PCT EXCELLENT,"COTTON, UPLAND - CONDITION, MEASURED IN PCT EXCELLENT",TOTAL,NOT SPECIFIED,STATE,29.0,29,MO,MISSOURI,,,,,,,,0,,,9000,UNITED STATES,MISSOURI,2026,WEEKLY,21,21,WEEK #21,2026-05-24,2026-05-26 16:00:00.000,0,,condition_current_excellent,STATE
SURVEY,CROPS,FIELD CROPS,COTTON,UPLAND,ALL PRODUCTION PRACTICES,ALL UTILIZATION PRACTICES,CONDITION,PCT EXCELLENT,"COTTON, UPLAND - CONDITION, MEASURED IN PCT EXCELLENT",TOTAL,NOT SPECIFIED,STATE,29.0,29,MO,MISSOURI,,,,,,,,0,,,9000,UNITED STATES,MISSOURI,2026,WEEKLY,22,22,WEEK #22,2026-05-31,2026-06-01 16:00:00.000,0,,condition_current_excellent,STATE
SURVEY,CROPS,FIELD CROPS,COTTON,UPLAND,ALL PRODUCTION PRACTICES,ALL UTILIZATION PRACTICES,CONDITION,PCT EXCELLENT,"COTTON, UPLAND - CONDITION, MEASURED IN PCT EXCELLENT",TOTAL,NOT SPECIFIED,STATE,35.0,35,NM,NEW MEXICO,,,,,,,,0,,,9000,UNITED STATES,NEW MEXICO,2026,WEEKLY,1,1,WEEK #01,2026-01-04,2026-01-05 16:00:00.000,57,,condition_current_excellent,STATE
SURVEY,CROPS,FIELD CROPS,COTTON,UPLAND,ALL PRODUCTION PRACTICES,ALL UTILIZATION PRACTICES,CONDITION,PCT EXCELLENT,"COTTON, UPLAND - CONDITION, MEASURED IN PCT EXCELLENT",TOTAL,NOT SPECIFIED,STATE,35.0,35,NM,NEW MEXICO,,,,,,,,0,,,9000,UNITED STATES,NEW MEXICO,2026,WEEKLY,22,22,WEEK #22,2026-05-31,2026-06-01 16:00:00.000,3,,condition_current_excellent,STATE
SURVEY,CROPS,FIELD CROPS,COTTON,UPLAND,ALL PRODUCTION PRACTICES,ALL UTILIZATION PRACTICES,CONDITION,PCT EXCELLENT,"COTTON, UPLAND - CONDITION, MEASURED IN PCT EXCELLENT",TOTAL,NOT SPECIFIED,STATE,37.0,37,NC,NORTH CAROLINA,,,,,,,,0,,,9000,UNITED STATES,NORTH CAROLINA,2026,WEEKLY,21,21,WEEK #21,2026-05-24,2026-05-26 16:00:00.000,14,,condition_current_excellent,STATE
SURVEY,CROPS,FIELD CROPS,COTTON,UPLAND,ALL PRODUCTION PRACTICES,ALL UTILIZATION PRACTICES,CONDITION,PCT EXCELLENT,"COTTON, UPLAND - CONDITION, MEASURED IN PCT EXCELLENT",TOTAL,NOT SPECIFIED,STATE,37.0,37,NC,NORTH CAROLINA,,,,,,,,0,,,9000,UNITED STATES,NORTH CAROLINA,2026,WEEKLY,22,22,WEEK #22,2026-05-31,2026-06-01 16:00:00.000,14,,condition_current_excellent,STATE
SURVEY,CROPS,FIELD CROPS,COTTON,UPLAND,ALL PRODUCTION PRACTICES,ALL UTILIZATION PRACTICES,CONDITION,PCT EXCELLENT,"COTTON, UPLAND - CONDITION, MEASURED IN PCT EXCELLENT",TOTAL,NOT SPECIFIED,STATE,45.0,45,SC,SOUTH CAROLINA,,,,,,,,0,,,9000,UNITED STATES,SOUTH CAROLINA,2026,WEEKLY,22,22,WEEK #22,2026-05-31,2026-06-01 16:00:00.000,0,,condition_current_excellent,STATE
SURVEY,CROPS,FIELD CROPS,COTTON,UPLAND,ALL PRODUCTION PRACTICES,ALL UTILIZATION PRACTICES,CONDITION,PCT EXCELLENT,"COTTON, UPLAND - CONDITION, MEASURED IN PCT EXCELLENT",TOTAL,NOT SPECIFIED,STATE,47.0,47,TN,TENNESSEE,,,,,,,,0,,,9000,UNITED STATES,TENNESSEE,2026,WEEKLY,21,21,WEEK #21,2026-05-24,2026-05-26 16:00:00.000,7,,condition_current_excellent,STATE
SURVEY,CROPS,FIELD CROPS,COTTON,UPLAND,ALL PRODUCTION PRACTICES,ALL UTILIZATION PRACTICES,CONDITION,PCT EXCELLENT,"COTTON, UPLAND - CONDITION, MEASURED IN PCT EXCELLENT",TOTAL,NOT SPECIFIED,STATE,47.0,47,TN,TENNESSEE,,,,,,,,0,,,9000,UNITED STATES,TENNESSEE,2026,WEEKLY,22,22,WEEK #22,2026-05-31,2026-06-01 16:00:00.000,3,,condition_current_excellent,STATE
SURVEY,CROPS,FIELD CROPS,COTTON,UPLAND,ALL PRODUCTION PRACTICES,ALL UTILIZATION PRACTICES,CONDITION,PCT EXCELLENT,"COTTON, UPLAND - CONDITION, MEASURED IN PCT EXCELLENT",TOTAL,NOT SPECIFIED,STATE,51.0,51,VA,VIRGINIA,,,,,,,,0,,,9000,UNITED STATES,VIRGINIA,2026,WEEKLY,22,22,WEEK #22,2026-05-31,2026-06-01 16:00:00.000,0,,condition_current_excellent,STATE
SURVEY,CROPS,FIELD CROPS,COTTON,UPLAND,ALL PRODUCTION PRACTICES,ALL UTILIZATION PRACTICES,CONDITION,PCT FAIR,"COTTON, UPLAND - CONDITION, MEASURED IN PCT FAIR",TOTAL,NOT SPECIFIED,STATE,1.0,1,AL,ALABAMA,,,,,,,,0,,,9000,UNITED STATES,ALABAMA,2026,WEEKLY,21,21,WEEK #21,2026-05-24,2026-05-26 16:00:00.000,23,,condition_current_fair,STATE
SURVEY,CROPS,FIELD CROPS,COTTON,UPLAND,ALL PRODUCTION PRACTICES,ALL UTILIZATION PRACTICES,CONDITION,PCT FAIR,"COTTON, UPLAND - CONDITION, MEASURED IN PCT FAIR",TOTAL,NOT SPECIFIED,STATE,1.0,1,AL,ALABAMA,,,,,,,,0,,,9000,UNITED STATES,ALABAMA,2026,WEEKLY,22,22,WEEK #22,2026-05-31,2026-06-01 16:00:00.000,17,,condition_current_fair,STATE
SURVEY,CROPS,FIELD CROPS,COTTON,UPLAND,ALL PRODUCTION PRACTICES,ALL UTILIZATION PRACTICES,CONDITION,PCT FAIR,"COTTON, UPLAND - CONDITION, MEASURED IN PCT FAIR",TOTAL,NOT SPECIFIED,STATE,4.0,4,AZ,ARIZONA,,,,,,,,0,,,9000,UNITED STATES,ARIZONA,2026,WEEKLY,18,18,WEEK #18,2026-05-03,2026-05-04 16:00:00.000,9,,condition_current_fair,STATE
SURVEY,CROPS,FIELD CROPS,COTTON,UPLAND,ALL PRODUCTION PRACTICES,ALL UTILIZATION PRACTICES,CONDITION,PCT FAIR,"COTTON, UPLAND - CONDITION, MEASURED IN PCT FAIR",TOTAL,NOT SPECIFIED,STATE,4.0,4,AZ,ARIZONA,,,,,,,,0,,,9000,UNITED STATES,ARIZONA,2026,WEEKLY,19,19,WEEK #19,2026-05-10,2026-05-11 16:00:00.000,1,,condition_current_fair,STATE
SURVEY,CROPS,FIELD CROPS,COTTON,UPLAND,ALL PRODUCTION PRACTICES,ALL UTILIZATION PRACTICES,CONDITION,PCT FAIR,"COTTON, UPLAND - CONDITION, MEASURED IN PCT FAIR",TOTAL,NOT SPECIFIED,STATE,4.0,4,AZ,ARIZONA,,,,,,,,0,,,9000,UNITED STATES,ARIZONA,2026,WEEKLY,20,20,WEEK #20,2026-05-17,2026-05-18 16:00:00.000,16,,condition_current_fair,STATE
SURVEY,CROPS,FIELD CROPS,COTTON,UPLAND,ALL PRODUCTION PRACTICES,ALL UTILIZATION PRACTICES,CONDITION,PCT FAIR,"COTTON, UPLAND - CONDITION, MEASURED IN PCT FAIR",TOTAL,NOT SPECIFIED,STATE,4.0,4,AZ,ARIZONA,,,,,,,,0,,,9000,UNITED STATES,ARIZONA,2026,WEEKLY,21,21,WEEK #21,2026-05-24,2026-05-26 16:00:00.000,7,,condition_current_fair,STATE
SURVEY,CROPS,FIELD CROPS,COTTON,UPLAND,ALL PRODUCTION PRACTICES,ALL UTILIZATION PRACTICES,CONDITION,PCT FAIR,"COTTON, UPLAND - CONDITION, MEASURED IN PCT FAIR",TOTAL,NOT SPECIFIED,STATE,4.0,4,AZ,ARIZONA,,,,,,,,0,,,9000,UNITED STATES,ARIZONA,2026,WEEKLY,22,22,WEEK #22,2026-05-31,2026-06-01 16:00:00.000,8,,condition_current_fair,STATE
SURVEY,CROPS,FIELD CROPS,COTTON,UPLAND,ALL PRODUCTION PRACTICES,ALL UTILIZATION PRACTICES,CONDITION,PCT FAIR,"COTTON, UPLAND - CONDITION, MEASURED IN PCT FAIR",TOTAL,NOT SPECIFIED,STATE,5.0,5,AR,ARKANSAS,,,,,,,,0,,,9000,UNITED STATES,ARKANSAS,2026,WEEKLY,22,22,WEEK #22,2026-05-31,2026-06-01 16:00:00.000,23,,condition_current_fair,STATE
SURVEY,CROPS,FIELD CROPS,COTTON,UPLAND,ALL PRODUCTION PRACTICES,ALL UTILIZATION PRACTICES,CONDITION,PCT FAIR,"COTTON, UPLAND - CONDITION, MEASURED IN PCT FAIR",TOTAL,NOT SPECIFIED,STATE,12.0,12,FL,FLORIDA,,,,,,,,0,,,9000,UNITED STATES,FLORIDA,2026,WEEKLY,21,21,WEEK #21,2026-05-24,2026-05-26 16:00:00.000,57,,condition_current_fair,STATE
SURVEY,CROPS,FIELD CROPS,COTTON,UPLAND,ALL PRODUCTION PRACTICES,ALL UTILIZATION PRACTICES,CONDITION,PCT FAIR,"COTTON, UPLAND - CONDITION, MEASURED IN PCT FAIR",TOTAL,NOT SPECIFIED,STATE,12.0,12,FL,FLORIDA,,,,,,,,0,,,9000,UNITED STATES,FLORIDA,2026,WEEKLY,22,22,WEEK #22,2026-05-31,2026-06-01 16:00:00.000,55,,condition_current_fair,STATE
SURVEY,CROPS,FIELD CROPS,COTTON,UPLAND,ALL PRODUCTION PRACTICES,ALL UTILIZATION PRACTICES,CONDITION,PCT FAIR,"COTTON, UPLAND - CONDITION, MEASURED IN PCT FAIR",TOTAL,NOT SPECIFIED,STATE,13.0,13,GA,GEORGIA,,,,,,,,0,,,9000,UNITED STATES,GEORGIA,2026,WEEKLY,22,22,WEEK #22,2026-05-31,2026-06-01 16:00:00.000,42,,condition_current_fair,STATE
SURVEY,CROPS,FIELD CROPS,COTTON,UPLAND,ALL PRODUCTION PRACTICES,ALL UTILIZATION PRACTICES,CONDITION,PCT FAIR,"COTTON, UPLAND - CONDITION, MEASURED IN PCT FAIR",TOTAL,NOT SPECIFIED,STATE,28.0,28,MS,MISSISSIPPI,,,,,,,,0,,,9000,UNITED STATES,MISSISSIPPI,2026,WEEKLY,22,22,WEEK #22,2026-05-31,2026-06-01 16:00:00.000,46,,condition_current_fair,STATE
SURVEY,CROPS,FIELD CROPS,COTTON,UPLAND,ALL PRODUCTION PRACTICES,ALL UTILIZATION PRACTICES,CONDITION,PCT FAIR,"COTTON, UPLAND - CONDITION, MEASURED IN PCT FAIR",TOTAL,NOT SPECIFIED,STATE,29.0,29,MO,MISSOURI,,,,,,,,0,,,9000,UNITED STATES,MISSOURI,2026,WEEKLY,21,21,WEEK #21,2026-05-24,2026-05-26 16:00:00.000,18,,condition_current_fair,STATE
SURVEY,CROPS,FIELD CROPS,COTTON,UPLAND,ALL PRODUCTION PRACTICES,ALL UTILIZATION PRACTICES,CONDITION,PCT FAIR,"COTTON, UPLAND - CONDITION, MEASURED IN PCT FAIR",TOTAL,NOT SPECIFIED,STATE,29.0,29,MO,MISSOURI,,,,,,,,0,,,9000,UNITED STATES,MISSOURI,2026,WEEKLY,22,22,WEEK #22,2026-05-31,2026-06-01 16:00:00.000,15,,condition_current_fair,STATE
SURVEY,CROPS,FIELD CROPS,COTTON,UPLAND,ALL PRODUCTION PRACTICES,ALL UTILIZATION PRACTICES,CONDITION,PCT FAIR,"COTTON, UPLAND - CONDITION, MEASURED IN PCT FAIR",TOTAL,NOT SPECIFIED,STATE,35.0,35,NM,NEW MEXICO,,,,,,,,0,,,9000,UNITED STATES,NEW MEXICO,2026,WEEKLY,1,1,WEEK #01,2026-01-04,2026-01-05 16:00:00.000,14,,condition_current_fair,STATE
SURVEY,CROPS,FIELD CROPS,COTTON,UPLAND,ALL PRODUCTION PRACTICES,ALL UTILIZATION PRACTICES,CONDITION,PCT FAIR,"COTTON, UPLAND - CONDITION, MEASURED IN PCT FAIR",TOTAL,NOT SPECIFIED,STATE,35.0,35,NM,NEW MEXICO,,,,,,,,0,,,9000,UNITED STATES,NEW MEXICO,2026,WEEKLY,22,22,WEEK #22,2026-05-31,2026-06-01 16:00:00.000,96,,condition_current_fair,STATE
SURVEY,CROPS,FIELD CROPS,COTTON,UPLAND,ALL PRODUCTION PRACTICES,ALL UTILIZATION PRACTICES,CONDITION,PCT FAIR,"COTTON, UPLAND - CONDITION, MEASURED IN PCT FAIR",TOTAL,NOT SPECIFIED,STATE,37.0,37,NC,NORTH CAROLINA,,,,,,,,0,,,9000,UNITED STATES,NORTH CAROLINA,2026,WEEKLY,21,21,WEEK #21,2026-05-24,2026-05-26 16:00:00.000,27,,condition_current_fair,STATE
SURVEY,CROPS,FIELD CROPS,COTTON,UPLAND,ALL PRODUCTION PRACTICES,ALL UTILIZATION PRACTICES,CONDITION,PCT FAIR,"COTTON, UPLAND - CONDITION, MEASURED IN PCT FAIR",TOTAL,NOT SPECIFIED,STATE,37.0,37,NC,NORTH CAROLINA,,,,,,,,0,,,9000,UNITED STATES,NORTH CAROLINA,2026,WEEKLY,22,22,WEEK #22,2026-05-31,2026-06-01 16:00:00.000,36,,condition_current_fair,STATE
SURVEY,CROPS,FIELD CROPS,COTTON,UPLAND,ALL PRODUCTION PRACTICES,ALL UTILIZATION PRACTICES,CONDITION,PCT FAIR,"COTTON, UPLAND - CONDITION, MEASURED IN PCT FAIR",TOTAL,NOT SPECIFIED,STATE,45.0,45,SC,SOUTH CAROLINA,,,,,,,,0,,,9000,UNITED STATES,SOUTH CAROLINA,2026,WEEKLY,22,22,WEEK #22,2026-05-31,2026-06-01 16:00:00.000,24,,condition_current_fair,STATE
SURVEY,CROPS,FIELD CROPS,COTTON,UPLAND,ALL PRODUCTION PRACTICES,ALL UTILIZATION PRACTICES,CONDITION,PCT FAIR,"COTTON, UPLAND - CONDITION, MEASURED IN PCT FAIR",TOTAL,NOT SPECIFIED,STATE,47.0,47,TN,TENNESSEE,,,,,,,,0,,,9000,UNITED STATES,TENNESSEE,2026,WEEKLY,21,21,WEEK #21,2026-05-24,2026-05-26 16:00:00.000,26,,condition_current_fair,STATE
SURVEY,CROPS,FIELD CROPS,COTTON,UPLAND,ALL PRODUCTION PRACTICES,ALL UTILIZATION PRACTICES,CONDITION,PCT FAIR,"COTTON, UPLAND - CONDITION, MEASURED IN PCT FAIR",TOTAL,NOT SPECIFIED,STATE,47.0,47,TN,TENNESSEE,,,,,,,,0,,,9000,UNITED STATES,TENNESSEE,2026,WEEKLY,22,22,WEEK #22,2026-05-31,2026-06-01 16:00:00.000,27,,condition_current_fair,STATE
SURVEY,CROPS,FIELD CROPS,COTTON,UPLAND,ALL PRODUCTION PRACTICES,ALL UTILIZATION PRACTICES,CONDITION,PCT FAIR,"COTTON, UPLAND - CONDITION, MEASURED IN PCT FAIR",TOTAL,NOT SPECIFIED,STATE,51.0,51,VA,VIRGINIA,,,,,,,,0,,,9000,UNITED STATES,VIRGINIA,2026,WEEKLY,22,22,WEEK #22,2026-05-31,2026-06-01 16:00:00.000,17,,condition_current_fair,STATE
SURVEY,CROPS,FIELD CROPS,COTTON,UPLAND,ALL PRODUCTION PRACTICES,ALL UTILIZATION PRACTICES,CONDITION,PCT GOOD,"COTTON, UPLAND - CONDITION, MEASURED IN PCT GOOD",TOTAL,NOT SPECIFIED,STATE,1.0,1,AL,ALABAMA,,,,,,,,0,,,9000,UNITED STATES,ALABAMA,2026,WEEKLY,21,21,WEEK #21,2026-05-24,2026-05-26 16:00:00.000,66,,condition_current_good,STATE
SURVEY,CROPS,FIELD CROPS,COTTON,UPLAND,ALL PRODUCTION PRACTICES,ALL UTILIZATION PRACTICES,CONDITION,PCT GOOD,"COTTON, UPLAND - CONDITION, MEASURED IN PCT GOOD",TOTAL,NOT SPECIFIED,STATE,1.0,1,AL,ALABAMA,,,,,,,,0,,,9000,UNITED STATES,ALABAMA,2026,WEEKLY,22,22,WEEK #22,2026-05-31,2026-06-01 16:00:00.000,74,,condition_current_good,STATE
SURVEY,CROPS,FIELD CROPS,COTTON,UPLAND,ALL PRODUCTION PRACTICES,ALL UTILIZATION PRACTICES,CONDITION,PCT GOOD,"COTTON, UPLAND - CONDITION, MEASURED IN PCT GOOD",TOTAL,NOT SPECIFIED,STATE,4.0,4,AZ,ARIZONA,,,,,,,,0,,,9000,UNITED STATES,ARIZONA,2026,WEEKLY,18,18,WEEK #18,2026-05-03,2026-05-04 16:00:00.000,26,,condition_current_good,STATE
SURVEY,CROPS,FIELD CROPS,COTTON,UPLAND,ALL PRODUCTION PRACTICES,ALL UTILIZATION PRACTICES,CONDITION,PCT GOOD,"COTTON, UPLAND - CONDITION, MEASURED IN PCT GOOD",TOTAL,NOT SPECIFIED,STATE,4.0,4,AZ,ARIZONA,,,,,,,,0,,,9000,UNITED STATES,ARIZONA,2026,WEEKLY,19,19,WEEK #19,2026-05-10,2026-05-11 16:00:00.000,29,,condition_current_good,STATE
SURVEY,CROPS,FIELD CROPS,COTTON,UPLAND,ALL PRODUCTION PRACTICES,ALL UTILIZATION PRACTICES,CONDITION,PCT GOOD,"COTTON, UPLAND - CONDITION, MEASURED IN PCT GOOD",TOTAL,NOT SPECIFIED,STATE,4.0,4,AZ,ARIZONA,,,,,,,,0,,,9000,UNITED STATES,ARIZONA,2026,WEEKLY,20,20,WEEK #20,2026-05-17,2026-05-18 16:00:00.000,20,,condition_current_good,STATE
SURVEY,CROPS,FIELD CROPS,COTTON,UPLAND,ALL PRODUCTION PRACTICES,ALL UTILIZATION PRACTICES,CONDITION,PCT GOOD,"COTTON, UPLAND - CONDITION, MEASURED IN PCT GOOD",TOTAL,NOT SPECIFIED,STATE,4.0,4,AZ,ARIZONA,,,,,,,,0,,,9000,UNITED STATES,ARIZONA,2026,WEEKLY,21,21,WEEK #21,2026-05-24,2026-05-26 16:00:00.000,29,,condition_current_good,STATE
SURVEY,CROPS,FIELD CROPS,COTTON,UPLAND,ALL PRODUCTION PRACTICES,ALL UTILIZATION PRACTICES,CONDITION,PCT GOOD,"COTTON, UPLAND - CONDITION, MEASURED IN PCT GOOD",TOTAL,NOT SPECIFIED,STATE,4.0,4,AZ,ARIZONA,,,,,,,,0,,,9000,UNITED STATES,ARIZONA,2026,WEEKLY,22,22,WEEK #22,2026-05-31,2026-06-01 16:00:00.000,37,,condition_current_good,STATE
SURVEY,CROPS,FIELD CROPS,COTTON,UPLAND,ALL PRODUCTION PRACTICES,ALL UTILIZATION PRACTICES,CONDITION,PCT GOOD,"COTTON, UPLAND - CONDITION, MEASURED IN PCT GOOD",TOTAL,NOT SPECIFIED,STATE,5.0,5,AR,ARKANSAS,,,,,,,,0,,,9000,UNITED STATES,ARKANSAS,2026,WEEKLY,22,22,WEEK #22,2026-05-31,2026-06-01 16:00:00.000,55,,condition_current_good,STATE
SURVEY,CROPS,FIELD CROPS,COTTON,UPLAND,ALL PRODUCTION PRACTICES,ALL UTILIZATION PRACTICES,CONDITION,PCT GOOD,"COTTON, UPLAND - CONDITION, MEASURED IN PCT GOOD",TOTAL,NOT SPECIFIED,STATE,12.0,12,FL,FLORIDA,,,,,,,,0,,,9000,UNITED STATES,FLORIDA,2026,WEEKLY,21,21,WEEK #21,2026-05-24,2026-05-26 16:00:00.000,35,,condition_current_good,STATE
SURVEY,CROPS,FIELD CROPS,COTTON,UPLAND,ALL PRODUCTION PRACTICES,ALL UTILIZATION PRACTICES,CONDITION,PCT GOOD,"COTTON, UPLAND - CONDITION, MEASURED IN PCT GOOD",TOTAL,NOT SPECIFIED,STATE,12.0,12,FL,FLORIDA,,,,,,,,0,,,9000,UNITED STATES,FLORIDA,2026,WEEKLY,22,22,WEEK #22,2026-05-31,2026-06-01 16:00:00.000,34,,condition_current_good,STATE
SURVEY,CROPS,FIELD CROPS,COTTON,UPLAND,ALL PRODUCTION PRACTICES,ALL UTILIZATION PRACTICES,CONDITION,PCT GOOD,"COTTON, UPLAND - CONDITION, MEASURED IN PCT GOOD",TOTAL,NOT SPECIFIED,STATE,13.0,13,GA,GEORGIA,,,,,,,,0,,,9000,UNITED STATES,GEORGIA,2026,WEEKLY,22,22,WEEK #22,2026-05-31,2026-06-01 16:00:00.000,43,,condition_current_good,STATE
SURVEY,CROPS,FIELD CROPS,COTTON,UPLAND,ALL PRODUCTION PRACTICES,ALL UTILIZATION PRACTICES,CONDITION,PCT GOOD,"COTTON, UPLAND - CONDITION, MEASURED IN PCT GOOD",TOTAL,NOT SPECIFIED,STATE,28.0,28,MS,MISSISSIPPI,,,,,,,,0,,,9000,UNITED STATES,MISSISSIPPI,2026,WEEKLY,22,22,WEEK #22,2026-05-31,2026-06-01 16:00:00.000,41,,condition_current_good,STATE
SURVEY,CROPS,FIELD CROPS,COTTON,UPLAND,ALL PRODUCTION PRACTICES,ALL UTILIZATION PRACTICES,CONDITION,PCT GOOD,"COTTON, UPLAND - CONDITION, MEASURED IN PCT GOOD",TOTAL,NOT SPECIFIED,STATE,29.0,29,MO,MISSOURI,,,,,,,,0,,,9000,UNITED STATES,MISSOURI,2026,WEEKLY,21,21,WEEK #21,2026-05-24,2026-05-26 16:00:00.000,82,,condition_current_good,STATE
SURVEY,CROPS,FIELD CROPS,COTTON,UPLAND,ALL PRODUCTION PRACTICES,ALL UTILIZATION PRACTICES,CONDITION,PCT GOOD,"COTTON, UPLAND - CONDITION, MEASURED IN PCT GOOD",TOTAL,NOT SPECIFIED,STATE,29.0,29,MO,MISSOURI,,,,,,,,0,,,9000,UNITED STATES,MISSOURI,2026,WEEKLY,22,22,WEEK #22,2026-05-31,2026-06-01 16:00:00.000,85,,condition_current_good,STATE
SURVEY,CROPS,FIELD CROPS,COTTON,UPLAND,ALL PRODUCTION PRACTICES,ALL UTILIZATION PRACTICES,CONDITION,PCT GOOD,"COTTON, UPLAND - CONDITION, MEASURED IN PCT GOOD",TOTAL,NOT SPECIFIED,STATE,35.0,35,NM,NEW MEXICO,,,,,,,,0,,,9000,UNITED STATES,NEW MEXICO,2026,WEEKLY,1,1,WEEK #01,2026-01-04,2026-01-05 16:00:00.000,29,,condition_current_good,STATE
SURVEY,CROPS,FIELD CROPS,COTTON,UPLAND,ALL PRODUCTION PRACTICES,ALL UTILIZATION PRACTICES,CONDITION,PCT GOOD,"COTTON, UPLAND - CONDITION, MEASURED IN PCT GOOD",TOTAL,NOT SPECIFIED,STATE,35.0,35,NM,NEW MEXICO,,,,,,,,0,,,9000,UNITED STATES,NEW MEXICO,2026,WEEKLY,22,22,WEEK #22,2026-05-31,2026-06-01 16:00:00.000,1,,condition_current_good,STATE
SURVEY,CROPS,FIELD CROPS,COTTON,UPLAND,ALL PRODUCTION PRACTICES,ALL UTILIZATION PRACTICES,CONDITION,PCT GOOD,"COTTON, UPLAND - CONDITION, MEASURED IN PCT GOOD",TOTAL,NOT SPECIFIED,STATE,37.0,37,NC,NORTH CAROLINA,,,,,,,,0,,,9000,UNITED STATES,NORTH CAROLINA,2026,WEEKLY,21,21,WEEK #21,2026-05-24,2026-05-26 16:00:00.000,55,,condition_current_good,STATE
SURVEY,CROPS,FIELD CROPS,COTTON,UPLAND,ALL PRODUCTION PRACTICES,ALL UTILIZATION PRACTICES,CONDITION,PCT GOOD,"COTTON, UPLAND - CONDITION, MEASURED IN PCT GOOD",TOTAL,NOT SPECIFIED,STATE,37.0,37,NC,NORTH CAROLINA,,,,,,,,0,,,9000,UNITED STATES,NORTH CAROLINA,2026,WEEKLY,22,22,WEEK #22,2026-05-31,2026-06-01 16:00:00.000,46,,condition_current_good,STATE
SURVEY,CROPS,FIELD CROPS,COTTON,UPLAND,ALL PRODUCTION PRACTICES,ALL UTILIZATION PRACTICES,CONDITION,PCT GOOD,"COTTON, UPLAND - CONDITION, MEASURED IN PCT GOOD",TOTAL,NOT SPECIFIED,STATE,45.0,45,SC,SOUTH CAROLINA,,,,,,,,0,,,9000,UNITED STATES,SOUTH CAROLINA,2026,WEEKLY,22,22,WEEK #22,2026-05-31,2026-06-01 16:00:00.000,75,,condition_current_good,STATE
SURVEY,CROPS,FIELD CROPS,COTTON,UPLAND,ALL PRODUCTION PRACTICES,ALL UTILIZATION PRACTICES,CONDITION,PCT GOOD,"COTTON, UPLAND - CONDITION, MEASURED IN PCT GOOD",TOTAL,NOT SPECIFIED,STATE,47.0,47,TN,TENNESSEE,,,,,,,,0,,,9000,UNITED STATES,TENNESSEE,2026,WEEKLY,21,21,WEEK #21,2026-05-24,2026-05-26 16:00:00.000,54,,condition_current_good,STATE
SURVEY,CROPS,FIELD CROPS,COTTON,UPLAND,ALL PRODUCTION PRACTICES,ALL UTILIZATION PRACTICES,CONDITION,PCT GOOD,"COTTON, UPLAND - CONDITION, MEASURED IN PCT GOOD",TOTAL,NOT SPECIFIED,STATE,47.0,47,TN,TENNESSEE,,,,,,,,0,,,9000,UNITED STATES,TENNESSEE,2026,WEEKLY,22,22,WEEK #22,2026-05-31,2026-06-01 16:00:00.000,53,,condition_current_good,STATE
SURVEY,CROPS,FIELD CROPS,COTTON,UPLAND,ALL PRODUCTION PRACTICES,ALL UTILIZATION PRACTICES,CONDITION,PCT GOOD,"COTTON, UPLAND - CONDITION, MEASURED IN PCT GOOD",TOTAL,NOT SPECIFIED,STATE,51.0,51,VA,VIRGINIA,,,,,,,,0,,,9000,UNITED STATES,VIRGINIA,2026,WEEKLY,22,22,WEEK #22,2026-05-31,2026-06-01 16:00:00.000,79,,condition_current_good,STATE
SURVEY,CROPS,FIELD CROPS,COTTON,UPLAND,ALL PRODUCTION PRACTICES,ALL UTILIZATION PRACTICES,CONDITION,PCT POOR,"COTTON, UPLAND - CONDITION, MEASURED IN PCT POOR",TOTAL,NOT SPECIFIED,STATE,1.0,1,AL,ALABAMA,,,,,,,,0,,,9000,UNITED STATES,ALABAMA,2026,WEEKLY,21,21,WEEK #21,2026-05-24,2026-05-26 16:00:00.000,3,,condition_current_poor,STATE
SURVEY,CROPS,FIELD CROPS,COTTON,UPLAND,ALL PRODUCTION PRACTICES,ALL UTILIZATION PRACTICES,CONDITION,PCT POOR,"COTTON, UPLAND - CONDITION, MEASURED IN PCT POOR",TOTAL,NOT SPECIFIED,STATE,1.0,1,AL,ALABAMA,,,,,,,,0,,,9000,UNITED STATES,ALABAMA,2026,WEEKLY,22,22,WEEK #22,2026-05-31,2026-06-01 16:00:00.000,3,,condition_current_poor,STATE
SURVEY,CROPS,FIELD CROPS,COTTON,UPLAND,ALL PRODUCTION PRACTICES,ALL UTILIZATION PRACTICES,CONDITION,PCT POOR,"COTTON, UPLAND - CONDITION, MEASURED IN PCT POOR",TOTAL,NOT SPECIFIED,STATE,4.0,4,AZ,ARIZONA,,,,,,,,0,,,9000,UNITED STATES,ARIZONA,2026,WEEKLY,18,18,WEEK #18,2026-05-03,2026-05-04 16:00:00.000,0,,condition_current_poor,STATE
SURVEY,CROPS,FIELD CROPS,COTTON,UPLAND,ALL PRODUCTION PRACTICES,ALL UTILIZATION PRACTICES,CONDITION,PCT POOR,"COTTON, UPLAND - CONDITION, MEASURED IN PCT POOR",TOTAL,NOT SPECIFIED,STATE,4.0,4,AZ,ARIZONA,,,,,,,,0,,,9000,UNITED STATES,ARIZONA,2026,WEEKLY,19,19,WEEK #19,2026-05-10,2026-05-11 16:00:00.000,1,,condition_current_poor,STATE
SURVEY,CROPS,FIELD CROPS,COTTON,UPLAND,ALL PRODUCTION PRACTICES,ALL UTILIZATION PRACTICES,CONDITION,PCT POOR,"COTTON, UPLAND - CONDITION, MEASURED IN PCT POOR",TOTAL,NOT SPECIFIED,STATE,4.0,4,AZ,ARIZONA,,,,,,,,0,,,9000,UNITED STATES,ARIZONA,2026,WEEKLY,20,20,WEEK #20,2026-05-17,2026-05-18 16:00:00.000,10,,condition_current_poor,STATE
SURVEY,CROPS,FIELD CROPS,COTTON,UPLAND,ALL PRODUCTION PRACTICES,ALL UTILIZATION PRACTICES,CONDITION,PCT POOR,"COTTON, UPLAND - CONDITION, MEASURED IN PCT POOR",TOTAL,NOT SPECIFIED,STATE,4.0,4,AZ,ARIZONA,,,,,,,,0,,,9000,UNITED STATES,ARIZONA,2026,WEEKLY,21,21,WEEK #21,2026-05-24,2026-05-26 16:00:00.000,1,,condition_current_poor,STATE
SURVEY,CROPS,FIELD CROPS,COTTON,UPLAND,ALL PRODUCTION PRACTICES,ALL UTILIZATION PRACTICES,CONDITION,PCT POOR,"COTTON, UPLAND - CONDITION, MEASURED IN PCT POOR",TOTAL,NOT SPECIFIED,STATE,4.0,4,AZ,ARIZONA,,,,,,,,0,,,9000,UNITED STATES,ARIZONA,2026,WEEKLY,22,22,WEEK #22,2026-05-31,2026-06-01 16:00:00.000,2,,condition_current_poor,STATE
SURVEY,CROPS,FIELD CROPS,COTTON,UPLAND,ALL PRODUCTION PRACTICES,ALL UTILIZATION PRACTICES,CONDITION,PCT POOR,"COTTON, UPLAND - CONDITION, MEASURED IN PCT POOR",TOTAL,NOT SPECIFIED,STATE,5.0,5,AR,ARKANSAS,,,,,,,,0,,,9000,UNITED STATES,ARKANSAS,2026,WEEKLY,22,22,WEEK #22,2026-05-31,2026-06-01 16:00:00.000,2,,condition_current_poor,STATE
SURVEY,CROPS,FIELD CROPS,COTTON,UPLAND,ALL PRODUCTION PRACTICES,ALL UTILIZATION PRACTICES,CONDITION,PCT POOR,"COTTON, UPLAND - CONDITION, MEASURED IN PCT POOR",TOTAL,NOT SPECIFIED,STATE,12.0,12,FL,FLORIDA,,,,,,,,0,,,9000,UNITED STATES,FLORIDA,2026,WEEKLY,21,21,WEEK #21,2026-05-24,2026-05-26 16:00:00.000,7,,condition_current_poor,STATE
SURVEY,CROPS,FIELD CROPS,COTTON,UPLAND,ALL PRODUCTION PRACTICES,ALL UTILIZATION PRACTICES,CONDITION,PCT POOR,"COTTON, UPLAND - CONDITION, MEASURED IN PCT POOR",TOTAL,NOT SPECIFIED,STATE,12.0,12,FL,FLORIDA,,,,,,,,0,,,9000,UNITED STATES,FLORIDA,2026,WEEKLY,22,22,WEEK #22,2026-05-31,2026-06-01 16:00:00.000,7,,condition_current_poor,STATE
SURVEY,CROPS,FIELD CROPS,COTTON,UPLAND,ALL PRODUCTION PRACTICES,ALL UTILIZATION PRACTICES,CONDITION,PCT POOR,"COTTON, UPLAND - CONDITION, MEASURED IN PCT POOR",TOTAL,NOT SPECIFIED,STATE,13.0,13,GA,GEORGIA,,,,,,,,0,,,9000,UNITED STATES,GEORGIA,2026,WEEKLY,22,22,WEEK #22,2026-05-31,2026-06-01 16:00:00.000,6,,condition_current_poor,STATE
SURVEY,CROPS,FIELD CROPS,COTTON,UPLAND,ALL PRODUCTION PRACTICES,ALL UTILIZATION PRACTICES,CONDITION,PCT POOR,"COTTON, UPLAND - CONDITION, MEASURED IN PCT POOR",TOTAL,NOT SPECIFIED,STATE,28.0,28,MS,MISSISSIPPI,,,,,,,,0,,,9000,UNITED STATES,MISSISSIPPI,2026,WEEKLY,22,22,WEEK #22,2026-05-31,2026-06-01 16:00:00.000,5,,condition_current_poor,STATE
SURVEY,CROPS,FIELD CROPS,COTTON,UPLAND,ALL PRODUCTION PRACTICES,ALL UTILIZATION PRACTICES,CONDITION,PCT POOR,"COTTON, UPLAND - CONDITION, MEASURED IN PCT POOR",TOTAL,NOT SPECIFIED,STATE,29.0,29,MO,MISSOURI,,,,,,,,0,,,9000,UNITED STATES,MISSOURI,2026,WEEKLY,21,21,WEEK #21,2026-05-24,2026-05-26 16:00:00.000,0,,condition_current_poor,STATE
SURVEY,CROPS,FIELD CROPS,COTTON,UPLAND,ALL PRODUCTION PRACTICES,ALL UTILIZATION PRACTICES,CONDITION,PCT POOR,"COTTON, UPLAND - CONDITION, MEASURED IN PCT POOR",TOTAL,NOT SPECIFIED,STATE,29.0,29,MO,MISSOURI,,,,,,,,0,,,9000,UNITED STATES,MISSOURI,2026,WEEKLY,22,22,WEEK #22,2026-05-31,2026-06-01 16:00:00.000,0,,condition_current_poor,STATE
SURVEY,CROPS,FIELD CROPS,COTTON,UPLAND,ALL PRODUCTION PRACTICES,ALL UTILIZATION PRACTICES,CONDITION,PCT POOR,"COTTON, UPLAND - CONDITION, MEASURED IN PCT POOR",TOTAL,NOT SPECIFIED,STATE,35.0,35,NM,NEW MEXICO,,,,,,,,0,,,9000,UNITED STATES,NEW MEXICO,2026,WEEKLY,1,1,WEEK #01,2026-01-04,2026-01-05 16:00:00.000,0,,condition_current_poor,STATE
SURVEY,CROPS,FIELD CROPS,COTTON,UPLAND,ALL PRODUCTION PRACTICES,ALL UTILIZATION PRACTICES,CONDITION,PCT POOR,"COTTON, UPLAND - CONDITION, MEASURED IN PCT POOR",TOTAL,NOT SPECIFIED,STATE,35.0,35,NM,NEW MEXICO,,,,,,,,0,,,9000,UNITED STATES,NEW MEXICO,2026,WEEKLY,22,22,WEEK #22,2026-05-31,2026-06-01 16:00:00.000,0,,condition_current_poor,STATE
SURVEY,CROPS,FIELD CROPS,COTTON,UPLAND,ALL PRODUCTION PRACTICES,ALL UTILIZATION PRACTICES,CONDITION,PCT POOR,"COTTON, UPLAND - CONDITION, MEASURED IN PCT POOR",TOTAL,NOT SPECIFIED,STATE,37.0,37,NC,NORTH CAROLINA,,,,,,,,0,,,9000,UNITED STATES,NORTH CAROLINA,2026,WEEKLY,21,21,WEEK #21,2026-05-24,2026-05-26 16:00:00.000,4,,condition_current_poor,STATE
SURVEY,CROPS,FIELD CROPS,COTTON,UPLAND,ALL PRODUCTION PRACTICES,ALL UTILIZATION PRACTICES,CONDITION,PCT POOR,"COTTON, UPLAND - CONDITION, MEASURED IN PCT POOR",TOTAL,NOT SPECIFIED,STATE,37.0,37,NC,NORTH CAROLINA,,,,,,,,0,,,9000,UNITED STATES,NORTH CAROLINA,2026,WEEKLY,22,22,WEEK #22,2026-05-31,2026-06-01 16:00:00.000,4,,condition_current_poor,STATE
SURVEY,CROPS,FIELD CROPS,COTTON,UPLAND,ALL PRODUCTION PRACTICES,ALL UTILIZATION PRACTICES,CONDITION,PCT POOR,"COTTON, UPLAND - CONDITION, MEASURED IN PCT POOR",TOTAL,NOT SPECIFIED,STATE,45.0,45,SC,SOUTH CAROLINA,,,,,,,,0,,,9000,UNITED STATES,SOUTH CAROLINA,2026,WEEKLY,22,22,WEEK #22,2026-05-31,2026-06-01 16:00:00.000,1,,condition_current_poor,STATE
SURVEY,CROPS,FIELD CROPS,COTTON,UPLAND,ALL PRODUCTION PRACTICES,ALL UTILIZATION PRACTICES,CONDITION,PCT POOR,"COTTON, UPLAND - CONDITION, MEASURED IN PCT POOR",TOTAL,NOT SPECIFIED,STATE,47.0,47,TN,TENNESSEE,,,,,,,,0,,,9000,UNITED STATES,TENNESSEE,2026,WEEKLY,21,21,WEEK #21,2026-05-24,2026-05-26 16:00:00.000,9,,condition_current_poor,STATE
SURVEY,CROPS,FIELD CROPS,COTTON,UPLAND,ALL PRODUCTION PRACTICES,ALL UTILIZATION PRACTICES,CONDITION,PCT POOR,"COTTON, UPLAND - CONDITION, MEASURED IN PCT POOR",TOTAL,NOT SPECIFIED,STATE,47.0,47,TN,TENNESSEE,,,,,,,,0,,,9000,UNITED STATES,TENNESSEE,2026,WEEKLY,22,22,WEEK #22,2026-05-31,2026-06-01 16:00:00.000,13,,condition_current_poor,STATE
SURVEY,CROPS,FIELD CROPS,COTTON,UPLAND,ALL PRODUCTION PRACTICES,ALL UTILIZATION PRACTICES,CONDITION,PCT POOR,"COTTON, UPLAND - CONDITION, MEASURED IN PCT POOR",TOTAL,NOT SPECIFIED,STATE,51.0,51,VA,VIRGINIA,,,,,,,,0,,,9000,UNITED STATES,VIRGINIA,2026,WEEKLY,22,22,WEEK #22,2026-05-31,2026-06-01 16:00:00.000,4,,condition_current_poor,STATE
SURVEY,CROPS,FIELD CROPS,COTTON,UPLAND,ALL PRODUCTION PRACTICES,ALL UTILIZATION PRACTICES,CONDITION,PCT VERY POOR,"COTTON, UPLAND - CONDITION, MEASURED IN PCT VERY POOR",TOTAL,NOT SPECIFIED,STATE,1.0,1,AL,ALABAMA,,,,,,,,0,,,9000,UNITED STATES,ALABAMA,2026,WEEKLY,21,21,WEEK #21,2026-05-24,2026-05-26 16:00:00.000,2,,condition_current_very_poor,STATE
SURVEY,CROPS,FIELD CROPS,COTTON,UPLAND,ALL PRODUCTION PRACTICES,ALL UTILIZATION PRACTICES,CONDITION,PCT VERY POOR,"COTTON, UPLAND - CONDITION, MEASURED IN PCT VERY POOR",TOTAL,NOT SPECIFIED,STATE,1.0,1,AL,ALABAMA,,,,,,,,0,,,9000,UNITED STATES,ALABAMA,2026,WEEKLY,22,22,WEEK #22,2026-05-31,2026-06-01 16:00:00.000,1,,condition_current_very_poor,STATE
SURVEY,CROPS,FIELD CROPS,COTTON,UPLAND,ALL PRODUCTION PRACTICES,ALL UTILIZATION PRACTICES,CONDITION,PCT VERY POOR,"COTTON, UPLAND - CONDITION, MEASURED IN PCT VERY POOR",TOTAL,NOT SPECIFIED,STATE,4.0,4,AZ,ARIZONA,,,,,,,,0,,,9000,UNITED STATES,ARIZONA,2026,WEEKLY,18,18,WEEK #18,2026-05-03,2026-05-04 16:00:00.000,0,,condition_current_very_poor,STATE
SURVEY,CROPS,FIELD CROPS,COTTON,UPLAND,ALL PRODUCTION PRACTICES,ALL UTILIZATION PRACTICES,CONDITION,PCT VERY POOR,"COTTON, UPLAND - CONDITION, MEASURED IN PCT VERY POOR",TOTAL,NOT SPECIFIED,STATE,4.0,4,AZ,ARIZONA,,,,,,,,0,,,9000,UNITED STATES,ARIZONA,2026,WEEKLY,19,19,WEEK #19,2026-05-10,2026-05-11 16:00:00.000,0,,condition_current_very_poor,STATE
SURVEY,CROPS,FIELD CROPS,COTTON,UPLAND,ALL PRODUCTION PRACTICES,ALL UTILIZATION PRACTICES,CONDITION,PCT VERY POOR,"COTTON, UPLAND - CONDITION, MEASURED IN PCT VERY POOR",TOTAL,NOT SPECIFIED,STATE,4.0,4,AZ,ARIZONA,,,,,,,,0,,,9000,UNITED STATES,ARIZONA,2026,WEEKLY,20,20,WEEK #20,2026-05-17,2026-05-18 16:00:00.000,0,,condition_current_very_poor,STATE
SURVEY,CROPS,FIELD CROPS,COTTON,UPLAND,ALL PRODUCTION PRACTICES,ALL UTILIZATION PRACTICES,CONDITION,PCT VERY POOR,"COTTON, UPLAND - CONDITION, MEASURED IN PCT VERY POOR",TOTAL,NOT SPECIFIED,STATE,4.0,4,AZ,ARIZONA,,,,,,,,0,,,9000,UNITED STATES,ARIZONA,2026,WEEKLY,21,21,WEEK #21,2026-05-24,2026-05-26 16:00:00.000,0,,condition_current_very_poor,STATE
SURVEY,CROPS,FIELD CROPS,COTTON,UPLAND,ALL PRODUCTION PRACTICES,ALL UTILIZATION PRACTICES,CONDITION,PCT VERY POOR,"COTTON, UPLAND - CONDITION, MEASURED IN PCT VERY POOR",TOTAL,NOT SPECIFIED,STATE,4.0,4,AZ,ARIZONA,,,,,,,,0,,,9000,UNITED STATES,ARIZONA,2026,WEEKLY,22,22,WEEK #22,2026-05-31,2026-06-01 16:00:00.000,0,,condition_current_very_poor,STATE
SURVEY,CROPS,FIELD CROPS,COTTON,UPLAND,ALL PRODUCTION PRACTICES,ALL UTILIZATION PRACTICES,CONDITION,PCT VERY POOR,"COTTON, UPLAND - CONDITION, MEASURED IN PCT VERY POOR",TOTAL,NOT SPECIFIED,STATE,5.0,5,AR,ARKANSAS,,,,,,,,0,,,9000,UNITED STATES,ARKANSAS,2026,WEEKLY,22,22,WEEK #22,2026-05-31,2026-06-01 16:00:00.000,1,,condition_current_very_poor,STATE
SURVEY,CROPS,FIELD CROPS,COTTON,UPLAND,ALL PRODUCTION PRACTICES,ALL UTILIZATION PRACTICES,CONDITION,PCT VERY POOR,"COTTON, UPLAND - CONDITION, MEASURED IN PCT VERY POOR",TOTAL,NOT SPECIFIED,STATE,12.0,12,FL,FLORIDA,,,,,,,,0,,,9000,UNITED STATES,FLORIDA,2026,WEEKLY,21,21,WEEK #21,2026-05-24,2026-05-26 16:00:00.000,1,,condition_current_very_poor,STATE
SURVEY,CROPS,FIELD CROPS,COTTON,UPLAND,ALL PRODUCTION PRACTICES,ALL UTILIZATION PRACTICES,CONDITION,PCT VERY POOR,"COTTON, UPLAND - CONDITION, MEASURED IN PCT VERY POOR",TOTAL,NOT SPECIFIED,STATE,12.0,12,FL,FLORIDA,,,,,,,,0,,,9000,UNITED STATES,FLORIDA,2026,WEEKLY,22,22,WEEK #22,2026-05-31,2026-06-01 16:00:00.000,3,,condition_current_very_poor,STATE
SURVEY,CROPS,FIELD CROPS,COTTON,UPLAND,ALL PRODUCTION PRACTICES,ALL UTILIZATION PRACTICES,CONDITION,PCT VERY POOR,"COTTON, UPLAND - CONDITION, MEASURED IN PCT VERY POOR",TOTAL,NOT SPECIFIED,STATE,13.0,13,GA,GEORGIA,,,,,,,,0,,,9000,UNITED STATES,GEORGIA,2026,WEEKLY,22,22,WEEK #22,2026-05-31,2026-06-01 16:00:00.000,4,,condition_current_very_poor,STATE
SURVEY,CROPS,FIELD CROPS,COTTON,UPLAND,ALL PRODUCTION PRACTICES,ALL UTILIZATION PRACTICES,CONDITION,PCT VERY POOR,"COTTON, UPLAND - CONDITION, MEASURED IN PCT VERY POOR",TOTAL,NOT SPECIFIED,STATE,28.0,28,MS,MISSISSIPPI,,,,,,,,0,,,9000,UNITED STATES,MISSISSIPPI,2026,WEEKLY,22,22,WEEK #22,2026-05-31,2026-06-01 16:00:00.000,0,,condition_current_very_poor,STATE
SURVEY,CROPS,FIELD CROPS,COTTON,UPLAND,ALL PRODUCTION PRACTICES,ALL UTILIZATION PRACTICES,CONDITION,PCT VERY POOR,"COTTON, UPLAND - CONDITION, MEASURED IN PCT VERY POOR",TOTAL,NOT SPECIFIED,STATE,29.0,29,MO,MISSOURI,,,,,,,,0,,,9000,UNITED STATES,MISSOURI,2026,WEEKLY,21,21,WEEK #21,2026-05-24,2026-05-26 16:00:00.000,0,,condition_current_very_poor,STATE
SURVEY,CROPS,FIELD CROPS,COTTON,UPLAND,ALL PRODUCTION PRACTICES,ALL UTILIZATION PRACTICES,CONDITION,PCT VERY POOR,"COTTON, UPLAND - CONDITION, MEASURED IN PCT VERY POOR",TOTAL,NOT SPECIFIED,STATE,29.0,29,MO,MISSOURI,,,,,,,,0,,,9000,UNITED STATES,MISSOURI,2026,WEEKLY,22,22,WEEK #22,2026-05-31,2026-06-01 16:00:00.000,0,,condition_current_very_poor,STATE
SURVEY,CROPS,FIELD CROPS,COTTON,UPLAND,ALL PRODUCTION PRACTICES,ALL UTILIZATION PRACTICES,CONDITION,PCT VERY POOR,"COTTON, UPLAND - CONDITION, MEASURED IN PCT VERY POOR",TOTAL,NOT SPECIFIED,STATE,35.0,35,NM,NEW MEXICO,,,,,,,,0,,,9000,UNITED STATES,NEW MEXICO,2026,WEEKLY,1,1,WEEK #01,2026-01-04,2026-01-05 16:00:00.000,0,,condition_current_very_poor,STATE
SURVEY,CROPS,FIELD CROPS,COTTON,UPLAND,ALL PRODUCTION PRACTICES,ALL UTILIZATION PRACTICES,CONDITION,PCT VERY POOR,"COTTON, UPLAND - CONDITION, MEASURED IN PCT VERY POOR",TOTAL,NOT SPECIFIED,STATE,35.0,35,NM,NEW MEXICO,,,,,,,,0,,,9000,UNITED STATES,NEW MEXICO,2026,WEEKLY,22,22,WEEK #22,2026-05-31,2026-06-01 16:00:00.000,0,,condition_current_very_poor,STATE
SURVEY,CROPS,FIELD CROPS,COTTON,UPLAND,ALL PRODUCTION PRACTICES,ALL UTILIZATION PRACTICES,CONDITION,PCT VERY POOR,"COTTON, UPLAND - CONDITION, MEASURED IN PCT VERY POOR",TOTAL,NOT SPECIFIED,STATE,37.0,37,NC,NORTH CAROLINA,,,,,,,,0,,,9000,UNITED STATES,NORTH CAROLINA,2026,WEEKLY,21,21,WEEK #21,2026-05-24,2026-05-26 16:00:00.000,0,,condition_current_very_poor,STATE
SURVEY,CROPS,FIELD CROPS,COTTON,UPLAND,ALL PRODUCTION PRACTICES,ALL UTILIZATION PRACTICES,CONDITION,PCT VERY POOR,"COTTON, UPLAND - CONDITION, MEASURED IN PCT VERY POOR",TOTAL,NOT SPECIFIED,STATE,37.0,37,NC,NORTH CAROLINA,,,,,,,,0,,,9000,UNITED STATES,NORTH CAROLINA,2026,WEEKLY,22,22,WEEK #22,2026-05-31,2026-06-01 16:00:00.000,0,,condition_current_very_poor,STATE
SURVEY,CROPS,FIELD CROPS,COTTON,UPLAND,ALL PRODUCTION PRACTICES,ALL UTILIZATION PRACTICES,CONDITION,PCT VERY POOR,"COTTON, UPLAND - CONDITION, MEASURED IN PCT VERY POOR",TOTAL,NOT SPECIFIED,STATE,45.0,45,SC,SOUTH CAROLINA,,,,,,,,0,,,9000,UNITED STATES,SOUTH CAROLINA,2026,WEEKLY,22,22,WEEK #22,2026-05-31,2026-06-01 16:00:00.000,0,,condition_current_very_poor,STATE
SURVEY,CROPS,FIELD CROPS,COTTON,UPLAND,ALL PRODUCTION PRACTICES,ALL UTILIZATION PRACTICES,CONDITION,PCT VERY POOR,"COTTON, UPLAND - CONDITION, MEASURED IN PCT VERY POOR",TOTAL,NOT SPECIFIED,STATE,47.0,47,TN,TENNESSEE,,,,,,,,0,,,9000,UNITED STATES,TENNESSEE,2026,WEEKLY,21,21,WEEK #21,2026-05-24,2026-05-26 16:00:00.000,4,,condition_current_very_poor,STATE
SURVEY,CROPS,FIELD CROPS,COTTON,UPLAND,ALL PRODUCTION PRACTICES,ALL UTILIZATION PRACTICES,CONDITION,PCT VERY POOR,"COTTON, UPLAND - CONDITION, MEASURED IN PCT VERY POOR",TOTAL,NOT SPECIFIED,STATE,47.0,47,TN,TENNESSEE,,,,,,,,0,,,9000,UNITED STATES,TENNESSEE,2026,WEEKLY,22,22,WEEK #22,2026-05-31,2026-06-01 16:00:00.000,4,,condition_current_very_poor,STATE
SURVEY,CROPS,FIELD CROPS,COTTON,UPLAND,ALL PRODUCTION PRACTICES,ALL UTILIZATION PRACTICES,CONDITION,PCT VERY POOR,"COTTON, UPLAND - CONDITION, MEASURED IN PCT VERY POOR",TOTAL,NOT SPECIFIED,STATE,51.0,51,VA,VIRGINIA,,,,,,,,0,,,9000,UNITED STATES,VIRGINIA,2026,WEEKLY,22,22,WEEK #22,2026-05-31,2026-06-01 16:00:00.000,0,,condition_current_very_poor,STATE
SURVEY,CROPS,FIELD CROPS,COTTON,UPLAND,ALL PRODUCTION PRACTICES,ALL UTILIZATION PRACTICES,"CONDITION, 5 YEAR AVG",PCT EXCELLENT,"COTTON, UPLAND - CONDITION, 5 YEAR AVG, MEASURED IN PCT EXCELLENT",TOTAL,NOT SPECIFIED,STATE,1.0,1,AL,ALABAMA,,,,,,,,0,,,9000,UNITED STATES,ALABAMA,2026,WEEKLY,21,21,WEEK #21,2026-05-24,2026-05-26 16:00:00.000,3,,condition_5yr_excellent,STATE
SURVEY,CROPS,FIELD CROPS,COTTON,UPLAND,ALL PRODUCTION PRACTICES,ALL UTILIZATION PRACTICES,"CONDITION, 5 YEAR AVG",PCT EXCELLENT,"COTTON, UPLAND - CONDITION, 5 YEAR AVG, MEASURED IN PCT EXCELLENT",TOTAL,NOT SPECIFIED,STATE,1.0,1,AL,ALABAMA,,,,,,,,0,,,9000,UNITED STATES,ALABAMA,2026,WEEKLY,22,22,WEEK #22,2026-05-31,2026-06-01 16:00:00.000,6,,condition_5yr_excellent,STATE
SURVEY,CROPS,FIELD CROPS,COTTON,UPLAND,ALL PRODUCTION PRACTICES,ALL UTILIZATION PRACTICES,"CONDITION, 5 YEAR AVG",PCT EXCELLENT,"COTTON, UPLAND - CONDITION, 5 YEAR AVG, MEASURED IN PCT EXCELLENT",TOTAL,NOT SPECIFIED,STATE,4.0,4,AZ,ARIZONA,,,,,,,,0,,,9000,UNITED STATES,ARIZONA,2026,WEEKLY,19,19,WEEK #19,2026-05-10,2026-05-11 16:00:00.000,36,,condition_5yr_excellent,STATE
SURVEY,CROPS,FIELD CROPS,COTTON,UPLAND,ALL PRODUCTION PRACTICES,ALL UTILIZATION PRACTICES,"CONDITION, 5 YEAR AVG",PCT EXCELLENT,"COTTON, UPLAND - CONDITION, 5 YEAR AVG, MEASURED IN PCT EXCELLENT",TOTAL,NOT SPECIFIED,STATE,4.0,4,AZ,ARIZONA,,,,,,,,0,,,9000,UNITED STATES,ARIZONA,2026,WEEKLY,20,20,WEEK #20,2026-05-17,2026-05-18 16:00:00.000,34,,condition_5yr_excellent,STATE
SURVEY,CROPS,FIELD CROPS,COTTON,UPLAND,ALL PRODUCTION PRACTICES,ALL UTILIZATION PRACTICES,"CONDITION, 5 YEAR AVG",PCT EXCELLENT,"COTTON, UPLAND - CONDITION, 5 YEAR AVG, MEASURED IN PCT EXCELLENT",TOTAL,NOT SPECIFIED,STATE,4.0,4,AZ,ARIZONA,,,,,,,,0,,,9000,UNITED STATES,ARIZONA,2026,WEEKLY,21,21,WEEK #21,2026-05-24,2026-05-26 16:00:00.000,34,,condition_5yr_excellent,STATE
SURVEY,CROPS,FIELD CROPS,COTTON,UPLAND,ALL PRODUCTION PRACTICES,ALL UTILIZATION PRACTICES,"CONDITION, 5 YEAR AVG",PCT EXCELLENT,"COTTON, UPLAND - CONDITION, 5 YEAR AVG, MEASURED IN PCT EXCELLENT",TOTAL,NOT SPECIFIED,STATE,4.0,4,AZ,ARIZONA,,,,,,,,0,,,9000,UNITED STATES,ARIZONA,2026,WEEKLY,22,22,WEEK #22,2026-05-31,2026-06-01 16:00:00.000,37,,condition_5yr_excellent,STATE
SURVEY,CROPS,FIELD CROPS,COTTON,UPLAND,ALL PRODUCTION PRACTICES,ALL UTILIZATION PRACTICES,"CONDITION, 5 YEAR AVG",PCT EXCELLENT,"COTTON, UPLAND - CONDITION, 5 YEAR AVG, MEASURED IN PCT EXCELLENT",TOTAL,NOT SPECIFIED,STATE,5.0,5,AR,ARKANSAS,,,,,,,,0,,,9000,UNITED STATES,ARKANSAS,2026,WEEKLY,22,22,WEEK #22,2026-05-31,2026-06-01 16:00:00.000,29,,condition_5yr_excellent,STATE
SURVEY,CROPS,FIELD CROPS,COTTON,UPLAND,ALL PRODUCTION PRACTICES,ALL UTILIZATION PRACTICES,"CONDITION, 5 YEAR AVG",PCT EXCELLENT,"COTTON, UPLAND - CONDITION, 5 YEAR AVG, MEASURED IN PCT EXCELLENT",TOTAL,NOT SPECIFIED,STATE,12.0,12,FL,FLORIDA,,,,,,,,0,,,9000,UNITED STATES,FLORIDA,2026,WEEKLY,22,22,WEEK #22,2026-05-31,2026-06-01 16:00:00.000,5,,condition_5yr_excellent,STATE
SURVEY,CROPS,FIELD CROPS,COTTON,UPLAND,ALL PRODUCTION PRACTICES,ALL UTILIZATION PRACTICES,"CONDITION, 5 YEAR AVG",PCT EXCELLENT,"COTTON, UPLAND - CONDITION, 5 YEAR AVG, MEASURED IN PCT EXCELLENT",TOTAL,NOT SPECIFIED,STATE,13.0,13,GA,GEORGIA,,,,,,,,0,,,9000,UNITED STATES,GEORGIA,2026,WEEKLY,22,22,WEEK #22,2026-05-31,2026-06-01 16:00:00.000,6,,condition_5yr_excellent,STATE
SURVEY,CROPS,FIELD CROPS,COTTON,UPLAND,ALL PRODUCTION PRACTICES,ALL UTILIZATION PRACTICES,"CONDITION, 5 YEAR AVG",PCT EXCELLENT,"COTTON, UPLAND - CONDITION, 5 YEAR AVG, MEASURED IN PCT EXCELLENT",TOTAL,NOT SPECIFIED,STATE,28.0,28,MS,MISSISSIPPI,,,,,,,,0,,,9000,UNITED STATES,MISSISSIPPI,2026,WEEKLY,22,22,WEEK #22,2026-05-31,2026-06-01 16:00:00.000,9,,condition_5yr_excellent,STATE
SURVEY,CROPS,FIELD CROPS,COTTON,UPLAND,ALL PRODUCTION PRACTICES,ALL UTILIZATION PRACTICES,"CONDITION, 5 YEAR AVG",PCT EXCELLENT,"COTTON, UPLAND - CONDITION, 5 YEAR AVG, MEASURED IN PCT EXCELLENT",TOTAL,NOT SPECIFIED,STATE,29.0,29,MO,MISSOURI,,,,,,,,0,,,9000,UNITED STATES,MISSOURI,2026,WEEKLY,21,21,WEEK #21,2026-05-24,2026-05-26 16:00:00.000,1,,condition_5yr_excellent,STATE
SURVEY,CROPS,FIELD CROPS,COTTON,UPLAND,ALL PRODUCTION PRACTICES,ALL UTILIZATION PRACTICES,"CONDITION, 5 YEAR AVG",PCT EXCELLENT,"COTTON, UPLAND - CONDITION, 5 YEAR AVG, MEASURED IN PCT EXCELLENT",TOTAL,NOT SPECIFIED,STATE,29.0,29,MO,MISSOURI,,,,,,,,0,,,9000,UNITED STATES,MISSOURI,2026,WEEKLY,22,22,WEEK #22,2026-05-31,2026-06-01 16:00:00.000,1,,condition_5yr_excellent,STATE
SURVEY,CROPS,FIELD CROPS,COTTON,UPLAND,ALL PRODUCTION PRACTICES,ALL UTILIZATION PRACTICES,"CONDITION, 5 YEAR AVG",PCT EXCELLENT,"COTTON, UPLAND - CONDITION, 5 YEAR AVG, MEASURED IN PCT EXCELLENT",TOTAL,NOT SPECIFIED,STATE,37.0,37,NC,NORTH CAROLINA,,,,,,,,0,,,9000,UNITED STATES,NORTH CAROLINA,2026,WEEKLY,21,21,WEEK #21,2026-05-24,2026-05-26 16:00:00.000,6,,condition_5yr_excellent,STATE
SURVEY,CROPS,FIELD CROPS,COTTON,UPLAND,ALL PRODUCTION PRACTICES,ALL UTILIZATION PRACTICES,"CONDITION, 5 YEAR AVG",PCT EXCELLENT,"COTTON, UPLAND - CONDITION, 5 YEAR AVG, MEASURED IN PCT EXCELLENT",TOTAL,NOT SPECIFIED,STATE,37.0,37,NC,NORTH CAROLINA,,,,,,,,0,,,9000,UNITED STATES,NORTH CAROLINA,2026,WEEKLY,22,22,WEEK #22,2026-05-31,2026-06-01 16:00:00.000,5,,condition_5yr_excellent,STATE
SURVEY,CROPS,FIELD CROPS,COTTON,UPLAND,ALL PRODUCTION PRACTICES,ALL UTILIZATION PRACTICES,"CONDITION, 5 YEAR AVG",PCT EXCELLENT,"COTTON, UPLAND - CONDITION, 5 YEAR AVG, MEASURED IN PCT EXCELLENT",TOTAL,NOT SPECIFIED,STATE,45.0,45,SC,SOUTH CAROLINA,,,,,,,,0,,,9000,UNITED STATES,SOUTH CAROLINA,2026,WEEKLY,22,22,WEEK #22,2026-05-31,2026-06-01 16:00:00.000,6,,condition_5yr_excellent,STATE
SURVEY,CROPS,FIELD CROPS,COTTON,UPLAND,ALL PRODUCTION PRACTICES,ALL UTILIZATION PRACTICES,"CONDITION, 5 YEAR AVG",PCT EXCELLENT,"COTTON, UPLAND - CONDITION, 5 YEAR AVG, MEASURED IN PCT EXCELLENT",TOTAL,NOT SPECIFIED,STATE,47.0,47,TN,TENNESSEE,,,,,,,,0,,,9000,UNITED STATES,TENNESSEE,2026,WEEKLY,21,21,WEEK #21,2026-05-24,2026-05-26 16:00:00.000,9,,condition_5yr_excellent,STATE
SURVEY,CROPS,FIELD CROPS,COTTON,UPLAND,ALL PRODUCTION PRACTICES,ALL UTILIZATION PRACTICES,"CONDITION, 5 YEAR AVG",PCT EXCELLENT,"COTTON, UPLAND - CONDITION, 5 YEAR AVG, MEASURED IN PCT EXCELLENT",TOTAL,NOT SPECIFIED,STATE,47.0,47,TN,TENNESSEE,,,,,,,,0,,,9000,UNITED STATES,TENNESSEE,2026,WEEKLY,22,22,WEEK #22,2026-05-31,2026-06-01 16:00:00.000,9,,condition_5yr_excellent,STATE
SURVEY,CROPS,FIELD CROPS,COTTON,UPLAND,ALL PRODUCTION PRACTICES,ALL UTILIZATION PRACTICES,"CONDITION, 5 YEAR AVG",PCT EXCELLENT,"COTTON, UPLAND - CONDITION, 5 YEAR AVG, MEASURED IN PCT EXCELLENT",TOTAL,NOT SPECIFIED,STATE,51.0,51,VA,VIRGINIA,,,,,,,,0,,,9000,UNITED STATES,VIRGINIA,2026,WEEKLY,22,22,WEEK #22,2026-05-31,2026-06-01 16:00:00.000,2,,condition_5yr_excellent,STATE
SURVEY,CROPS,FIELD CROPS,COTTON,UPLAND,ALL PRODUCTION PRACTICES,ALL UTILIZATION PRACTICES,"CONDITION, 5 YEAR AVG",PCT FAIR,"COTTON, UPLAND - CONDITION, 5 YEAR AVG, MEASURED IN PCT FAIR",TOTAL,NOT SPECIFIED,STATE,1.0,1,AL,ALABAMA,,,,,,,,0,,,9000,UNITED STATES,ALABAMA,2026,WEEKLY,21,21,WEEK #21,2026-05-24,2026-05-26 16:00:00.000,16,,condition_5yr_fair,STATE
SURVEY,CROPS,FIELD CROPS,COTTON,UPLAND,ALL PRODUCTION PRACTICES,ALL UTILIZATION PRACTICES,"CONDITION, 5 YEAR AVG",PCT FAIR,"COTTON, UPLAND - CONDITION, 5 YEAR AVG, MEASURED IN PCT FAIR",TOTAL,NOT SPECIFIED,STATE,1.0,1,AL,ALABAMA,,,,,,,,0,,,9000,UNITED STATES,ALABAMA,2026,WEEKLY,22,22,WEEK #22,2026-05-31,2026-06-01 16:00:00.000,15,,condition_5yr_fair,STATE
SURVEY,CROPS,FIELD CROPS,COTTON,UPLAND,ALL PRODUCTION PRACTICES,ALL UTILIZATION PRACTICES,"CONDITION, 5 YEAR AVG",PCT FAIR,"COTTON, UPLAND - CONDITION, 5 YEAR AVG, MEASURED IN PCT FAIR",TOTAL,NOT SPECIFIED,STATE,4.0,4,AZ,ARIZONA,,,,,,,,0,,,9000,UNITED STATES,ARIZONA,2026,WEEKLY,19,19,WEEK #19,2026-05-10,2026-05-11 16:00:00.000,10,,condition_5yr_fair,STATE
SURVEY,CROPS,FIELD CROPS,COTTON,UPLAND,ALL PRODUCTION PRACTICES,ALL UTILIZATION PRACTICES,"CONDITION, 5 YEAR AVG",PCT FAIR,"COTTON, UPLAND - CONDITION, 5 YEAR AVG, MEASURED IN PCT FAIR",TOTAL,NOT SPECIFIED,STATE,4.0,4,AZ,ARIZONA,,,,,,,,0,,,9000,UNITED STATES,ARIZONA,2026,WEEKLY,20,20,WEEK #20,2026-05-17,2026-05-18 16:00:00.000,8,,condition_5yr_fair,STATE
SURVEY,CROPS,FIELD CROPS,COTTON,UPLAND,ALL PRODUCTION PRACTICES,ALL UTILIZATION PRACTICES,"CONDITION, 5 YEAR AVG",PCT FAIR,"COTTON, UPLAND - CONDITION, 5 YEAR AVG, MEASURED IN PCT FAIR",TOTAL,NOT SPECIFIED,STATE,4.0,4,AZ,ARIZONA,,,,,,,,0,,,9000,UNITED STATES,ARIZONA,2026,WEEKLY,21,21,WEEK #21,2026-05-24,2026-05-26 16:00:00.000,11,,condition_5yr_fair,STATE
SURVEY,CROPS,FIELD CROPS,COTTON,UPLAND,ALL PRODUCTION PRACTICES,ALL UTILIZATION PRACTICES,"CONDITION, 5 YEAR AVG",PCT FAIR,"COTTON, UPLAND - CONDITION, 5 YEAR AVG, MEASURED IN PCT FAIR",TOTAL,NOT SPECIFIED,STATE,4.0,4,AZ,ARIZONA,,,,,,,,0,,,9000,UNITED STATES,ARIZONA,2026,WEEKLY,22,22,WEEK #22,2026-05-31,2026-06-01 16:00:00.000,12,,condition_5yr_fair,STATE
SURVEY,CROPS,FIELD CROPS,COTTON,UPLAND,ALL PRODUCTION PRACTICES,ALL UTILIZATION PRACTICES,"CONDITION, 5 YEAR AVG",PCT FAIR,"COTTON, UPLAND - CONDITION, 5 YEAR AVG, MEASURED IN PCT FAIR",TOTAL,NOT SPECIFIED,STATE,5.0,5,AR,ARKANSAS,,,,,,,,0,,,9000,UNITED STATES,ARKANSAS,2026,WEEKLY,22,22,WEEK #22,2026-05-31,2026-06-01 16:00:00.000,19,,condition_5yr_fair,STATE
SURVEY,CROPS,FIELD CROPS,COTTON,UPLAND,ALL PRODUCTION PRACTICES,ALL UTILIZATION PRACTICES,"CONDITION, 5 YEAR AVG",PCT FAIR,"COTTON, UPLAND - CONDITION, 5 YEAR AVG, MEASURED IN PCT FAIR",TOTAL,NOT SPECIFIED,STATE,12.0,12,FL,FLORIDA,,,,,,,,0,,,9000,UNITED STATES,FLORIDA,2026,WEEKLY,22,22,WEEK #22,2026-05-31,2026-06-01 16:00:00.000,43,,condition_5yr_fair,STATE
SURVEY,CROPS,FIELD CROPS,COTTON,UPLAND,ALL PRODUCTION PRACTICES,ALL UTILIZATION PRACTICES,"CONDITION, 5 YEAR AVG",PCT FAIR,"COTTON, UPLAND - CONDITION, 5 YEAR AVG, MEASURED IN PCT FAIR",TOTAL,NOT SPECIFIED,STATE,13.0,13,GA,GEORGIA,,,,,,,,0,,,9000,UNITED STATES,GEORGIA,2026,WEEKLY,22,22,WEEK #22,2026-05-31,2026-06-01 16:00:00.000,30,,condition_5yr_fair,STATE
SURVEY,CROPS,FIELD CROPS,COTTON,UPLAND,ALL PRODUCTION PRACTICES,ALL UTILIZATION PRACTICES,"CONDITION, 5 YEAR AVG",PCT FAIR,"COTTON, UPLAND - CONDITION, 5 YEAR AVG, MEASURED IN PCT FAIR",TOTAL,NOT SPECIFIED,STATE,28.0,28,MS,MISSISSIPPI,,,,,,,,0,,,9000,UNITED STATES,MISSISSIPPI,2026,WEEKLY,22,22,WEEK #22,2026-05-31,2026-06-01 16:00:00.000,27,,condition_5yr_fair,STATE
SURVEY,CROPS,FIELD CROPS,COTTON,UPLAND,ALL PRODUCTION PRACTICES,ALL UTILIZATION PRACTICES,"CONDITION, 5 YEAR AVG",PCT FAIR,"COTTON, UPLAND - CONDITION, 5 YEAR AVG, MEASURED IN PCT FAIR",TOTAL,NOT SPECIFIED,STATE,29.0,29,MO,MISSOURI,,,,,,,,0,,,9000,UNITED STATES,MISSOURI,2026,WEEKLY,21,21,WEEK #21,2026-05-24,2026-05-26 16:00:00.000,26,,condition_5yr_fair,STATE
SURVEY,CROPS,FIELD CROPS,COTTON,UPLAND,ALL PRODUCTION PRACTICES,ALL UTILIZATION PRACTICES,"CONDITION, 5 YEAR AVG",PCT FAIR,"COTTON, UPLAND - CONDITION, 5 YEAR AVG, MEASURED IN PCT FAIR",TOTAL,NOT SPECIFIED,STATE,29.0,29,MO,MISSOURI,,,,,,,,0,,,9000,UNITED STATES,MISSOURI,2026,WEEKLY,22,22,WEEK #22,2026-05-31,2026-06-01 16:00:00.000,27,,condition_5yr_fair,STATE
SURVEY,CROPS,FIELD CROPS,COTTON,UPLAND,ALL PRODUCTION PRACTICES,ALL UTILIZATION PRACTICES,"CONDITION, 5 YEAR AVG",PCT FAIR,"COTTON, UPLAND - CONDITION, 5 YEAR AVG, MEASURED IN PCT FAIR",TOTAL,NOT SPECIFIED,STATE,37.0,37,NC,NORTH CAROLINA,,,,,,,,0,,,9000,UNITED STATES,NORTH CAROLINA,2026,WEEKLY,21,21,WEEK #21,2026-05-24,2026-05-26 16:00:00.000,29,,condition_5yr_fair,STATE
SURVEY,CROPS,FIELD CROPS,COTTON,UPLAND,ALL PRODUCTION PRACTICES,ALL UTILIZATION PRACTICES,"CONDITION, 5 YEAR AVG",PCT FAIR,"COTTON, UPLAND - CONDITION, 5 YEAR AVG, MEASURED IN PCT FAIR",TOTAL,NOT SPECIFIED,STATE,37.0,37,NC,NORTH CAROLINA,,,,,,,,0,,,9000,UNITED STATES,NORTH CAROLINA,2026,WEEKLY,22,22,WEEK #22,2026-05-31,2026-06-01 16:00:00.000,22,,condition_5yr_fair,STATE
SURVEY,CROPS,FIELD CROPS,COTTON,UPLAND,ALL PRODUCTION PRACTICES,ALL UTILIZATION PRACTICES,"CONDITION, 5 YEAR AVG",PCT FAIR,"COTTON, UPLAND - CONDITION, 5 YEAR AVG, MEASURED IN PCT FAIR",TOTAL,NOT SPECIFIED,STATE,45.0,45,SC,SOUTH CAROLINA,,,,,,,,0,,,9000,UNITED STATES,SOUTH CAROLINA,2026,WEEKLY,22,22,WEEK #22,2026-05-31,2026-06-01 16:00:00.000,32,,condition_5yr_fair,STATE
SURVEY,CROPS,FIELD CROPS,COTTON,UPLAND,ALL PRODUCTION PRACTICES,ALL UTILIZATION PRACTICES,"CONDITION, 5 YEAR AVG",PCT FAIR,"COTTON, UPLAND - CONDITION, 5 YEAR AVG, MEASURED IN PCT FAIR",TOTAL,NOT SPECIFIED,STATE,47.0,47,TN,TENNESSEE,,,,,,,,0,,,9000,UNITED STATES,TENNESSEE,2026,WEEKLY,21,21,WEEK #21,2026-05-24,2026-05-26 16:00:00.000,26,,condition_5yr_fair,STATE
SURVEY,CROPS,FIELD CROPS,COTTON,UPLAND,ALL PRODUCTION PRACTICES,ALL UTILIZATION PRACTICES,"CONDITION, 5 YEAR AVG",PCT FAIR,"COTTON, UPLAND - CONDITION, 5 YEAR AVG, MEASURED IN PCT FAIR",TOTAL,NOT SPECIFIED,STATE,47.0,47,TN,TENNESSEE,,,,,,,,0,,,9000,UNITED STATES,TENNESSEE,2026,WEEKLY,22,22,WEEK #22,2026-05-31,2026-06-01 16:00:00.000,25,,condition_5yr_fair,STATE
SURVEY,CROPS,FIELD CROPS,COTTON,UPLAND,ALL PRODUCTION PRACTICES,ALL UTILIZATION PRACTICES,"CONDITION, 5 YEAR AVG",PCT FAIR,"COTTON, UPLAND - CONDITION, 5 YEAR AVG, MEASURED IN PCT FAIR",TOTAL,NOT SPECIFIED,STATE,51.0,51,VA,VIRGINIA,,,,,,,,0,,,9000,UNITED STATES,VIRGINIA,2026,WEEKLY,22,22,WEEK #22,2026-05-31,2026-06-01 16:00:00.000,6,,condition_5yr_fair,STATE
SURVEY,CROPS,FIELD CROPS,COTTON,UPLAND,ALL PRODUCTION PRACTICES,ALL UTILIZATION PRACTICES,"CONDITION, 5 YEAR AVG",PCT GOOD,"COTTON, UPLAND - CONDITION, 5 YEAR AVG, MEASURED IN PCT GOOD",TOTAL,NOT SPECIFIED,STATE,1.0,1,AL,ALABAMA,,,,,,,,0,,,9000,UNITED STATES,ALABAMA,2026,WEEKLY,21,21,WEEK #21,2026-05-24,2026-05-26 16:00:00.000,78,,condition_5yr_good,STATE
SURVEY,CROPS,FIELD CROPS,COTTON,UPLAND,ALL PRODUCTION PRACTICES,ALL UTILIZATION PRACTICES,"CONDITION, 5 YEAR AVG",PCT GOOD,"COTTON, UPLAND - CONDITION, 5 YEAR AVG, MEASURED IN PCT GOOD",TOTAL,NOT SPECIFIED,STATE,1.0,1,AL,ALABAMA,,,,,,,,0,,,9000,UNITED STATES,ALABAMA,2026,WEEKLY,22,22,WEEK #22,2026-05-31,2026-06-01 16:00:00.000,76,,condition_5yr_good,STATE
SURVEY,CROPS,FIELD CROPS,COTTON,UPLAND,ALL PRODUCTION PRACTICES,ALL UTILIZATION PRACTICES,"CONDITION, 5 YEAR AVG",PCT GOOD,"COTTON, UPLAND - CONDITION, 5 YEAR AVG, MEASURED IN PCT GOOD",TOTAL,NOT SPECIFIED,STATE,4.0,4,AZ,ARIZONA,,,,,,,,0,,,9000,UNITED STATES,ARIZONA,2026,WEEKLY,19,19,WEEK #19,2026-05-10,2026-05-11 16:00:00.000,54,,condition_5yr_good,STATE
SURVEY,CROPS,FIELD CROPS,COTTON,UPLAND,ALL PRODUCTION PRACTICES,ALL UTILIZATION PRACTICES,"CONDITION, 5 YEAR AVG",PCT GOOD,"COTTON, UPLAND - CONDITION, 5 YEAR AVG, MEASURED IN PCT GOOD",TOTAL,NOT SPECIFIED,STATE,4.0,4,AZ,ARIZONA,,,,,,,,0,,,9000,UNITED STATES,ARIZONA,2026,WEEKLY,20,20,WEEK #20,2026-05-17,2026-05-18 16:00:00.000,58,,condition_5yr_good,STATE
SURVEY,CROPS,FIELD CROPS,COTTON,UPLAND,ALL PRODUCTION PRACTICES,ALL UTILIZATION PRACTICES,"CONDITION, 5 YEAR AVG",PCT GOOD,"COTTON, UPLAND - CONDITION, 5 YEAR AVG, MEASURED IN PCT GOOD",TOTAL,NOT SPECIFIED,STATE,4.0,4,AZ,ARIZONA,,,,,,,,0,,,9000,UNITED STATES,ARIZONA,2026,WEEKLY,21,21,WEEK #21,2026-05-24,2026-05-26 16:00:00.000,55,,condition_5yr_good,STATE
SURVEY,CROPS,FIELD CROPS,COTTON,UPLAND,ALL PRODUCTION PRACTICES,ALL UTILIZATION PRACTICES,"CONDITION, 5 YEAR AVG",PCT GOOD,"COTTON, UPLAND - CONDITION, 5 YEAR AVG, MEASURED IN PCT GOOD",TOTAL,NOT SPECIFIED,STATE,4.0,4,AZ,ARIZONA,,,,,,,,0,,,9000,UNITED STATES,ARIZONA,2026,WEEKLY,22,22,WEEK #22,2026-05-31,2026-06-01 16:00:00.000,51,,condition_5yr_good,STATE
SURVEY,CROPS,FIELD CROPS,COTTON,UPLAND,ALL PRODUCTION PRACTICES,ALL UTILIZATION PRACTICES,"CONDITION, 5 YEAR AVG",PCT GOOD,"COTTON, UPLAND - CONDITION, 5 YEAR AVG, MEASURED IN PCT GOOD",TOTAL,NOT SPECIFIED,STATE,5.0,5,AR,ARKANSAS,,,,,,,,0,,,9000,UNITED STATES,ARKANSAS,2026,WEEKLY,22,22,WEEK #22,2026-05-31,2026-06-01 16:00:00.000,48,,condition_5yr_good,STATE
SURVEY,CROPS,FIELD CROPS,COTTON,UPLAND,ALL PRODUCTION PRACTICES,ALL UTILIZATION PRACTICES,"CONDITION, 5 YEAR AVG",PCT GOOD,"COTTON, UPLAND - CONDITION, 5 YEAR AVG, MEASURED IN PCT GOOD",TOTAL,NOT SPECIFIED,STATE,12.0,12,FL,FLORIDA,,,,,,,,0,,,9000,UNITED STATES,FLORIDA,2026,WEEKLY,22,22,WEEK #22,2026-05-31,2026-06-01 16:00:00.000,49,,condition_5yr_good,STATE
SURVEY,CROPS,FIELD CROPS,COTTON,UPLAND,ALL PRODUCTION PRACTICES,ALL UTILIZATION PRACTICES,"CONDITION, 5 YEAR AVG",PCT GOOD,"COTTON, UPLAND - CONDITION, 5 YEAR AVG, MEASURED IN PCT GOOD",TOTAL,NOT SPECIFIED,STATE,13.0,13,GA,GEORGIA,,,,,,,,0,,,9000,UNITED STATES,GEORGIA,2026,WEEKLY,22,22,WEEK #22,2026-05-31,2026-06-01 16:00:00.000,58,,condition_5yr_good,STATE
SURVEY,CROPS,FIELD CROPS,COTTON,UPLAND,ALL PRODUCTION PRACTICES,ALL UTILIZATION PRACTICES,"CONDITION, 5 YEAR AVG",PCT GOOD,"COTTON, UPLAND - CONDITION, 5 YEAR AVG, MEASURED IN PCT GOOD",TOTAL,NOT SPECIFIED,STATE,28.0,28,MS,MISSISSIPPI,,,,,,,,0,,,9000,UNITED STATES,MISSISSIPPI,2026,WEEKLY,22,22,WEEK #22,2026-05-31,2026-06-01 16:00:00.000,59,,condition_5yr_good,STATE
SURVEY,CROPS,FIELD CROPS,COTTON,UPLAND,ALL PRODUCTION PRACTICES,ALL UTILIZATION PRACTICES,"CONDITION, 5 YEAR AVG",PCT GOOD,"COTTON, UPLAND - CONDITION, 5 YEAR AVG, MEASURED IN PCT GOOD",TOTAL,NOT SPECIFIED,STATE,29.0,29,MO,MISSOURI,,,,,,,,0,,,9000,UNITED STATES,MISSOURI,2026,WEEKLY,21,21,WEEK #21,2026-05-24,2026-05-26 16:00:00.000,63,,condition_5yr_good,STATE
SURVEY,CROPS,FIELD CROPS,COTTON,UPLAND,ALL PRODUCTION PRACTICES,ALL UTILIZATION PRACTICES,"CONDITION, 5 YEAR AVG",PCT GOOD,"COTTON, UPLAND - CONDITION, 5 YEAR AVG, MEASURED IN PCT GOOD",TOTAL,NOT SPECIFIED,STATE,29.0,29,MO,MISSOURI,,,,,,,,0,,,9000,UNITED STATES,MISSOURI,2026,WEEKLY,22,22,WEEK #22,2026-05-31,2026-06-01 16:00:00.000,62,,condition_5yr_good,STATE
SURVEY,CROPS,FIELD CROPS,COTTON,UPLAND,ALL PRODUCTION PRACTICES,ALL UTILIZATION PRACTICES,"CONDITION, 5 YEAR AVG",PCT GOOD,"COTTON, UPLAND - CONDITION, 5 YEAR AVG, MEASURED IN PCT GOOD",TOTAL,NOT SPECIFIED,STATE,37.0,37,NC,NORTH CAROLINA,,,,,,,,0,,,9000,UNITED STATES,NORTH CAROLINA,2026,WEEKLY,21,21,WEEK #21,2026-05-24,2026-05-26 16:00:00.000,62,,condition_5yr_good,STATE
SURVEY,CROPS,FIELD CROPS,COTTON,UPLAND,ALL PRODUCTION PRACTICES,ALL UTILIZATION PRACTICES,"CONDITION, 5 YEAR AVG",PCT GOOD,"COTTON, UPLAND - CONDITION, 5 YEAR AVG, MEASURED IN PCT GOOD",TOTAL,NOT SPECIFIED,STATE,37.0,37,NC,NORTH CAROLINA,,,,,,,,0,,,9000,UNITED STATES,NORTH CAROLINA,2026,WEEKLY,22,22,WEEK #22,2026-05-31,2026-06-01 16:00:00.000,67,,condition_5yr_good,STATE
SURVEY,CROPS,FIELD CROPS,COTTON,UPLAND,ALL PRODUCTION PRACTICES,ALL UTILIZATION PRACTICES,"CONDITION, 5 YEAR AVG",PCT GOOD,"COTTON, UPLAND - CONDITION, 5 YEAR AVG, MEASURED IN PCT GOOD",TOTAL,NOT SPECIFIED,STATE,45.0,45,SC,SOUTH CAROLINA,,,,,,,,0,,,9000,UNITED STATES,SOUTH CAROLINA,2026,WEEKLY,22,22,WEEK #22,2026-05-31,2026-06-01 16:00:00.000,57,,condition_5yr_good,STATE
SURVEY,CROPS,FIELD CROPS,COTTON,UPLAND,ALL PRODUCTION PRACTICES,ALL UTILIZATION PRACTICES,"CONDITION, 5 YEAR AVG",PCT GOOD,"COTTON, UPLAND - CONDITION, 5 YEAR AVG, MEASURED IN PCT GOOD",TOTAL,NOT SPECIFIED,STATE,47.0,47,TN,TENNESSEE,,,,,,,,0,,,9000,UNITED STATES,TENNESSEE,2026,WEEKLY,21,21,WEEK #21,2026-05-24,2026-05-26 16:00:00.000,58,,condition_5yr_good,STATE
SURVEY,CROPS,FIELD CROPS,COTTON,UPLAND,ALL PRODUCTION PRACTICES,ALL UTILIZATION PRACTICES,"CONDITION, 5 YEAR AVG",PCT GOOD,"COTTON, UPLAND - CONDITION, 5 YEAR AVG, MEASURED IN PCT GOOD",TOTAL,NOT SPECIFIED,STATE,47.0,47,TN,TENNESSEE,,,,,,,,0,,,9000,UNITED STATES,TENNESSEE,2026,WEEKLY,22,22,WEEK #22,2026-05-31,2026-06-01 16:00:00.000,52,,condition_5yr_good,STATE
SURVEY,CROPS,FIELD CROPS,COTTON,UPLAND,ALL PRODUCTION PRACTICES,ALL UTILIZATION PRACTICES,"CONDITION, 5 YEAR AVG",PCT GOOD,"COTTON, UPLAND - CONDITION, 5 YEAR AVG, MEASURED IN PCT GOOD",TOTAL,NOT SPECIFIED,STATE,51.0,51,VA,VIRGINIA,,,,,,,,0,,,9000,UNITED STATES,VIRGINIA,2026,WEEKLY,22,22,WEEK #22,2026-05-31,2026-06-01 16:00:00.000,92,,condition_5yr_good,STATE
SURVEY,CROPS,FIELD CROPS,COTTON,UPLAND,ALL PRODUCTION PRACTICES,ALL UTILIZATION PRACTICES,"CONDITION, 5 YEAR AVG",PCT POOR,"COTTON, UPLAND - CONDITION, 5 YEAR AVG, MEASURED IN PCT POOR",TOTAL,NOT SPECIFIED,STATE,1.0,1,AL,ALABAMA,,,,,,,,0,,,9000,UNITED STATES,ALABAMA,2026,WEEKLY,21,21,WEEK #21,2026-05-24,2026-05-26 16:00:00.000,3,,condition_5yr_poor,STATE
SURVEY,CROPS,FIELD CROPS,COTTON,UPLAND,ALL PRODUCTION PRACTICES,ALL UTILIZATION PRACTICES,"CONDITION, 5 YEAR AVG",PCT POOR,"COTTON, UPLAND - CONDITION, 5 YEAR AVG, MEASURED IN PCT POOR",TOTAL,NOT SPECIFIED,STATE,1.0,1,AL,ALABAMA,,,,,,,,0,,,9000,UNITED STATES,ALABAMA,2026,WEEKLY,22,22,WEEK #22,2026-05-31,2026-06-01 16:00:00.000,3,,condition_5yr_poor,STATE
SURVEY,CROPS,FIELD CROPS,COTTON,UPLAND,ALL PRODUCTION PRACTICES,ALL UTILIZATION PRACTICES,"CONDITION, 5 YEAR AVG",PCT POOR,"COTTON, UPLAND - CONDITION, 5 YEAR AVG, MEASURED IN PCT POOR",TOTAL,NOT SPECIFIED,STATE,4.0,4,AZ,ARIZONA,,,,,,,,0,,,9000,UNITED STATES,ARIZONA,2026,WEEKLY,19,19,WEEK #19,2026-05-10,2026-05-11 16:00:00.000,0,,condition_5yr_poor,STATE
SURVEY,CROPS,FIELD CROPS,COTTON,UPLAND,ALL PRODUCTION PRACTICES,ALL UTILIZATION PRACTICES,"CONDITION, 5 YEAR AVG",PCT POOR,"COTTON, UPLAND - CONDITION, 5 YEAR AVG, MEASURED IN PCT POOR",TOTAL,NOT SPECIFIED,STATE,4.0,4,AZ,ARIZONA,,,,,,,,0,,,9000,UNITED STATES,ARIZONA,2026,WEEKLY,20,20,WEEK #20,2026-05-17,2026-05-18 16:00:00.000,0,,condition_5yr_poor,STATE
SURVEY,CROPS,FIELD CROPS,COTTON,UPLAND,ALL PRODUCTION PRACTICES,ALL UTILIZATION PRACTICES,"CONDITION, 5 YEAR AVG",PCT POOR,"COTTON, UPLAND - CONDITION, 5 YEAR AVG, MEASURED IN PCT POOR",TOTAL,NOT SPECIFIED,STATE,4.0,4,AZ,ARIZONA,,,,,,,,0,,,9000,UNITED STATES,ARIZONA,2026,WEEKLY,21,21,WEEK #21,2026-05-24,2026-05-26 16:00:00.000,0,,condition_5yr_poor,STATE
SURVEY,CROPS,FIELD CROPS,COTTON,UPLAND,ALL PRODUCTION PRACTICES,ALL UTILIZATION PRACTICES,"CONDITION, 5 YEAR AVG",PCT POOR,"COTTON, UPLAND - CONDITION, 5 YEAR AVG, MEASURED IN PCT POOR",TOTAL,NOT SPECIFIED,STATE,4.0,4,AZ,ARIZONA,,,,,,,,0,,,9000,UNITED STATES,ARIZONA,2026,WEEKLY,22,22,WEEK #22,2026-05-31,2026-06-01 16:00:00.000,0,,condition_5yr_poor,STATE
SURVEY,CROPS,FIELD CROPS,COTTON,UPLAND,ALL PRODUCTION PRACTICES,ALL UTILIZATION PRACTICES,"CONDITION, 5 YEAR AVG",PCT POOR,"COTTON, UPLAND - CONDITION, 5 YEAR AVG, MEASURED IN PCT POOR",TOTAL,NOT SPECIFIED,STATE,5.0,5,AR,ARKANSAS,,,,,,,,0,,,9000,UNITED STATES,ARKANSAS,2026,WEEKLY,22,22,WEEK #22,2026-05-31,2026-06-01 16:00:00.000,3,,condition_5yr_poor,STATE
SURVEY,CROPS,FIELD CROPS,COTTON,UPLAND,ALL PRODUCTION PRACTICES,ALL UTILIZATION PRACTICES,"CONDITION, 5 YEAR AVG",PCT POOR,"COTTON, UPLAND - CONDITION, 5 YEAR AVG, MEASURED IN PCT POOR",TOTAL,NOT SPECIFIED,STATE,12.0,12,FL,FLORIDA,,,,,,,,0,,,9000,UNITED STATES,FLORIDA,2026,WEEKLY,22,22,WEEK #22,2026-05-31,2026-06-01 16:00:00.000,2,,condition_5yr_poor,STATE
SURVEY,CROPS,FIELD CROPS,COTTON,UPLAND,ALL PRODUCTION PRACTICES,ALL UTILIZATION PRACTICES,"CONDITION, 5 YEAR AVG",PCT POOR,"COTTON, UPLAND - CONDITION, 5 YEAR AVG, MEASURED IN PCT POOR",TOTAL,NOT SPECIFIED,STATE,13.0,13,GA,GEORGIA,,,,,,,,0,,,9000,UNITED STATES,GEORGIA,2026,WEEKLY,22,22,WEEK #22,2026-05-31,2026-06-01 16:00:00.000,5,,condition_5yr_poor,STATE
SURVEY,CROPS,FIELD CROPS,COTTON,UPLAND,ALL PRODUCTION PRACTICES,ALL UTILIZATION PRACTICES,"CONDITION, 5 YEAR AVG",PCT POOR,"COTTON, UPLAND - CONDITION, 5 YEAR AVG, MEASURED IN PCT POOR",TOTAL,NOT SPECIFIED,STATE,28.0,28,MS,MISSISSIPPI,,,,,,,,0,,,9000,UNITED STATES,MISSISSIPPI,2026,WEEKLY,22,22,WEEK #22,2026-05-31,2026-06-01 16:00:00.000,4,,condition_5yr_poor,STATE
SURVEY,CROPS,FIELD CROPS,COTTON,UPLAND,ALL PRODUCTION PRACTICES,ALL UTILIZATION PRACTICES,"CONDITION, 5 YEAR AVG",PCT POOR,"COTTON, UPLAND - CONDITION, 5 YEAR AVG, MEASURED IN PCT POOR",TOTAL,NOT SPECIFIED,STATE,29.0,29,MO,MISSOURI,,,,,,,,0,,,9000,UNITED STATES,MISSOURI,2026,WEEKLY,21,21,WEEK #21,2026-05-24,2026-05-26 16:00:00.000,8,,condition_5yr_poor,STATE
SURVEY,CROPS,FIELD CROPS,COTTON,UPLAND,ALL PRODUCTION PRACTICES,ALL UTILIZATION PRACTICES,"CONDITION, 5 YEAR AVG",PCT POOR,"COTTON, UPLAND - CONDITION, 5 YEAR AVG, MEASURED IN PCT POOR",TOTAL,NOT SPECIFIED,STATE,29.0,29,MO,MISSOURI,,,,,,,,0,,,9000,UNITED STATES,MISSOURI,2026,WEEKLY,22,22,WEEK #22,2026-05-31,2026-06-01 16:00:00.000,8,,condition_5yr_poor,STATE
SURVEY,CROPS,FIELD CROPS,COTTON,UPLAND,ALL PRODUCTION PRACTICES,ALL UTILIZATION PRACTICES,"CONDITION, 5 YEAR AVG",PCT POOR,"COTTON, UPLAND - CONDITION, 5 YEAR AVG, MEASURED IN PCT POOR",TOTAL,NOT SPECIFIED,STATE,37.0,37,NC,NORTH CAROLINA,,,,,,,,0,,,9000,UNITED STATES,NORTH CAROLINA,2026,WEEKLY,21,21,WEEK #21,2026-05-24,2026-05-26 16:00:00.000,3,,condition_5yr_poor,STATE
SURVEY,CROPS,FIELD CROPS,COTTON,UPLAND,ALL PRODUCTION PRACTICES,ALL UTILIZATION PRACTICES,"CONDITION, 5 YEAR AVG",PCT POOR,"COTTON, UPLAND - CONDITION, 5 YEAR AVG, MEASURED IN PCT POOR",TOTAL,NOT SPECIFIED,STATE,37.0,37,NC,NORTH CAROLINA,,,,,,,,0,,,9000,UNITED STATES,NORTH CAROLINA,2026,WEEKLY,22,22,WEEK #22,2026-05-31,2026-06-01 16:00:00.000,5,,condition_5yr_poor,STATE
SURVEY,CROPS,FIELD CROPS,COTTON,UPLAND,ALL PRODUCTION PRACTICES,ALL UTILIZATION PRACTICES,"CONDITION, 5 YEAR AVG",PCT POOR,"COTTON, UPLAND - CONDITION, 5 YEAR AVG, MEASURED IN PCT POOR",TOTAL,NOT SPECIFIED,STATE,45.0,45,SC,SOUTH CAROLINA,,,,,,,,0,,,9000,UNITED STATES,SOUTH CAROLINA,2026,WEEKLY,22,22,WEEK #22,2026-05-31,2026-06-01 16:00:00.000,5,,condition_5yr_poor,STATE
SURVEY,CROPS,FIELD CROPS,COTTON,UPLAND,ALL PRODUCTION PRACTICES,ALL UTILIZATION PRACTICES,"CONDITION, 5 YEAR AVG",PCT POOR,"COTTON, UPLAND - CONDITION, 5 YEAR AVG, MEASURED IN PCT POOR",TOTAL,NOT SPECIFIED,STATE,47.0,47,TN,TENNESSEE,,,,,,,,0,,,9000,UNITED STATES,TENNESSEE,2026,WEEKLY,21,21,WEEK #21,2026-05-24,2026-05-26 16:00:00.000,5,,condition_5yr_poor,STATE
SURVEY,CROPS,FIELD CROPS,COTTON,UPLAND,ALL PRODUCTION PRACTICES,ALL UTILIZATION PRACTICES,"CONDITION, 5 YEAR AVG",PCT POOR,"COTTON, UPLAND - CONDITION, 5 YEAR AVG, MEASURED IN PCT POOR",TOTAL,NOT SPECIFIED,STATE,47.0,47,TN,TENNESSEE,,,,,,,,0,,,9000,UNITED STATES,TENNESSEE,2026,WEEKLY,22,22,WEEK #22,2026-05-31,2026-06-01 16:00:00.000,8,,condition_5yr_poor,STATE
SURVEY,CROPS,FIELD CROPS,COTTON,UPLAND,ALL PRODUCTION PRACTICES,ALL UTILIZATION PRACTICES,"CONDITION, 5 YEAR AVG",PCT POOR,"COTTON, UPLAND - CONDITION, 5 YEAR AVG, MEASURED IN PCT POOR",TOTAL,NOT SPECIFIED,STATE,51.0,51,VA,VIRGINIA,,,,,,,,0,,,9000,UNITED STATES,VIRGINIA,2026,WEEKLY,22,22,WEEK #22,2026-05-31,2026-06-01 16:00:00.000,0,,condition_5yr_poor,STATE
SURVEY,CROPS,FIELD CROPS,COTTON,UPLAND,ALL PRODUCTION PRACTICES,ALL UTILIZATION PRACTICES,"CONDITION, 5 YEAR AVG",PCT VERY POOR,"COTTON, UPLAND - CONDITION, 5 YEAR AVG, MEASURED IN PCT VERY POOR",TOTAL,NOT SPECIFIED,STATE,1.0,1,AL,ALABAMA,,,,,,,,0,,,9000,UNITED STATES,ALABAMA,2026,WEEKLY,21,21,WEEK #21,2026-05-24,2026-05-26 16:00:00.000,0,,condition_5yr_very_poor,STATE
SURVEY,CROPS,FIELD CROPS,COTTON,UPLAND,ALL PRODUCTION PRACTICES,ALL UTILIZATION PRACTICES,"CONDITION, 5 YEAR AVG",PCT VERY POOR,"COTTON, UPLAND - CONDITION, 5 YEAR AVG, MEASURED IN PCT VERY POOR",TOTAL,NOT SPECIFIED,STATE,1.0,1,AL,ALABAMA,,,,,,,,0,,,9000,UNITED STATES,ALABAMA,2026,WEEKLY,22,22,WEEK #22,2026-05-31,2026-06-01 16:00:00.000,0,,condition_5yr_very_poor,STATE
SURVEY,CROPS,FIELD CROPS,COTTON,UPLAND,ALL PRODUCTION PRACTICES,ALL UTILIZATION PRACTICES,"CONDITION, 5 YEAR AVG",PCT VERY POOR,"COTTON, UPLAND - CONDITION, 5 YEAR AVG, MEASURED IN PCT VERY POOR",TOTAL,NOT SPECIFIED,STATE,4.0,4,AZ,ARIZONA,,,,,,,,0,,,9000,UNITED STATES,ARIZONA,2026,WEEKLY,19,19,WEEK #19,2026-05-10,2026-05-11 16:00:00.000,0,,condition_5yr_very_poor,STATE
SURVEY,CROPS,FIELD CROPS,COTTON,UPLAND,ALL PRODUCTION PRACTICES,ALL UTILIZATION PRACTICES,"CONDITION, 5 YEAR AVG",PCT VERY POOR,"COTTON, UPLAND - CONDITION, 5 YEAR AVG, MEASURED IN PCT VERY POOR",TOTAL,NOT SPECIFIED,STATE,4.0,4,AZ,ARIZONA,,,,,,,,0,,,9000,UNITED STATES,ARIZONA,2026,WEEKLY,20,20,WEEK #20,2026-05-17,2026-05-18 16:00:00.000,0,,condition_5yr_very_poor,STATE
SURVEY,CROPS,FIELD CROPS,COTTON,UPLAND,ALL PRODUCTION PRACTICES,ALL UTILIZATION PRACTICES,"CONDITION, 5 YEAR AVG",PCT VERY POOR,"COTTON, UPLAND - CONDITION, 5 YEAR AVG, MEASURED IN PCT VERY POOR",TOTAL,NOT SPECIFIED,STATE,4.0,4,AZ,ARIZONA,,,,,,,,0,,,9000,UNITED STATES,ARIZONA,2026,WEEKLY,21,21,WEEK #21,2026-05-24,2026-05-26 16:00:00.000,0,,condition_5yr_very_poor,STATE
SURVEY,CROPS,FIELD CROPS,COTTON,UPLAND,ALL PRODUCTION PRACTICES,ALL UTILIZATION PRACTICES,"CONDITION, 5 YEAR AVG",PCT VERY POOR,"COTTON, UPLAND - CONDITION, 5 YEAR AVG, MEASURED IN PCT VERY POOR",TOTAL,NOT SPECIFIED,STATE,4.0,4,AZ,ARIZONA,,,,,,,,0,,,9000,UNITED STATES,ARIZONA,2026,WEEKLY,22,22,WEEK #22,2026-05-31,2026-06-01 16:00:00.000,0,,condition_5yr_very_poor,STATE
SURVEY,CROPS,FIELD CROPS,COTTON,UPLAND,ALL PRODUCTION PRACTICES,ALL UTILIZATION PRACTICES,"CONDITION, 5 YEAR AVG",PCT VERY POOR,"COTTON, UPLAND - CONDITION, 5 YEAR AVG, MEASURED IN PCT VERY POOR",TOTAL,NOT SPECIFIED,STATE,5.0,5,AR,ARKANSAS,,,,,,,,0,,,9000,UNITED STATES,ARKANSAS,2026,WEEKLY,22,22,WEEK #22,2026-05-31,2026-06-01 16:00:00.000,1,,condition_5yr_very_poor,STATE
SURVEY,CROPS,FIELD CROPS,COTTON,UPLAND,ALL PRODUCTION PRACTICES,ALL UTILIZATION PRACTICES,"CONDITION, 5 YEAR AVG",PCT VERY POOR,"COTTON, UPLAND - CONDITION, 5 YEAR AVG, MEASURED IN PCT VERY POOR",TOTAL,NOT SPECIFIED,STATE,12.0,12,FL,FLORIDA,,,,,,,,0,,,9000,UNITED STATES,FLORIDA,2026,WEEKLY,22,22,WEEK #22,2026-05-31,2026-06-01 16:00:00.000,1,,condition_5yr_very_poor,STATE
SURVEY,CROPS,FIELD CROPS,COTTON,UPLAND,ALL PRODUCTION PRACTICES,ALL UTILIZATION PRACTICES,"CONDITION, 5 YEAR AVG",PCT VERY POOR,"COTTON, UPLAND - CONDITION, 5 YEAR AVG, MEASURED IN PCT VERY POOR",TOTAL,NOT SPECIFIED,STATE,13.0,13,GA,GEORGIA,,,,,,,,0,,,9000,UNITED STATES,GEORGIA,2026,WEEKLY,22,22,WEEK #22,2026-05-31,2026-06-01 16:00:00.000,1,,condition_5yr_very_poor,STATE
SURVEY,CROPS,FIELD CROPS,COTTON,UPLAND,ALL PRODUCTION PRACTICES,ALL UTILIZATION PRACTICES,"CONDITION, 5 YEAR AVG",PCT VERY POOR,"COTTON, UPLAND - CONDITION, 5 YEAR AVG, MEASURED IN PCT VERY POOR",TOTAL,NOT SPECIFIED,STATE,28.0,28,MS,MISSISSIPPI,,,,,,,,0,,,9000,UNITED STATES,MISSISSIPPI,2026,WEEKLY,22,22,WEEK #22,2026-05-31,2026-06-01 16:00:00.000,1,,condition_5yr_very_poor,STATE
SURVEY,CROPS,FIELD CROPS,COTTON,UPLAND,ALL PRODUCTION PRACTICES,ALL UTILIZATION PRACTICES,"CONDITION, 5 YEAR AVG",PCT VERY POOR,"COTTON, UPLAND - CONDITION, 5 YEAR AVG, MEASURED IN PCT VERY POOR",TOTAL,NOT SPECIFIED,STATE,29.0,29,MO,MISSOURI,,,,,,,,0,,,9000,UNITED STATES,MISSOURI,2026,WEEKLY,21,21,WEEK #21,2026-05-24,2026-05-26 16:00:00.000,2,,condition_5yr_very_poor,STATE
SURVEY,CROPS,FIELD CROPS,COTTON,UPLAND,ALL PRODUCTION PRACTICES,ALL UTILIZATION PRACTICES,"CONDITION, 5 YEAR AVG",PCT VERY POOR,"COTTON, UPLAND - CONDITION, 5 YEAR AVG, MEASURED IN PCT VERY POOR",TOTAL,NOT SPECIFIED,STATE,29.0,29,MO,MISSOURI,,,,,,,,0,,,9000,UNITED STATES,MISSOURI,2026,WEEKLY,22,22,WEEK #22,2026-05-31,2026-06-01 16:00:00.000,2,,condition_5yr_very_poor,STATE
SURVEY,CROPS,FIELD CROPS,COTTON,UPLAND,ALL PRODUCTION PRACTICES,ALL UTILIZATION PRACTICES,"CONDITION, 5 YEAR AVG",PCT VERY POOR,"COTTON, UPLAND - CONDITION, 5 YEAR AVG, MEASURED IN PCT VERY POOR",TOTAL,NOT SPECIFIED,STATE,37.0,37,NC,NORTH CAROLINA,,,,,,,,0,,,9000,UNITED STATES,NORTH CAROLINA,2026,WEEKLY,21,21,WEEK #21,2026-05-24,2026-05-26 16:00:00.000,0,,condition_5yr_very_poor,STATE
SURVEY,CROPS,FIELD CROPS,COTTON,UPLAND,ALL PRODUCTION PRACTICES,ALL UTILIZATION PRACTICES,"CONDITION, 5 YEAR AVG",PCT VERY POOR,"COTTON, UPLAND - CONDITION, 5 YEAR AVG, MEASURED IN PCT VERY POOR",TOTAL,NOT SPECIFIED,STATE,37.0,37,NC,NORTH CAROLINA,,,,,,,,0,,,9000,UNITED STATES,NORTH CAROLINA,2026,WEEKLY,22,22,WEEK #22,2026-05-31,2026-06-01 16:00:00.000,1,,condition_5yr_very_poor,STATE
SURVEY,CROPS,FIELD CROPS,COTTON,UPLAND,ALL PRODUCTION PRACTICES,ALL UTILIZATION PRACTICES,"CONDITION, 5 YEAR AVG",PCT VERY POOR,"COTTON, UPLAND - CONDITION, 5 YEAR AVG, MEASURED IN PCT VERY POOR",TOTAL,NOT SPECIFIED,STATE,45.0,45,SC,SOUTH CAROLINA,,,,,,,,0,,,9000,UNITED STATES,SOUTH CAROLINA,2026,WEEKLY,22,22,WEEK #22,2026-05-31,2026-06-01 16:00:00.000,0,,condition_5yr_very_poor,STATE
SURVEY,CROPS,FIELD CROPS,COTTON,UPLAND,ALL PRODUCTION PRACTICES,ALL UTILIZATION PRACTICES,"CONDITION, 5 YEAR AVG",PCT VERY POOR,"COTTON, UPLAND - CONDITION, 5 YEAR AVG, MEASURED IN PCT VERY POOR",TOTAL,NOT SPECIFIED,STATE,47.0,47,TN,TENNESSEE,,,,,,,,0,,,9000,UNITED STATES,TENNESSEE,2026,WEEKLY,21,21,WEEK #21,2026-05-24,2026-05-26 16:00:00.000,2,,condition_5yr_very_poor,STATE
SURVEY,CROPS,FIELD CROPS,COTTON,UPLAND,ALL PRODUCTION PRACTICES,ALL UTILIZATION PRACTICES,"CONDITION, 5 YEAR AVG",PCT VERY POOR,"COTTON, UPLAND - CONDITION, 5 YEAR AVG, MEASURED IN PCT VERY POOR",TOTAL,NOT SPECIFIED,STATE,47.0,47,TN,TENNESSEE,,,,,,,,0,,,9000,UNITED STATES,TENNESSEE,2026,WEEKLY,22,22,WEEK #22,2026-05-31,2026-06-01 16:00:00.000,6,,condition_5yr_very_poor,STATE
SURVEY,CROPS,FIELD CROPS,COTTON,UPLAND,ALL PRODUCTION PRACTICES,ALL UTILIZATION PRACTICES,"CONDITION, 5 YEAR AVG",PCT VERY POOR,"COTTON, UPLAND - CONDITION, 5 YEAR AVG, MEASURED IN PCT VERY POOR",TOTAL,NOT SPECIFIED,STATE,51.0,51,VA,VIRGINIA,,,,,,,,0,,,9000,UNITED STATES,VIRGINIA,2026,WEEKLY,22,22,WEEK #22,2026-05-31,2026-06-01 16:00:00.000,0,,condition_5yr_very_poor,STATE
SURVEY,CROPS,FIELD CROPS,COTTON,UPLAND,ALL PRODUCTION PRACTICES,ALL UTILIZATION PRACTICES,"CONDITION, PREVIOUS YEAR",PCT EXCELLENT,"COTTON, UPLAND - CONDITION, PREVIOUS YEAR, MEASURED IN PCT EXCELLENT",TOTAL,NOT SPECIFIED,STATE,1.0,1,AL,ALABAMA,,,,,,,,0,,,9000,UNITED STATES,ALABAMA,2026,WEEKLY,21,21,WEEK #21,2026-05-24,2026-05-26 16:00:00.000,1,,condition_prev_excellent,STATE
SURVEY,CROPS,FIELD CROPS,COTTON,UPLAND,ALL PRODUCTION PRACTICES,ALL UTILIZATION PRACTICES,"CONDITION, PREVIOUS YEAR",PCT EXCELLENT,"COTTON, UPLAND - CONDITION, PREVIOUS YEAR, MEASURED IN PCT EXCELLENT",TOTAL,NOT SPECIFIED,STATE,1.0,1,AL,ALABAMA,,,,,,,,0,,,9000,UNITED STATES,ALABAMA,2026,WEEKLY,22,22,WEEK #22,2026-05-31,2026-06-01 16:00:00.000,1,,condition_prev_excellent,STATE
SURVEY,CROPS,FIELD CROPS,COTTON,UPLAND,ALL PRODUCTION PRACTICES,ALL UTILIZATION PRACTICES,"CONDITION, PREVIOUS YEAR",PCT EXCELLENT,"COTTON, UPLAND - CONDITION, PREVIOUS YEAR, MEASURED IN PCT EXCELLENT",TOTAL,NOT SPECIFIED,STATE,4.0,4,AZ,ARIZONA,,,,,,,,0,,,9000,UNITED STATES,ARIZONA,2026,WEEKLY,19,19,WEEK #19,2026-05-10,2026-05-11 16:00:00.000,12,,condition_prev_excellent,STATE
SURVEY,CROPS,FIELD CROPS,COTTON,UPLAND,ALL PRODUCTION PRACTICES,ALL UTILIZATION PRACTICES,"CONDITION, PREVIOUS YEAR",PCT EXCELLENT,"COTTON, UPLAND - CONDITION, PREVIOUS YEAR, MEASURED IN PCT EXCELLENT",TOTAL,NOT SPECIFIED,STATE,4.0,4,AZ,ARIZONA,,,,,,,,0,,,9000,UNITED STATES,ARIZONA,2026,WEEKLY,20,20,WEEK #20,2026-05-17,2026-05-18 16:00:00.000,8,,condition_prev_excellent,STATE
SURVEY,CROPS,FIELD CROPS,COTTON,UPLAND,ALL PRODUCTION PRACTICES,ALL UTILIZATION PRACTICES,"CONDITION, PREVIOUS YEAR",PCT EXCELLENT,"COTTON, UPLAND - CONDITION, PREVIOUS YEAR, MEASURED IN PCT EXCELLENT",TOTAL,NOT SPECIFIED,STATE,4.0,4,AZ,ARIZONA,,,,,,,,0,,,9000,UNITED STATES,ARIZONA,2026,WEEKLY,21,21,WEEK #21,2026-05-24,2026-05-26 16:00:00.000,16,,condition_prev_excellent,STATE
SURVEY,CROPS,FIELD CROPS,COTTON,UPLAND,ALL PRODUCTION PRACTICES,ALL UTILIZATION PRACTICES,"CONDITION, PREVIOUS YEAR",PCT EXCELLENT,"COTTON, UPLAND - CONDITION, PREVIOUS YEAR, MEASURED IN PCT EXCELLENT",TOTAL,NOT SPECIFIED,STATE,4.0,4,AZ,ARIZONA,,,,,,,,0,,,9000,UNITED STATES,ARIZONA,2026,WEEKLY,22,22,WEEK #22,2026-05-31,2026-06-01 16:00:00.000,15,,condition_prev_excellent,STATE
SURVEY,CROPS,FIELD CROPS,COTTON,UPLAND,ALL PRODUCTION PRACTICES,ALL UTILIZATION PRACTICES,"CONDITION, PREVIOUS YEAR",PCT EXCELLENT,"COTTON, UPLAND - CONDITION, PREVIOUS YEAR, MEASURED IN PCT EXCELLENT",TOTAL,NOT SPECIFIED,STATE,5.0,5,AR,ARKANSAS,,,,,,,,0,,,9000,UNITED STATES,ARKANSAS,2026,WEEKLY,22,22,WEEK #22,2026-05-31,2026-06-01 16:00:00.000,15,,condition_prev_excellent,STATE
SURVEY,CROPS,FIELD CROPS,COTTON,UPLAND,ALL PRODUCTION PRACTICES,ALL UTILIZATION PRACTICES,"CONDITION, PREVIOUS YEAR",PCT EXCELLENT,"COTTON, UPLAND - CONDITION, PREVIOUS YEAR, MEASURED IN PCT EXCELLENT",TOTAL,NOT SPECIFIED,STATE,12.0,12,FL,FLORIDA,,,,,,,,0,,,9000,UNITED STATES,FLORIDA,2026,WEEKLY,21,21,WEEK #21,2026-05-24,2026-05-26 16:00:00.000,1,,condition_prev_excellent,STATE
SURVEY,CROPS,FIELD CROPS,COTTON,UPLAND,ALL PRODUCTION PRACTICES,ALL UTILIZATION PRACTICES,"CONDITION, PREVIOUS YEAR",PCT EXCELLENT,"COTTON, UPLAND - CONDITION, PREVIOUS YEAR, MEASURED IN PCT EXCELLENT",TOTAL,NOT SPECIFIED,STATE,12.0,12,FL,FLORIDA,,,,,,,,0,,,9000,UNITED STATES,FLORIDA,2026,WEEKLY,22,22,WEEK #22,2026-05-31,2026-06-01 16:00:00.000,1,,condition_prev_excellent,STATE
SURVEY,CROPS,FIELD CROPS,COTTON,UPLAND,ALL PRODUCTION PRACTICES,ALL UTILIZATION PRACTICES,"CONDITION, PREVIOUS YEAR",PCT EXCELLENT,"COTTON, UPLAND - CONDITION, PREVIOUS YEAR, MEASURED IN PCT EXCELLENT",TOTAL,NOT SPECIFIED,STATE,13.0,13,GA,GEORGIA,,,,,,,,0,,,9000,UNITED STATES,GEORGIA,2026,WEEKLY,22,22,WEEK #22,2026-05-31,2026-06-01 16:00:00.000,6,,condition_prev_excellent,STATE
SURVEY,CROPS,FIELD CROPS,COTTON,UPLAND,ALL PRODUCTION PRACTICES,ALL UTILIZATION PRACTICES,"CONDITION, PREVIOUS YEAR",PCT EXCELLENT,"COTTON, UPLAND - CONDITION, PREVIOUS YEAR, MEASURED IN PCT EXCELLENT",TOTAL,NOT SPECIFIED,STATE,28.0,28,MS,MISSISSIPPI,,,,,,,,0,,,9000,UNITED STATES,MISSISSIPPI,2026,WEEKLY,22,22,WEEK #22,2026-05-31,2026-06-01 16:00:00.000,3,,condition_prev_excellent,STATE
SURVEY,CROPS,FIELD CROPS,COTTON,UPLAND,ALL PRODUCTION PRACTICES,ALL UTILIZATION PRACTICES,"CONDITION, PREVIOUS YEAR",PCT EXCELLENT,"COTTON, UPLAND - CONDITION, PREVIOUS YEAR, MEASURED IN PCT EXCELLENT",TOTAL,NOT SPECIFIED,STATE,29.0,29,MO,MISSOURI,,,,,,,,0,,,9000,UNITED STATES,MISSOURI,2026,WEEKLY,21,21,WEEK #21,2026-05-24,2026-05-26 16:00:00.000,0,,condition_prev_excellent,STATE
SURVEY,CROPS,FIELD CROPS,COTTON,UPLAND,ALL PRODUCTION PRACTICES,ALL UTILIZATION PRACTICES,"CONDITION, PREVIOUS YEAR",PCT EXCELLENT,"COTTON, UPLAND - CONDITION, PREVIOUS YEAR, MEASURED IN PCT EXCELLENT",TOTAL,NOT SPECIFIED,STATE,29.0,29,MO,MISSOURI,,,,,,,,0,,,9000,UNITED STATES,MISSOURI,2026,WEEKLY,22,22,WEEK #22,2026-05-31,2026-06-01 16:00:00.000,0,,condition_prev_excellent,STATE
SURVEY,CROPS,FIELD CROPS,COTTON,UPLAND,ALL PRODUCTION PRACTICES,ALL UTILIZATION PRACTICES,"CONDITION, PREVIOUS YEAR",PCT EXCELLENT,"COTTON, UPLAND - CONDITION, PREVIOUS YEAR, MEASURED IN PCT EXCELLENT",TOTAL,NOT SPECIFIED,STATE,35.0,35,NM,NEW MEXICO,,,,,,,,0,,,9000,UNITED STATES,NEW MEXICO,2026,WEEKLY,22,22,WEEK #22,2026-05-31,2026-06-01 16:00:00.000,9,,condition_prev_excellent,STATE
SURVEY,CROPS,FIELD CROPS,COTTON,UPLAND,ALL PRODUCTION PRACTICES,ALL UTILIZATION PRACTICES,"CONDITION, PREVIOUS YEAR",PCT EXCELLENT,"COTTON, UPLAND - CONDITION, PREVIOUS YEAR, MEASURED IN PCT EXCELLENT",TOTAL,NOT SPECIFIED,STATE,37.0,37,NC,NORTH CAROLINA,,,,,,,,0,,,9000,UNITED STATES,NORTH CAROLINA,2026,WEEKLY,21,21,WEEK #21,2026-05-24,2026-05-26 16:00:00.000,10,,condition_prev_excellent,STATE
SURVEY,CROPS,FIELD CROPS,COTTON,UPLAND,ALL PRODUCTION PRACTICES,ALL UTILIZATION PRACTICES,"CONDITION, PREVIOUS YEAR",PCT EXCELLENT,"COTTON, UPLAND - CONDITION, PREVIOUS YEAR, MEASURED IN PCT EXCELLENT",TOTAL,NOT SPECIFIED,STATE,37.0,37,NC,NORTH CAROLINA,,,,,,,,0,,,9000,UNITED STATES,NORTH CAROLINA,2026,WEEKLY,22,22,WEEK #22,2026-05-31,2026-06-01 16:00:00.000,4,,condition_prev_excellent,STATE
SURVEY,CROPS,FIELD CROPS,COTTON,UPLAND,ALL PRODUCTION PRACTICES,ALL UTILIZATION PRACTICES,"CONDITION, PREVIOUS YEAR",PCT EXCELLENT,"COTTON, UPLAND - CONDITION, PREVIOUS YEAR, MEASURED IN PCT EXCELLENT",TOTAL,NOT SPECIFIED,STATE,45.0,45,SC,SOUTH CAROLINA,,,,,,,,0,,,9000,UNITED STATES,SOUTH CAROLINA,2026,WEEKLY,22,22,WEEK #22,2026-05-31,2026-06-01 16:00:00.000,9,,condition_prev_excellent,STATE
SURVEY,CROPS,FIELD CROPS,COTTON,UPLAND,ALL PRODUCTION PRACTICES,ALL UTILIZATION PRACTICES,"CONDITION, PREVIOUS YEAR",PCT EXCELLENT,"COTTON, UPLAND - CONDITION, PREVIOUS YEAR, MEASURED IN PCT EXCELLENT",TOTAL,NOT SPECIFIED,STATE,47.0,47,TN,TENNESSEE,,,,,,,,0,,,9000,UNITED STATES,TENNESSEE,2026,WEEKLY,21,21,WEEK #21,2026-05-24,2026-05-26 16:00:00.000,3,,condition_prev_excellent,STATE
SURVEY,CROPS,FIELD CROPS,COTTON,UPLAND,ALL PRODUCTION PRACTICES,ALL UTILIZATION PRACTICES,"CONDITION, PREVIOUS YEAR",PCT EXCELLENT,"COTTON, UPLAND - CONDITION, PREVIOUS YEAR, MEASURED IN PCT EXCELLENT",TOTAL,NOT SPECIFIED,STATE,47.0,47,TN,TENNESSEE,,,,,,,,0,,,9000,UNITED STATES,TENNESSEE,2026,WEEKLY,22,22,WEEK #22,2026-05-31,2026-06-01 16:00:00.000,6,,condition_prev_excellent,STATE
SURVEY,CROPS,FIELD CROPS,COTTON,UPLAND,ALL PRODUCTION PRACTICES,ALL UTILIZATION PRACTICES,"CONDITION, PREVIOUS YEAR",PCT EXCELLENT,"COTTON, UPLAND - CONDITION, PREVIOUS YEAR, MEASURED IN PCT EXCELLENT",TOTAL,NOT SPECIFIED,STATE,51.0,51,VA,VIRGINIA,,,,,,,,0,,,9000,UNITED STATES,VIRGINIA,2026,WEEKLY,22,22,WEEK #22,2026-05-31,2026-06-01 16:00:00.000,2,,condition_prev_excellent,STATE
SURVEY,CROPS,FIELD CROPS,COTTON,UPLAND,ALL PRODUCTION PRACTICES,ALL UTILIZATION PRACTICES,"CONDITION, PREVIOUS YEAR",PCT FAIR,"COTTON, UPLAND - CONDITION, PREVIOUS YEAR, MEASURED IN PCT FAIR",TOTAL,NOT SPECIFIED,STATE,1.0,1,AL,ALABAMA,,,,,,,,0,,,9000,UNITED STATES,ALABAMA,2026,WEEKLY,21,21,WEEK #21,2026-05-24,2026-05-26 16:00:00.000,18,,condition_prev_fair,STATE
SURVEY,CROPS,FIELD CROPS,COTTON,UPLAND,ALL PRODUCTION PRACTICES,ALL UTILIZATION PRACTICES,"CONDITION, PREVIOUS YEAR",PCT FAIR,"COTTON, UPLAND - CONDITION, PREVIOUS YEAR, MEASURED IN PCT FAIR",TOTAL,NOT SPECIFIED,STATE,1.0,1,AL,ALABAMA,,,,,,,,0,,,9000,UNITED STATES,ALABAMA,2026,WEEKLY,22,22,WEEK #22,2026-05-31,2026-06-01 16:00:00.000,19,,condition_prev_fair,STATE
SURVEY,CROPS,FIELD CROPS,COTTON,UPLAND,ALL PRODUCTION PRACTICES,ALL UTILIZATION PRACTICES,"CONDITION, PREVIOUS YEAR",PCT FAIR,"COTTON, UPLAND - CONDITION, PREVIOUS YEAR, MEASURED IN PCT FAIR",TOTAL,NOT SPECIFIED,STATE,4.0,4,AZ,ARIZONA,,,,,,,,0,,,9000,UNITED STATES,ARIZONA,2026,WEEKLY,19,19,WEEK #19,2026-05-10,2026-05-11 16:00:00.000,2,,condition_prev_fair,STATE
SURVEY,CROPS,FIELD CROPS,COTTON,UPLAND,ALL PRODUCTION PRACTICES,ALL UTILIZATION PRACTICES,"CONDITION, PREVIOUS YEAR",PCT FAIR,"COTTON, UPLAND - CONDITION, PREVIOUS YEAR, MEASURED IN PCT FAIR",TOTAL,NOT SPECIFIED,STATE,4.0,4,AZ,ARIZONA,,,,,,,,0,,,9000,UNITED STATES,ARIZONA,2026,WEEKLY,20,20,WEEK #20,2026-05-17,2026-05-18 16:00:00.000,2,,condition_prev_fair,STATE
SURVEY,CROPS,FIELD CROPS,COTTON,UPLAND,ALL PRODUCTION PRACTICES,ALL UTILIZATION PRACTICES,"CONDITION, PREVIOUS YEAR",PCT FAIR,"COTTON, UPLAND - CONDITION, PREVIOUS YEAR, MEASURED IN PCT FAIR",TOTAL,NOT SPECIFIED,STATE,4.0,4,AZ,ARIZONA,,,,,,,,0,,,9000,UNITED STATES,ARIZONA,2026,WEEKLY,21,21,WEEK #21,2026-05-24,2026-05-26 16:00:00.000,16,,condition_prev_fair,STATE
SURVEY,CROPS,FIELD CROPS,COTTON,UPLAND,ALL PRODUCTION PRACTICES,ALL UTILIZATION PRACTICES,"CONDITION, PREVIOUS YEAR",PCT FAIR,"COTTON, UPLAND - CONDITION, PREVIOUS YEAR, MEASURED IN PCT FAIR",TOTAL,NOT SPECIFIED,STATE,4.0,4,AZ,ARIZONA,,,,,,,,0,,,9000,UNITED STATES,ARIZONA,2026,WEEKLY,22,22,WEEK #22,2026-05-31,2026-06-01 16:00:00.000,24,,condition_prev_fair,STATE
SURVEY,CROPS,FIELD CROPS,COTTON,UPLAND,ALL PRODUCTION PRACTICES,ALL UTILIZATION PRACTICES,"CONDITION, PREVIOUS YEAR",PCT FAIR,"COTTON, UPLAND - CONDITION, PREVIOUS YEAR, MEASURED IN PCT FAIR",TOTAL,NOT SPECIFIED,STATE,5.0,5,AR,ARKANSAS,,,,,,,,0,,,9000,UNITED STATES,ARKANSAS,2026,WEEKLY,22,22,WEEK #22,2026-05-31,2026-06-01 16:00:00.000,27,,condition_prev_fair,STATE
SURVEY,CROPS,FIELD CROPS,COTTON,UPLAND,ALL PRODUCTION PRACTICES,ALL UTILIZATION PRACTICES,"CONDITION, PREVIOUS YEAR",PCT FAIR,"COTTON, UPLAND - CONDITION, PREVIOUS YEAR, MEASURED IN PCT FAIR",TOTAL,NOT SPECIFIED,STATE,12.0,12,FL,FLORIDA,,,,,,,,0,,,9000,UNITED STATES,FLORIDA,2026,WEEKLY,21,21,WEEK #21,2026-05-24,2026-05-26 16:00:00.000,10,,condition_prev_fair,STATE
SURVEY,CROPS,FIELD CROPS,COTTON,UPLAND,ALL PRODUCTION PRACTICES,ALL UTILIZATION PRACTICES,"CONDITION, PREVIOUS YEAR",PCT FAIR,"COTTON, UPLAND - CONDITION, PREVIOUS YEAR, MEASURED IN PCT FAIR",TOTAL,NOT SPECIFIED,STATE,12.0,12,FL,FLORIDA,,,,,,,,0,,,9000,UNITED STATES,FLORIDA,2026,WEEKLY,22,22,WEEK #22,2026-05-31,2026-06-01 16:00:00.000,17,,condition_prev_fair,STATE
SURVEY,CROPS,FIELD CROPS,COTTON,UPLAND,ALL PRODUCTION PRACTICES,ALL UTILIZATION PRACTICES,"CONDITION, PREVIOUS YEAR",PCT FAIR,"COTTON, UPLAND - CONDITION, PREVIOUS YEAR, MEASURED IN PCT FAIR",TOTAL,NOT SPECIFIED,STATE,13.0,13,GA,GEORGIA,,,,,,,,0,,,9000,UNITED STATES,GEORGIA,2026,WEEKLY,22,22,WEEK #22,2026-05-31,2026-06-01 16:00:00.000,32,,condition_prev_fair,STATE
SURVEY,CROPS,FIELD CROPS,COTTON,UPLAND,ALL PRODUCTION PRACTICES,ALL UTILIZATION PRACTICES,"CONDITION, PREVIOUS YEAR",PCT FAIR,"COTTON, UPLAND - CONDITION, PREVIOUS YEAR, MEASURED IN PCT FAIR",TOTAL,NOT SPECIFIED,STATE,28.0,28,MS,MISSISSIPPI,,,,,,,,0,,,9000,UNITED STATES,MISSISSIPPI,2026,WEEKLY,22,22,WEEK #22,2026-05-31,2026-06-01 16:00:00.000,47,,condition_prev_fair,STATE
SURVEY,CROPS,FIELD CROPS,COTTON,UPLAND,ALL PRODUCTION PRACTICES,ALL UTILIZATION PRACTICES,"CONDITION, PREVIOUS YEAR",PCT FAIR,"COTTON, UPLAND - CONDITION, PREVIOUS YEAR, MEASURED IN PCT FAIR",TOTAL,NOT SPECIFIED,STATE,29.0,29,MO,MISSOURI,,,,,,,,0,,,9000,UNITED STATES,MISSOURI,2026,WEEKLY,21,21,WEEK #21,2026-05-24,2026-05-26 16:00:00.000,40,,condition_prev_fair,STATE
SURVEY,CROPS,FIELD CROPS,COTTON,UPLAND,ALL PRODUCTION PRACTICES,ALL UTILIZATION PRACTICES,"CONDITION, PREVIOUS YEAR",PCT FAIR,"COTTON, UPLAND - CONDITION, PREVIOUS YEAR, MEASURED IN PCT FAIR",TOTAL,NOT SPECIFIED,STATE,29.0,29,MO,MISSOURI,,,,,,,,0,,,9000,UNITED STATES,MISSOURI,2026,WEEKLY,22,22,WEEK #22,2026-05-31,2026-06-01 16:00:00.000,36,,condition_prev_fair,STATE
SURVEY,CROPS,FIELD CROPS,COTTON,UPLAND,ALL PRODUCTION PRACTICES,ALL UTILIZATION PRACTICES,"CONDITION, PREVIOUS YEAR",PCT FAIR,"COTTON, UPLAND - CONDITION, PREVIOUS YEAR, MEASURED IN PCT FAIR",TOTAL,NOT SPECIFIED,STATE,35.0,35,NM,NEW MEXICO,,,,,,,,0,,,9000,UNITED STATES,NEW MEXICO,2026,WEEKLY,22,22,WEEK #22,2026-05-31,2026-06-01 16:00:00.000,49,,condition_prev_fair,STATE
SURVEY,CROPS,FIELD CROPS,COTTON,UPLAND,ALL PRODUCTION PRACTICES,ALL UTILIZATION PRACTICES,"CONDITION, PREVIOUS YEAR",PCT FAIR,"COTTON, UPLAND - CONDITION, PREVIOUS YEAR, MEASURED IN PCT FAIR",TOTAL,NOT SPECIFIED,STATE,37.0,37,NC,NORTH CAROLINA,,,,,,,,0,,,9000,UNITED STATES,NORTH CAROLINA,2026,WEEKLY,21,21,WEEK #21,2026-05-24,2026-05-26 16:00:00.000,31,,condition_prev_fair,STATE
SURVEY,CROPS,FIELD CROPS,COTTON,UPLAND,ALL PRODUCTION PRACTICES,ALL UTILIZATION PRACTICES,"CONDITION, PREVIOUS YEAR",PCT FAIR,"COTTON, UPLAND - CONDITION, PREVIOUS YEAR, MEASURED IN PCT FAIR",TOTAL,NOT SPECIFIED,STATE,37.0,37,NC,NORTH CAROLINA,,,,,,,,0,,,9000,UNITED STATES,NORTH CAROLINA,2026,WEEKLY,22,22,WEEK #22,2026-05-31,2026-06-01 16:00:00.000,25,,condition_prev_fair,STATE
SURVEY,CROPS,FIELD CROPS,COTTON,UPLAND,ALL PRODUCTION PRACTICES,ALL UTILIZATION PRACTICES,"CONDITION, PREVIOUS YEAR",PCT FAIR,"COTTON, UPLAND - CONDITION, PREVIOUS YEAR, MEASURED IN PCT FAIR",TOTAL,NOT SPECIFIED,STATE,45.0,45,SC,SOUTH CAROLINA,,,,,,,,0,,,9000,UNITED STATES,SOUTH CAROLINA,2026,WEEKLY,22,22,WEEK #22,2026-05-31,2026-06-01 16:00:00.000,32,,condition_prev_fair,STATE
SURVEY,CROPS,FIELD CROPS,COTTON,UPLAND,ALL PRODUCTION PRACTICES,ALL UTILIZATION PRACTICES,"CONDITION, PREVIOUS YEAR",PCT FAIR,"COTTON, UPLAND - CONDITION, PREVIOUS YEAR, MEASURED IN PCT FAIR",TOTAL,NOT SPECIFIED,STATE,47.0,47,TN,TENNESSEE,,,,,,,,0,,,9000,UNITED STATES,TENNESSEE,2026,WEEKLY,21,21,WEEK #21,2026-05-24,2026-05-26 16:00:00.000,32,,condition_prev_fair,STATE
SURVEY,CROPS,FIELD CROPS,COTTON,UPLAND,ALL PRODUCTION PRACTICES,ALL UTILIZATION PRACTICES,"CONDITION, PREVIOUS YEAR",PCT FAIR,"COTTON, UPLAND - CONDITION, PREVIOUS YEAR, MEASURED IN PCT FAIR",TOTAL,NOT SPECIFIED,STATE,47.0,47,TN,TENNESSEE,,,,,,,,0,,,9000,UNITED STATES,TENNESSEE,2026,WEEKLY,22,22,WEEK #22,2026-05-31,2026-06-01 16:00:00.000,24,,condition_prev_fair,STATE
SURVEY,CROPS,FIELD CROPS,COTTON,UPLAND,ALL PRODUCTION PRACTICES,ALL UTILIZATION PRACTICES,"CONDITION, PREVIOUS YEAR",PCT FAIR,"COTTON, UPLAND - CONDITION, PREVIOUS YEAR, MEASURED IN PCT FAIR",TOTAL,NOT SPECIFIED,STATE,51.0,51,VA,VIRGINIA,,,,,,,,0,,,9000,UNITED STATES,VIRGINIA,2026,WEEKLY,22,22,WEEK #22,2026-05-31,2026-06-01 16:00:00.000,4,,condition_prev_fair,STATE
SURVEY,CROPS,FIELD CROPS,COTTON,UPLAND,ALL PRODUCTION PRACTICES,ALL UTILIZATION PRACTICES,"CONDITION, PREVIOUS YEAR",PCT GOOD,"COTTON, UPLAND - CONDITION, PREVIOUS YEAR, MEASURED IN PCT GOOD",TOTAL,NOT SPECIFIED,STATE,1.0,1,AL,ALABAMA,,,,,,,,0,,,9000,UNITED STATES,ALABAMA,2026,WEEKLY,21,21,WEEK #21,2026-05-24,2026-05-26 16:00:00.000,70,,condition_prev_good,STATE
SURVEY,CROPS,FIELD CROPS,COTTON,UPLAND,ALL PRODUCTION PRACTICES,ALL UTILIZATION PRACTICES,"CONDITION, PREVIOUS YEAR",PCT GOOD,"COTTON, UPLAND - CONDITION, PREVIOUS YEAR, MEASURED IN PCT GOOD",TOTAL,NOT SPECIFIED,STATE,1.0,1,AL,ALABAMA,,,,,,,,0,,,9000,UNITED STATES,ALABAMA,2026,WEEKLY,22,22,WEEK #22,2026-05-31,2026-06-01 16:00:00.000,69,,condition_prev_good,STATE
SURVEY,CROPS,FIELD CROPS,COTTON,UPLAND,ALL PRODUCTION PRACTICES,ALL UTILIZATION PRACTICES,"CONDITION, PREVIOUS YEAR",PCT GOOD,"COTTON, UPLAND - CONDITION, PREVIOUS YEAR, MEASURED IN PCT GOOD",TOTAL,NOT SPECIFIED,STATE,4.0,4,AZ,ARIZONA,,,,,,,,0,,,9000,UNITED STATES,ARIZONA,2026,WEEKLY,19,19,WEEK #19,2026-05-10,2026-05-11 16:00:00.000,86,,condition_prev_good,STATE
SURVEY,CROPS,FIELD CROPS,COTTON,UPLAND,ALL PRODUCTION PRACTICES,ALL UTILIZATION PRACTICES,"CONDITION, PREVIOUS YEAR",PCT GOOD,"COTTON, UPLAND - CONDITION, PREVIOUS YEAR, MEASURED IN PCT GOOD",TOTAL,NOT SPECIFIED,STATE,4.0,4,AZ,ARIZONA,,,,,,,,0,,,9000,UNITED STATES,ARIZONA,2026,WEEKLY,20,20,WEEK #20,2026-05-17,2026-05-18 16:00:00.000,90,,condition_prev_good,STATE
SURVEY,CROPS,FIELD CROPS,COTTON,UPLAND,ALL PRODUCTION PRACTICES,ALL UTILIZATION PRACTICES,"CONDITION, PREVIOUS YEAR",PCT GOOD,"COTTON, UPLAND - CONDITION, PREVIOUS YEAR, MEASURED IN PCT GOOD",TOTAL,NOT SPECIFIED,STATE,4.0,4,AZ,ARIZONA,,,,,,,,0,,,9000,UNITED STATES,ARIZONA,2026,WEEKLY,21,21,WEEK #21,2026-05-24,2026-05-26 16:00:00.000,68,,condition_prev_good,STATE
SURVEY,CROPS,FIELD CROPS,COTTON,UPLAND,ALL PRODUCTION PRACTICES,ALL UTILIZATION PRACTICES,"CONDITION, PREVIOUS YEAR",PCT GOOD,"COTTON, UPLAND - CONDITION, PREVIOUS YEAR, MEASURED IN PCT GOOD",TOTAL,NOT SPECIFIED,STATE,4.0,4,AZ,ARIZONA,,,,,,,,0,,,9000,UNITED STATES,ARIZONA,2026,WEEKLY,22,22,WEEK #22,2026-05-31,2026-06-01 16:00:00.000,61,,condition_prev_good,STATE
SURVEY,CROPS,FIELD CROPS,COTTON,UPLAND,ALL PRODUCTION PRACTICES,ALL UTILIZATION PRACTICES,"CONDITION, PREVIOUS YEAR",PCT GOOD,"COTTON, UPLAND - CONDITION, PREVIOUS YEAR, MEASURED IN PCT GOOD",TOTAL,NOT SPECIFIED,STATE,5.0,5,AR,ARKANSAS,,,,,,,,0,,,9000,UNITED STATES,ARKANSAS,2026,WEEKLY,22,22,WEEK #22,2026-05-31,2026-06-01 16:00:00.000,52,,condition_prev_good,STATE
SURVEY,CROPS,FIELD CROPS,COTTON,UPLAND,ALL PRODUCTION PRACTICES,ALL UTILIZATION PRACTICES,"CONDITION, PREVIOUS YEAR",PCT GOOD,"COTTON, UPLAND - CONDITION, PREVIOUS YEAR, MEASURED IN PCT GOOD",TOTAL,NOT SPECIFIED,STATE,12.0,12,FL,FLORIDA,,,,,,,,0,,,9000,UNITED STATES,FLORIDA,2026,WEEKLY,21,21,WEEK #21,2026-05-24,2026-05-26 16:00:00.000,89,,condition_prev_good,STATE
SURVEY,CROPS,FIELD CROPS,COTTON,UPLAND,ALL PRODUCTION PRACTICES,ALL UTILIZATION PRACTICES,"CONDITION, PREVIOUS YEAR",PCT GOOD,"COTTON, UPLAND - CONDITION, PREVIOUS YEAR, MEASURED IN PCT GOOD",TOTAL,NOT SPECIFIED,STATE,12.0,12,FL,FLORIDA,,,,,,,,0,,,9000,UNITED STATES,FLORIDA,2026,WEEKLY,22,22,WEEK #22,2026-05-31,2026-06-01 16:00:00.000,82,,condition_prev_good,STATE
SURVEY,CROPS,FIELD CROPS,COTTON,UPLAND,ALL PRODUCTION PRACTICES,ALL UTILIZATION PRACTICES,"CONDITION, PREVIOUS YEAR",PCT GOOD,"COTTON, UPLAND - CONDITION, PREVIOUS YEAR, MEASURED IN PCT GOOD",TOTAL,NOT SPECIFIED,STATE,13.0,13,GA,GEORGIA,,,,,,,,0,,,9000,UNITED STATES,GEORGIA,2026,WEEKLY,22,22,WEEK #22,2026-05-31,2026-06-01 16:00:00.000,57,,condition_prev_good,STATE
SURVEY,CROPS,FIELD CROPS,COTTON,UPLAND,ALL PRODUCTION PRACTICES,ALL UTILIZATION PRACTICES,"CONDITION, PREVIOUS YEAR",PCT GOOD,"COTTON, UPLAND - CONDITION, PREVIOUS YEAR, MEASURED IN PCT GOOD",TOTAL,NOT SPECIFIED,STATE,28.0,28,MS,MISSISSIPPI,,,,,,,,0,,,9000,UNITED STATES,MISSISSIPPI,2026,WEEKLY,22,22,WEEK #22,2026-05-31,2026-06-01 16:00:00.000,43,,condition_prev_good,STATE
SURVEY,CROPS,FIELD CROPS,COTTON,UPLAND,ALL PRODUCTION PRACTICES,ALL UTILIZATION PRACTICES,"CONDITION, PREVIOUS YEAR",PCT GOOD,"COTTON, UPLAND - CONDITION, PREVIOUS YEAR, MEASURED IN PCT GOOD",TOTAL,NOT SPECIFIED,STATE,29.0,29,MO,MISSOURI,,,,,,,,0,,,9000,UNITED STATES,MISSOURI,2026,WEEKLY,21,21,WEEK #21,2026-05-24,2026-05-26 16:00:00.000,49,,condition_prev_good,STATE
SURVEY,CROPS,FIELD CROPS,COTTON,UPLAND,ALL PRODUCTION PRACTICES,ALL UTILIZATION PRACTICES,"CONDITION, PREVIOUS YEAR",PCT GOOD,"COTTON, UPLAND - CONDITION, PREVIOUS YEAR, MEASURED IN PCT GOOD",TOTAL,NOT SPECIFIED,STATE,29.0,29,MO,MISSOURI,,,,,,,,0,,,9000,UNITED STATES,MISSOURI,2026,WEEKLY,22,22,WEEK #22,2026-05-31,2026-06-01 16:00:00.000,54,,condition_prev_good,STATE
SURVEY,CROPS,FIELD CROPS,COTTON,UPLAND,ALL PRODUCTION PRACTICES,ALL UTILIZATION PRACTICES,"CONDITION, PREVIOUS YEAR",PCT GOOD,"COTTON, UPLAND - CONDITION, PREVIOUS YEAR, MEASURED IN PCT GOOD",TOTAL,NOT SPECIFIED,STATE,35.0,35,NM,NEW MEXICO,,,,,,,,0,,,9000,UNITED STATES,NEW MEXICO,2026,WEEKLY,22,22,WEEK #22,2026-05-31,2026-06-01 16:00:00.000,15,,condition_prev_good,STATE
SURVEY,CROPS,FIELD CROPS,COTTON,UPLAND,ALL PRODUCTION PRACTICES,ALL UTILIZATION PRACTICES,"CONDITION, PREVIOUS YEAR",PCT GOOD,"COTTON, UPLAND - CONDITION, PREVIOUS YEAR, MEASURED IN PCT GOOD",TOTAL,NOT SPECIFIED,STATE,37.0,37,NC,NORTH CAROLINA,,,,,,,,0,,,9000,UNITED STATES,NORTH CAROLINA,2026,WEEKLY,21,21,WEEK #21,2026-05-24,2026-05-26 16:00:00.000,53,,condition_prev_good,STATE
SURVEY,CROPS,FIELD CROPS,COTTON,UPLAND,ALL PRODUCTION PRACTICES,ALL UTILIZATION PRACTICES,"CONDITION, PREVIOUS YEAR",PCT GOOD,"COTTON, UPLAND - CONDITION, PREVIOUS YEAR, MEASURED IN PCT GOOD",TOTAL,NOT SPECIFIED,STATE,37.0,37,NC,NORTH CAROLINA,,,,,,,,0,,,9000,UNITED STATES,NORTH CAROLINA,2026,WEEKLY,22,22,WEEK #22,2026-05-31,2026-06-01 16:00:00.000,50,,condition_prev_good,STATE
SURVEY,CROPS,FIELD CROPS,COTTON,UPLAND,ALL PRODUCTION PRACTICES,ALL UTILIZATION PRACTICES,"CONDITION, PREVIOUS YEAR",PCT GOOD,"COTTON, UPLAND - CONDITION, PREVIOUS YEAR, MEASURED IN PCT GOOD",TOTAL,NOT SPECIFIED,STATE,45.0,45,SC,SOUTH CAROLINA,,,,,,,,0,,,9000,UNITED STATES,SOUTH CAROLINA,2026,WEEKLY,22,22,WEEK #22,2026-05-31,2026-06-01 16:00:00.000,57,,condition_prev_good,STATE
SURVEY,CROPS,FIELD CROPS,COTTON,UPLAND,ALL PRODUCTION PRACTICES,ALL UTILIZATION PRACTICES,"CONDITION, PREVIOUS YEAR",PCT GOOD,"COTTON, UPLAND - CONDITION, PREVIOUS YEAR, MEASURED IN PCT GOOD",TOTAL,NOT SPECIFIED,STATE,47.0,47,TN,TENNESSEE,,,,,,,,0,,,9000,UNITED STATES,TENNESSEE,2026,WEEKLY,21,21,WEEK #21,2026-05-24,2026-05-26 16:00:00.000,61,,condition_prev_good,STATE
SURVEY,CROPS,FIELD CROPS,COTTON,UPLAND,ALL PRODUCTION PRACTICES,ALL UTILIZATION PRACTICES,"CONDITION, PREVIOUS YEAR",PCT GOOD,"COTTON, UPLAND - CONDITION, PREVIOUS YEAR, MEASURED IN PCT GOOD",TOTAL,NOT SPECIFIED,STATE,47.0,47,TN,TENNESSEE,,,,,,,,0,,,9000,UNITED STATES,TENNESSEE,2026,WEEKLY,22,22,WEEK #22,2026-05-31,2026-06-01 16:00:00.000,45,,condition_prev_good,STATE
SURVEY,CROPS,FIELD CROPS,COTTON,UPLAND,ALL PRODUCTION PRACTICES,ALL UTILIZATION PRACTICES,"CONDITION, PREVIOUS YEAR",PCT GOOD,"COTTON, UPLAND - CONDITION, PREVIOUS YEAR, MEASURED IN PCT GOOD",TOTAL,NOT SPECIFIED,STATE,51.0,51,VA,VIRGINIA,,,,,,,,0,,,9000,UNITED STATES,VIRGINIA,2026,WEEKLY,22,22,WEEK #22,2026-05-31,2026-06-01 16:00:00.000,94,,condition_prev_good,STATE
SURVEY,CROPS,FIELD CROPS,COTTON,UPLAND,ALL PRODUCTION PRACTICES,ALL UTILIZATION PRACTICES,"CONDITION, PREVIOUS YEAR",PCT POOR,"COTTON, UPLAND - CONDITION, PREVIOUS YEAR, MEASURED IN PCT POOR",TOTAL,NOT SPECIFIED,STATE,1.0,1,AL,ALABAMA,,,,,,,,0,,,9000,UNITED STATES,ALABAMA,2026,WEEKLY,21,21,WEEK #21,2026-05-24,2026-05-26 16:00:00.000,9,,condition_prev_poor,STATE
SURVEY,CROPS,FIELD CROPS,COTTON,UPLAND,ALL PRODUCTION PRACTICES,ALL UTILIZATION PRACTICES,"CONDITION, PREVIOUS YEAR",PCT POOR,"COTTON, UPLAND - CONDITION, PREVIOUS YEAR, MEASURED IN PCT POOR",TOTAL,NOT SPECIFIED,STATE,1.0,1,AL,ALABAMA,,,,,,,,0,,,9000,UNITED STATES,ALABAMA,2026,WEEKLY,22,22,WEEK #22,2026-05-31,2026-06-01 16:00:00.000,9,,condition_prev_poor,STATE
SURVEY,CROPS,FIELD CROPS,COTTON,UPLAND,ALL PRODUCTION PRACTICES,ALL UTILIZATION PRACTICES,"CONDITION, PREVIOUS YEAR",PCT POOR,"COTTON, UPLAND - CONDITION, PREVIOUS YEAR, MEASURED IN PCT POOR",TOTAL,NOT SPECIFIED,STATE,4.0,4,AZ,ARIZONA,,,,,,,,0,,,9000,UNITED STATES,ARIZONA,2026,WEEKLY,19,19,WEEK #19,2026-05-10,2026-05-11 16:00:00.000,0,,condition_prev_poor,STATE
SURVEY,CROPS,FIELD CROPS,COTTON,UPLAND,ALL PRODUCTION PRACTICES,ALL UTILIZATION PRACTICES,"CONDITION, PREVIOUS YEAR",PCT POOR,"COTTON, UPLAND - CONDITION, PREVIOUS YEAR, MEASURED IN PCT POOR",TOTAL,NOT SPECIFIED,STATE,4.0,4,AZ,ARIZONA,,,,,,,,0,,,9000,UNITED STATES,ARIZONA,2026,WEEKLY,20,20,WEEK #20,2026-05-17,2026-05-18 16:00:00.000,0,,condition_prev_poor,STATE
SURVEY,CROPS,FIELD CROPS,COTTON,UPLAND,ALL PRODUCTION PRACTICES,ALL UTILIZATION PRACTICES,"CONDITION, PREVIOUS YEAR",PCT POOR,"COTTON, UPLAND - CONDITION, PREVIOUS YEAR, MEASURED IN PCT POOR",TOTAL,NOT SPECIFIED,STATE,4.0,4,AZ,ARIZONA,,,,,,,,0,,,9000,UNITED STATES,ARIZONA,2026,WEEKLY,21,21,WEEK #21,2026-05-24,2026-05-26 16:00:00.000,0,,condition_prev_poor,STATE
SURVEY,CROPS,FIELD CROPS,COTTON,UPLAND,ALL PRODUCTION PRACTICES,ALL UTILIZATION PRACTICES,"CONDITION, PREVIOUS YEAR",PCT POOR,"COTTON, UPLAND - CONDITION, PREVIOUS YEAR, MEASURED IN PCT POOR",TOTAL,NOT SPECIFIED,STATE,4.0,4,AZ,ARIZONA,,,,,,,,0,,,9000,UNITED STATES,ARIZONA,2026,WEEKLY,22,22,WEEK #22,2026-05-31,2026-06-01 16:00:00.000,0,,condition_prev_poor,STATE
SURVEY,CROPS,FIELD CROPS,COTTON,UPLAND,ALL PRODUCTION PRACTICES,ALL UTILIZATION PRACTICES,"CONDITION, PREVIOUS YEAR",PCT POOR,"COTTON, UPLAND - CONDITION, PREVIOUS YEAR, MEASURED IN PCT POOR",TOTAL,NOT SPECIFIED,STATE,5.0,5,AR,ARKANSAS,,,,,,,,0,,,9000,UNITED STATES,ARKANSAS,2026,WEEKLY,22,22,WEEK #22,2026-05-31,2026-06-01 16:00:00.000,6,,condition_prev_poor,STATE
SURVEY,CROPS,FIELD CROPS,COTTON,UPLAND,ALL PRODUCTION PRACTICES,ALL UTILIZATION PRACTICES,"CONDITION, PREVIOUS YEAR",PCT POOR,"COTTON, UPLAND - CONDITION, PREVIOUS YEAR, MEASURED IN PCT POOR",TOTAL,NOT SPECIFIED,STATE,12.0,12,FL,FLORIDA,,,,,,,,0,,,9000,UNITED STATES,FLORIDA,2026,WEEKLY,21,21,WEEK #21,2026-05-24,2026-05-26 16:00:00.000,0,,condition_prev_poor,STATE
SURVEY,CROPS,FIELD CROPS,COTTON,UPLAND,ALL PRODUCTION PRACTICES,ALL UTILIZATION PRACTICES,"CONDITION, PREVIOUS YEAR",PCT POOR,"COTTON, UPLAND - CONDITION, PREVIOUS YEAR, MEASURED IN PCT POOR",TOTAL,NOT SPECIFIED,STATE,12.0,12,FL,FLORIDA,,,,,,,,0,,,9000,UNITED STATES,FLORIDA,2026,WEEKLY,22,22,WEEK #22,2026-05-31,2026-06-01 16:00:00.000,0,,condition_prev_poor,STATE
SURVEY,CROPS,FIELD CROPS,COTTON,UPLAND,ALL PRODUCTION PRACTICES,ALL UTILIZATION PRACTICES,"CONDITION, PREVIOUS YEAR",PCT POOR,"COTTON, UPLAND - CONDITION, PREVIOUS YEAR, MEASURED IN PCT POOR",TOTAL,NOT SPECIFIED,STATE,13.0,13,GA,GEORGIA,,,,,,,,0,,,9000,UNITED STATES,GEORGIA,2026,WEEKLY,22,22,WEEK #22,2026-05-31,2026-06-01 16:00:00.000,4,,condition_prev_poor,STATE
SURVEY,CROPS,FIELD CROPS,COTTON,UPLAND,ALL PRODUCTION PRACTICES,ALL UTILIZATION PRACTICES,"CONDITION, PREVIOUS YEAR",PCT POOR,"COTTON, UPLAND - CONDITION, PREVIOUS YEAR, MEASURED IN PCT POOR",TOTAL,NOT SPECIFIED,STATE,28.0,28,MS,MISSISSIPPI,,,,,,,,0,,,9000,UNITED STATES,MISSISSIPPI,2026,WEEKLY,22,22,WEEK #22,2026-05-31,2026-06-01 16:00:00.000,4,,condition_prev_poor,STATE
SURVEY,CROPS,FIELD CROPS,COTTON,UPLAND,ALL PRODUCTION PRACTICES,ALL UTILIZATION PRACTICES,"CONDITION, PREVIOUS YEAR",PCT POOR,"COTTON, UPLAND - CONDITION, PREVIOUS YEAR, MEASURED IN PCT POOR",TOTAL,NOT SPECIFIED,STATE,29.0,29,MO,MISSOURI,,,,,,,,0,,,9000,UNITED STATES,MISSOURI,2026,WEEKLY,21,21,WEEK #21,2026-05-24,2026-05-26 16:00:00.000,11,,condition_prev_poor,STATE
SURVEY,CROPS,FIELD CROPS,COTTON,UPLAND,ALL PRODUCTION PRACTICES,ALL UTILIZATION PRACTICES,"CONDITION, PREVIOUS YEAR",PCT POOR,"COTTON, UPLAND - CONDITION, PREVIOUS YEAR, MEASURED IN PCT POOR",TOTAL,NOT SPECIFIED,STATE,29.0,29,MO,MISSOURI,,,,,,,,0,,,9000,UNITED STATES,MISSOURI,2026,WEEKLY,22,22,WEEK #22,2026-05-31,2026-06-01 16:00:00.000,10,,condition_prev_poor,STATE
SURVEY,CROPS,FIELD CROPS,COTTON,UPLAND,ALL PRODUCTION PRACTICES,ALL UTILIZATION PRACTICES,"CONDITION, PREVIOUS YEAR",PCT POOR,"COTTON, UPLAND - CONDITION, PREVIOUS YEAR, MEASURED IN PCT POOR",TOTAL,NOT SPECIFIED,STATE,35.0,35,NM,NEW MEXICO,,,,,,,,0,,,9000,UNITED STATES,NEW MEXICO,2026,WEEKLY,22,22,WEEK #22,2026-05-31,2026-06-01 16:00:00.000,18,,condition_prev_poor,STATE
SURVEY,CROPS,FIELD CROPS,COTTON,UPLAND,ALL PRODUCTION PRACTICES,ALL UTILIZATION PRACTICES,"CONDITION, PREVIOUS YEAR",PCT POOR,"COTTON, UPLAND - CONDITION, PREVIOUS YEAR, MEASURED IN PCT POOR",TOTAL,NOT SPECIFIED,STATE,37.0,37,NC,NORTH CAROLINA,,,,,,,,0,,,9000,UNITED STATES,NORTH CAROLINA,2026,WEEKLY,21,21,WEEK #21,2026-05-24,2026-05-26 16:00:00.000,6,,condition_prev_poor,STATE
SURVEY,CROPS,FIELD CROPS,COTTON,UPLAND,ALL PRODUCTION PRACTICES,ALL UTILIZATION PRACTICES,"CONDITION, PREVIOUS YEAR",PCT POOR,"COTTON, UPLAND - CONDITION, PREVIOUS YEAR, MEASURED IN PCT POOR",TOTAL,NOT SPECIFIED,STATE,37.0,37,NC,NORTH CAROLINA,,,,,,,,0,,,9000,UNITED STATES,NORTH CAROLINA,2026,WEEKLY,22,22,WEEK #22,2026-05-31,2026-06-01 16:00:00.000,14,,condition_prev_poor,STATE
SURVEY,CROPS,FIELD CROPS,COTTON,UPLAND,ALL PRODUCTION PRACTICES,ALL UTILIZATION PRACTICES,"CONDITION, PREVIOUS YEAR",PCT POOR,"COTTON, UPLAND - CONDITION, PREVIOUS YEAR, MEASURED IN PCT POOR",TOTAL,NOT SPECIFIED,STATE,45.0,45,SC,SOUTH CAROLINA,,,,,,,,0,,,9000,UNITED STATES,SOUTH CAROLINA,2026,WEEKLY,22,22,WEEK #22,2026-05-31,2026-06-01 16:00:00.000,2,,condition_prev_poor,STATE
SURVEY,CROPS,FIELD CROPS,COTTON,UPLAND,ALL PRODUCTION PRACTICES,ALL UTILIZATION PRACTICES,"CONDITION, PREVIOUS YEAR",PCT POOR,"COTTON, UPLAND - CONDITION, PREVIOUS YEAR, MEASURED IN PCT POOR",TOTAL,NOT SPECIFIED,STATE,47.0,47,TN,TENNESSEE,,,,,,,,0,,,9000,UNITED STATES,TENNESSEE,2026,WEEKLY,21,21,WEEK #21,2026-05-24,2026-05-26 16:00:00.000,3,,condition_prev_poor,STATE
SURVEY,CROPS,FIELD CROPS,COTTON,UPLAND,ALL PRODUCTION PRACTICES,ALL UTILIZATION PRACTICES,"CONDITION, PREVIOUS YEAR",PCT POOR,"COTTON, UPLAND - CONDITION, PREVIOUS YEAR, MEASURED IN PCT POOR",TOTAL,NOT SPECIFIED,STATE,47.0,47,TN,TENNESSEE,,,,,,,,0,,,9000,UNITED STATES,TENNESSEE,2026,WEEKLY,22,22,WEEK #22,2026-05-31,2026-06-01 16:00:00.000,13,,condition_prev_poor,STATE
SURVEY,CROPS,FIELD CROPS,COTTON,UPLAND,ALL PRODUCTION PRACTICES,ALL UTILIZATION PRACTICES,"CONDITION, PREVIOUS YEAR",PCT POOR,"COTTON, UPLAND - CONDITION, PREVIOUS YEAR, MEASURED IN PCT POOR",TOTAL,NOT SPECIFIED,STATE,51.0,51,VA,VIRGINIA,,,,,,,,0,,,9000,UNITED STATES,VIRGINIA,2026,WEEKLY,22,22,WEEK #22,2026-05-31,2026-06-01 16:00:00.000,0,,condition_prev_poor,STATE
SURVEY,CROPS,FIELD CROPS,COTTON,UPLAND,ALL PRODUCTION PRACTICES,ALL UTILIZATION PRACTICES,"CONDITION, PREVIOUS YEAR",PCT VERY POOR,"COTTON, UPLAND - CONDITION, PREVIOUS YEAR, MEASURED IN PCT VERY POOR",TOTAL,NOT SPECIFIED,STATE,1.0,1,AL,ALABAMA,,,,,,,,0,,,9000,UNITED STATES,ALABAMA,2026,WEEKLY,21,21,WEEK #21,2026-05-24,2026-05-26 16:00:00.000,2,,condition_prev_very_poor,STATE
SURVEY,CROPS,FIELD CROPS,COTTON,UPLAND,ALL PRODUCTION PRACTICES,ALL UTILIZATION PRACTICES,"CONDITION, PREVIOUS YEAR",PCT VERY POOR,"COTTON, UPLAND - CONDITION, PREVIOUS YEAR, MEASURED IN PCT VERY POOR",TOTAL,NOT SPECIFIED,STATE,1.0,1,AL,ALABAMA,,,,,,,,0,,,9000,UNITED STATES,ALABAMA,2026,WEEKLY,22,22,WEEK #22,2026-05-31,2026-06-01 16:00:00.000,2,,condition_prev_very_poor,STATE
SURVEY,CROPS,FIELD CROPS,COTTON,UPLAND,ALL PRODUCTION PRACTICES,ALL UTILIZATION PRACTICES,"CONDITION, PREVIOUS YEAR",PCT VERY POOR,"COTTON, UPLAND - CONDITION, PREVIOUS YEAR, MEASURED IN PCT VERY POOR",TOTAL,NOT SPECIFIED,STATE,4.0,4,AZ,ARIZONA,,,,,,,,0,,,9000,UNITED STATES,ARIZONA,2026,WEEKLY,19,19,WEEK #19,2026-05-10,2026-05-11 16:00:00.000,0,,condition_prev_very_poor,STATE
SURVEY,CROPS,FIELD CROPS,COTTON,UPLAND,ALL PRODUCTION PRACTICES,ALL UTILIZATION PRACTICES,"CONDITION, PREVIOUS YEAR",PCT VERY POOR,"COTTON, UPLAND - CONDITION, PREVIOUS YEAR, MEASURED IN PCT VERY POOR",TOTAL,NOT SPECIFIED,STATE,4.0,4,AZ,ARIZONA,,,,,,,,0,,,9000,UNITED STATES,ARIZONA,2026,WEEKLY,20,20,WEEK #20,2026-05-17,2026-05-18 16:00:00.000,0,,condition_prev_very_poor,STATE
SURVEY,CROPS,FIELD CROPS,COTTON,UPLAND,ALL PRODUCTION PRACTICES,ALL UTILIZATION PRACTICES,"CONDITION, PREVIOUS YEAR",PCT VERY POOR,"COTTON, UPLAND - CONDITION, PREVIOUS YEAR, MEASURED IN PCT VERY POOR",TOTAL,NOT SPECIFIED,STATE,4.0,4,AZ,ARIZONA,,,,,,,,0,,,9000,UNITED STATES,ARIZONA,2026,WEEKLY,21,21,WEEK #21,2026-05-24,2026-05-26 16:00:00.000,0,,condition_prev_very_poor,STATE
SURVEY,CROPS,FIELD CROPS,COTTON,UPLAND,ALL PRODUCTION PRACTICES,ALL UTILIZATION PRACTICES,"CONDITION, PREVIOUS YEAR",PCT VERY POOR,"COTTON, UPLAND - CONDITION, PREVIOUS YEAR, MEASURED IN PCT VERY POOR",TOTAL,NOT SPECIFIED,STATE,4.0,4,AZ,ARIZONA,,,,,,,,0,,,9000,UNITED STATES,ARIZONA,2026,WEEKLY,22,22,WEEK #22,2026-05-31,2026-06-01 16:00:00.000,0,,condition_prev_very_poor,STATE
SURVEY,CROPS,FIELD CROPS,COTTON,UPLAND,ALL PRODUCTION PRACTICES,ALL UTILIZATION PRACTICES,"CONDITION, PREVIOUS YEAR",PCT VERY POOR,"COTTON, UPLAND - CONDITION, PREVIOUS YEAR, MEASURED IN PCT VERY POOR",TOTAL,NOT SPECIFIED,STATE,5.0,5,AR,ARKANSAS,,,,,,,,0,,,9000,UNITED STATES,ARKANSAS,2026,WEEKLY,22,22,WEEK #22,2026-05-31,2026-06-01 16:00:00.000,0,,condition_prev_very_poor,STATE
SURVEY,CROPS,FIELD CROPS,COTTON,UPLAND,ALL PRODUCTION PRACTICES,ALL UTILIZATION PRACTICES,"CONDITION, PREVIOUS YEAR",PCT VERY POOR,"COTTON, UPLAND - CONDITION, PREVIOUS YEAR, MEASURED IN PCT VERY POOR",TOTAL,NOT SPECIFIED,STATE,12.0,12,FL,FLORIDA,,,,,,,,0,,,9000,UNITED STATES,FLORIDA,2026,WEEKLY,21,21,WEEK #21,2026-05-24,2026-05-26 16:00:00.000,0,,condition_prev_very_poor,STATE
SURVEY,CROPS,FIELD CROPS,COTTON,UPLAND,ALL PRODUCTION PRACTICES,ALL UTILIZATION PRACTICES,"CONDITION, PREVIOUS YEAR",PCT VERY POOR,"COTTON, UPLAND - CONDITION, PREVIOUS YEAR, MEASURED IN PCT VERY POOR",TOTAL,NOT SPECIFIED,STATE,12.0,12,FL,FLORIDA,,,,,,,,0,,,9000,UNITED STATES,FLORIDA,2026,WEEKLY,22,22,WEEK #22,2026-05-31,2026-06-01 16:00:00.000,0,,condition_prev_very_poor,STATE
SURVEY,CROPS,FIELD CROPS,COTTON,UPLAND,ALL PRODUCTION PRACTICES,ALL UTILIZATION PRACTICES,"CONDITION, PREVIOUS YEAR",PCT VERY POOR,"COTTON, UPLAND - CONDITION, PREVIOUS YEAR, MEASURED IN PCT VERY POOR",TOTAL,NOT SPECIFIED,STATE,13.0,13,GA,GEORGIA,,,,,,,,0,,,9000,UNITED STATES,GEORGIA,2026,WEEKLY,22,22,WEEK #22,2026-05-31,2026-06-01 16:00:00.000,1,,condition_prev_very_poor,STATE
SURVEY,CROPS,FIELD CROPS,COTTON,UPLAND,ALL PRODUCTION PRACTICES,ALL UTILIZATION PRACTICES,"CONDITION, PREVIOUS YEAR",PCT VERY POOR,"COTTON, UPLAND - CONDITION, PREVIOUS YEAR, MEASURED IN PCT VERY POOR",TOTAL,NOT SPECIFIED,STATE,28.0,28,MS,MISSISSIPPI,,,,,,,,0,,,9000,UNITED STATES,MISSISSIPPI,2026,WEEKLY,22,22,WEEK #22,2026-05-31,2026-06-01 16:00:00.000,3,,condition_prev_very_poor,STATE
SURVEY,CROPS,FIELD CROPS,COTTON,UPLAND,ALL PRODUCTION PRACTICES,ALL UTILIZATION PRACTICES,"CONDITION, PREVIOUS YEAR",PCT VERY POOR,"COTTON, UPLAND - CONDITION, PREVIOUS YEAR, MEASURED IN PCT VERY POOR",TOTAL,NOT SPECIFIED,STATE,29.0,29,MO,MISSOURI,,,,,,,,0,,,9000,UNITED STATES,MISSOURI,2026,WEEKLY,21,21,WEEK #21,2026-05-24,2026-05-26 16:00:00.000,0,,condition_prev_very_poor,STATE
SURVEY,CROPS,FIELD CROPS,COTTON,UPLAND,ALL PRODUCTION PRACTICES,ALL UTILIZATION PRACTICES,"CONDITION, PREVIOUS YEAR",PCT VERY POOR,"COTTON, UPLAND - CONDITION, PREVIOUS YEAR, MEASURED IN PCT VERY POOR",TOTAL,NOT SPECIFIED,STATE,29.0,29,MO,MISSOURI,,,,,,,,0,,,9000,UNITED STATES,MISSOURI,2026,WEEKLY,22,22,WEEK #22,2026-05-31,2026-06-01 16:00:00.000,0,,condition_prev_very_poor,STATE
SURVEY,CROPS,FIELD CROPS,COTTON,UPLAND,ALL PRODUCTION PRACTICES,ALL UTILIZATION PRACTICES,"CONDITION, PREVIOUS YEAR",PCT VERY POOR,"COTTON, UPLAND - CONDITION, PREVIOUS YEAR, MEASURED IN PCT VERY POOR",TOTAL,NOT SPECIFIED,STATE,35.0,35,NM,NEW MEXICO,,,,,,,,0,,,9000,UNITED STATES,NEW MEXICO,2026,WEEKLY,22,22,WEEK #22,2026-05-31,2026-06-01 16:00:00.000,9,,condition_prev_very_poor,STATE
SURVEY,CROPS,FIELD CROPS,COTTON,UPLAND,ALL PRODUCTION PRACTICES,ALL UTILIZATION PRACTICES,"CONDITION, PREVIOUS YEAR",PCT VERY POOR,"COTTON, UPLAND - CONDITION, PREVIOUS YEAR, MEASURED IN PCT VERY POOR",TOTAL,NOT SPECIFIED,STATE,37.0,37,NC,NORTH CAROLINA,,,,,,,,0,,,9000,UNITED STATES,NORTH CAROLINA,2026,WEEKLY,21,21,WEEK #21,2026-05-24,2026-05-26 16:00:00.000,0,,condition_prev_very_poor,STATE
SURVEY,CROPS,FIELD CROPS,COTTON,UPLAND,ALL PRODUCTION PRACTICES,ALL UTILIZATION PRACTICES,"CONDITION, PREVIOUS YEAR",PCT VERY POOR,"COTTON, UPLAND - CONDITION, PREVIOUS YEAR, MEASURED IN PCT VERY POOR",TOTAL,NOT SPECIFIED,STATE,37.0,37,NC,NORTH CAROLINA,,,,,,,,0,,,9000,UNITED STATES,NORTH CAROLINA,2026,WEEKLY,22,22,WEEK #22,2026-05-31,2026-06-01 16:00:00.000,7,,condition_prev_very_poor,STATE
SURVEY,CROPS,FIELD CROPS,COTTON,UPLAND,ALL PRODUCTION PRACTICES,ALL UTILIZATION PRACTICES,"CONDITION, PREVIOUS YEAR",PCT VERY POOR,"COTTON, UPLAND - CONDITION, PREVIOUS YEAR, MEASURED IN PCT VERY POOR",TOTAL,NOT SPECIFIED,STATE,45.0,45,SC,SOUTH CAROLINA,,,,,,,,0,,,9000,UNITED STATES,SOUTH CAROLINA,2026,WEEKLY,22,22,WEEK #22,2026-05-31,2026-06-01 16:00:00.000,0,,condition_prev_very_poor,STATE
SURVEY,CROPS,FIELD CROPS,COTTON,UPLAND,ALL PRODUCTION PRACTICES,ALL UTILIZATION PRACTICES,"CONDITION, PREVIOUS YEAR",PCT VERY POOR,"COTTON, UPLAND - CONDITION, PREVIOUS YEAR, MEASURED IN PCT VERY POOR",TOTAL,NOT SPECIFIED,STATE,47.0,47,TN,TENNESSEE,,,,,,,,0,,,9000,UNITED STATES,TENNESSEE,2026,WEEKLY,21,21,WEEK #21,2026-05-24,2026-05-26 16:00:00.000,1,,condition_prev_very_poor,STATE
SURVEY,CROPS,FIELD CROPS,COTTON,UPLAND,ALL PRODUCTION PRACTICES,ALL UTILIZATION PRACTICES,"CONDITION, PREVIOUS YEAR",PCT VERY POOR,"COTTON, UPLAND - CONDITION, PREVIOUS YEAR, MEASURED IN PCT VERY POOR",TOTAL,NOT SPECIFIED,STATE,47.0,47,TN,TENNESSEE,,,,,,,,0,,,9000,UNITED STATES,TENNESSEE,2026,WEEKLY,22,22,WEEK #22,2026-05-31,2026-06-01 16:00:00.000,12,,condition_prev_very_poor,STATE
SURVEY,CROPS,FIELD CROPS,COTTON,UPLAND,ALL PRODUCTION PRACTICES,ALL UTILIZATION PRACTICES,"CONDITION, PREVIOUS YEAR",PCT VERY POOR,"COTTON, UPLAND - CONDITION, PREVIOUS YEAR, MEASURED IN PCT VERY POOR",TOTAL,NOT SPECIFIED,STATE,51.0,51,VA,VIRGINIA,,,,,,,,0,,,9000,UNITED STATES,VIRGINIA,2026,WEEKLY,22,22,WEEK #22,2026-05-31,2026-06-01 16:00:00.000,0,,condition_prev_very_poor,STATE
SURVEY,CROPS,FIELD CROPS,COTTON,UPLAND,ALL PRODUCTION PRACTICES,ALL UTILIZATION PRACTICES,PROGRESS,PCT HARVESTED,"COTTON, UPLAND - PROGRESS, MEASURED IN PCT HARVESTED",TOTAL,NOT SPECIFIED,STATE,4.0,4,AZ,ARIZONA,,,,,,,,0,,,9000,UNITED STATES,ARIZONA,2026,WEEKLY,1,1,WEEK #01,2026-01-04,2026-01-05 16:00:00.000,95,,progress_current_harvested,STATE
SURVEY,CROPS,FIELD CROPS,COTTON,UPLAND,ALL PRODUCTION PRACTICES,ALL UTILIZATION PRACTICES,PROGRESS,PCT HARVESTED,"COTTON, UPLAND - PROGRESS, MEASURED IN PCT HARVESTED",TOTAL,NOT SPECIFIED,STATE,35.0,35,NM,NEW MEXICO,,,,,,,,0,,,9000,UNITED STATES,NEW MEXICO,2026,WEEKLY,1,1,WEEK #01,2026-01-04,2026-01-05 16:00:00.000,98,,progress_current_harvested,STATE
SURVEY,CROPS,FIELD CROPS,COTTON,UPLAND,ALL PRODUCTION PRACTICES,ALL UTILIZATION PRACTICES,PROGRESS,PCT HARVESTED,"COTTON, UPLAND - PROGRESS, MEASURED IN PCT HARVESTED",TOTAL,NOT SPECIFIED,STATE,48.0,48,TX,TEXAS,,,,,,,,0,,,9000,UNITED STATES,TEXAS,2026,WEEKLY,1,1,WEEK #01,2026-01-04,2026-01-05 16:00:00.000,90,,progress_current_harvested,STATE
SURVEY,CROPS,FIELD CROPS,COTTON,UPLAND,ALL PRODUCTION PRACTICES,ALL UTILIZATION PRACTICES,PROGRESS,PCT HARVESTED,"COTTON, UPLAND - PROGRESS, MEASURED IN PCT HARVESTED",TOTAL,NOT SPECIFIED,STATE,48.0,48,TX,TEXAS,,,,,,,,0,,,9000,UNITED STATES,TEXAS,2026,WEEKLY,3,3,WEEK #03,2026-01-18,2026-01-19 16:00:00.000,95,,progress_current_harvested,STATE
SURVEY,CROPS,FIELD CROPS,COTTON,UPLAND,ALL PRODUCTION PRACTICES,ALL UTILIZATION PRACTICES,PROGRESS,PCT PLANTED,"COTTON, UPLAND - PROGRESS, MEASURED IN PCT PLANTED",TOTAL,NOT SPECIFIED,NATIONAL,,99,US,US TOTAL,,,,,,,,0,,,9000,UNITED STATES,US TOTAL,2026,WEEKLY,14,14,WEEK #14,2026-04-05,2026-04-06 16:00:00.000,5,,progress_current_planted,NATIONAL
SURVEY,CROPS,FIELD CROPS,COTTON,UPLAND,ALL PRODUCTION PRACTICES,ALL UTILIZATION PRACTICES,PROGRESS,PCT PLANTED,"COTTON, UPLAND - PROGRESS, MEASURED IN PCT PLANTED",TOTAL,NOT SPECIFIED,NATIONAL,,99,US,US TOTAL,,,,,,,,0,,,9000,UNITED STATES,US TOTAL,2026,WEEKLY,15,15,WEEK #15,2026-04-12,2026-04-13 16:00:00.000,7,,progress_current_planted,NATIONAL
SURVEY,CROPS,FIELD CROPS,COTTON,UPLAND,ALL PRODUCTION PRACTICES,ALL UTILIZATION PRACTICES,PROGRESS,PCT PLANTED,"COTTON, UPLAND - PROGRESS, MEASURED IN PCT PLANTED",TOTAL,NOT SPECIFIED,NATIONAL,,99,US,US TOTAL,,,,,,,,0,,,9000,UNITED STATES,US TOTAL,2026,WEEKLY,16,16,WEEK #16,2026-04-19,2026-04-20 16:00:00.000,11,,progress_current_planted,NATIONAL
SURVEY,CROPS,FIELD CROPS,COTTON,UPLAND,ALL PRODUCTION PRACTICES,ALL UTILIZATION PRACTICES,PROGRESS,PCT PLANTED,"COTTON, UPLAND - PROGRESS, MEASURED IN PCT PLANTED",TOTAL,NOT SPECIFIED,NATIONAL,,99,US,US TOTAL,,,,,,,,0,,,9000,UNITED STATES,US TOTAL,2026,WEEKLY,17,17,WEEK #17,2026-04-26,2026-04-27 16:00:00.000,16,,progress_current_planted,NATIONAL
SURVEY,CROPS,FIELD CROPS,COTTON,UPLAND,ALL PRODUCTION PRACTICES,ALL UTILIZATION PRACTICES,PROGRESS,PCT PLANTED,"COTTON, UPLAND - PROGRESS, MEASURED IN PCT PLANTED",TOTAL,NOT SPECIFIED,NATIONAL,,99,US,US TOTAL,,,,,,,,0,,,9000,UNITED STATES,US TOTAL,2026,WEEKLY,18,18,WEEK #18,2026-05-03,2026-05-04 16:00:00.000,21,,progress_current_planted,NATIONAL
SURVEY,CROPS,FIELD CROPS,COTTON,UPLAND,ALL PRODUCTION PRACTICES,ALL UTILIZATION PRACTICES,PROGRESS,PCT PLANTED,"COTTON, UPLAND - PROGRESS, MEASURED IN PCT PLANTED",TOTAL,NOT SPECIFIED,NATIONAL,,99,US,US TOTAL,,,,,,,,0,,,9000,UNITED STATES,US TOTAL,2026,WEEKLY,19,19,WEEK #19,2026-05-10,2026-05-11 16:00:00.000,29,,progress_current_planted,NATIONAL
SURVEY,CROPS,FIELD CROPS,COTTON,UPLAND,ALL PRODUCTION PRACTICES,ALL UTILIZATION PRACTICES,PROGRESS,PCT PLANTED,"COTTON, UPLAND - PROGRESS, MEASURED IN PCT PLANTED",TOTAL,NOT SPECIFIED,NATIONAL,,99,US,US TOTAL,,,,,,,,0,,,9000,UNITED STATES,US TOTAL,2026,WEEKLY,20,20,WEEK #20,2026-05-17,2026-05-18 16:00:00.000,41,,progress_current_planted,NATIONAL
SURVEY,CROPS,FIELD CROPS,COTTON,UPLAND,ALL PRODUCTION PRACTICES,ALL UTILIZATION PRACTICES,PROGRESS,PCT PLANTED,"COTTON, UPLAND - PROGRESS, MEASURED IN PCT PLANTED",TOTAL,NOT SPECIFIED,NATIONAL,,99,US,US TOTAL,,,,,,,,0,,,9000,UNITED STATES,US TOTAL,2026,WEEKLY,21,21,WEEK #21,2026-05-24,2026-05-26 16:00:00.000,53,,progress_current_planted,NATIONAL
SURVEY,CROPS,FIELD CROPS,COTTON,UPLAND,ALL PRODUCTION PRACTICES,ALL UTILIZATION PRACTICES,PROGRESS,PCT PLANTED,"COTTON, UPLAND - PROGRESS, MEASURED IN PCT PLANTED",TOTAL,NOT SPECIFIED,NATIONAL,,99,US,US TOTAL,,,,,,,,0,,,9000,UNITED STATES,US TOTAL,2026,WEEKLY,22,22,WEEK #22,2026-05-31,2026-06-01 16:00:00.000,66,,progress_current_planted,NATIONAL
SURVEY,CROPS,FIELD CROPS,COTTON,UPLAND,ALL PRODUCTION PRACTICES,ALL UTILIZATION PRACTICES,PROGRESS,PCT PLANTED,"COTTON, UPLAND - PROGRESS, MEASURED IN PCT PLANTED",TOTAL,NOT SPECIFIED,STATE,1.0,1,AL,ALABAMA,,,,,,,,0,,,9000,UNITED STATES,ALABAMA,2026,WEEKLY,14,14,WEEK #14,2026-04-05,2026-04-06 16:00:00.000,0,,progress_current_planted,STATE
SURVEY,CROPS,FIELD CROPS,COTTON,UPLAND,ALL PRODUCTION PRACTICES,ALL UTILIZATION PRACTICES,PROGRESS,PCT PLANTED,"COTTON, UPLAND - PROGRESS, MEASURED IN PCT PLANTED",TOTAL,NOT SPECIFIED,STATE,1.0,1,AL,ALABAMA,,,,,,,,0,,,9000,UNITED STATES,ALABAMA,2026,WEEKLY,15,15,WEEK #15,2026-04-12,2026-04-13 16:00:00.000,4,,progress_current_planted,STATE
SURVEY,CROPS,FIELD CROPS,COTTON,UPLAND,ALL PRODUCTION PRACTICES,ALL UTILIZATION PRACTICES,PROGRESS,PCT PLANTED,"COTTON, UPLAND - PROGRESS, MEASURED IN PCT PLANTED",TOTAL,NOT SPECIFIED,STATE,1.0,1,AL,ALABAMA,,,,,,,,0,,,9000,UNITED STATES,ALABAMA,2026,WEEKLY,16,16,WEEK #16,2026-04-19,2026-04-20 16:00:00.000,8,,progress_current_planted,STATE
SURVEY,CROPS,FIELD CROPS,COTTON,UPLAND,ALL PRODUCTION PRACTICES,ALL UTILIZATION PRACTICES,PROGRESS,PCT PLANTED,"COTTON, UPLAND - PROGRESS, MEASURED IN PCT PLANTED",TOTAL,NOT SPECIFIED,STATE,1.0,1,AL,ALABAMA,,,,,,,,0,,,9000,UNITED STATES,ALABAMA,2026,WEEKLY,17,17,WEEK #17,2026-04-26,2026-04-27 16:00:00.000,15,,progress_current_planted,STATE
SURVEY,CROPS,FIELD CROPS,COTTON,UPLAND,ALL PRODUCTION PRACTICES,ALL UTILIZATION PRACTICES,PROGRESS,PCT PLANTED,"COTTON, UPLAND - PROGRESS, MEASURED IN PCT PLANTED",TOTAL,NOT SPECIFIED,STATE,1.0,1,AL,ALABAMA,,,,,,,,0,,,9000,UNITED STATES,ALABAMA,2026,WEEKLY,18,18,WEEK #18,2026-05-03,2026-05-04 16:00:00.000,28,,progress_current_planted,STATE
SURVEY,CROPS,FIELD CROPS,COTTON,UPLAND,ALL PRODUCTION PRACTICES,ALL UTILIZATION PRACTICES,PROGRESS,PCT PLANTED,"COTTON, UPLAND - PROGRESS, MEASURED IN PCT PLANTED",TOTAL,NOT SPECIFIED,STATE,1.0,1,AL,ALABAMA,,,,,,,,0,,,9000,UNITED STATES,ALABAMA,2026,WEEKLY,19,19,WEEK #19,2026-05-10,2026-05-11 16:00:00.000,38,,progress_current_planted,STATE
SURVEY,CROPS,FIELD CROPS,COTTON,UPLAND,ALL PRODUCTION PRACTICES,ALL UTILIZATION PRACTICES,PROGRESS,PCT PLANTED,"COTTON, UPLAND - PROGRESS, MEASURED IN PCT PLANTED",TOTAL,NOT SPECIFIED,STATE,1.0,1,AL,ALABAMA,,,,,,,,0,,,9000,UNITED STATES,ALABAMA,2026,WEEKLY,20,20,WEEK #20,2026-05-17,2026-05-18 16:00:00.000,54,,progress_current_planted,STATE
SURVEY,CROPS,FIELD CROPS,COTTON,UPLAND,ALL PRODUCTION PRACTICES,ALL UTILIZATION PRACTICES,PROGRESS,PCT PLANTED,"COTTON, UPLAND - PROGRESS, MEASURED IN PCT PLANTED",TOTAL,NOT SPECIFIED,STATE,1.0,1,AL,ALABAMA,,,,,,,,0,,,9000,UNITED STATES,ALABAMA,2026,WEEKLY,21,21,WEEK #21,2026-05-24,2026-05-26 16:00:00.000,75,,progress_current_planted,STATE
SURVEY,CROPS,FIELD CROPS,COTTON,UPLAND,ALL PRODUCTION PRACTICES,ALL UTILIZATION PRACTICES,PROGRESS,PCT PLANTED,"COTTON, UPLAND - PROGRESS, MEASURED IN PCT PLANTED",TOTAL,NOT SPECIFIED,STATE,1.0,1,AL,ALABAMA,,,,,,,,0,,,9000,UNITED STATES,ALABAMA,2026,WEEKLY,22,22,WEEK #22,2026-05-31,2026-06-01 16:00:00.000,83,,progress_current_planted,STATE
SURVEY,CROPS,FIELD CROPS,COTTON,UPLAND,ALL PRODUCTION PRACTICES,ALL UTILIZATION PRACTICES,PROGRESS,PCT PLANTED,"COTTON, UPLAND - PROGRESS, MEASURED IN PCT PLANTED",TOTAL,NOT SPECIFIED,STATE,4.0,4,AZ,ARIZONA,,,,,,,,0,,,9000,UNITED STATES,ARIZONA,2026,WEEKLY,11,11,WEEK #11,2026-03-15,2026-03-16 16:00:00.000,4,,progress_current_planted,STATE
SURVEY,CROPS,FIELD CROPS,COTTON,UPLAND,ALL PRODUCTION PRACTICES,ALL UTILIZATION PRACTICES,PROGRESS,PCT PLANTED,"COTTON, UPLAND - PROGRESS, MEASURED IN PCT PLANTED",TOTAL,NOT SPECIFIED,STATE,4.0,4,AZ,ARIZONA,,,,,,,,0,,,9000,UNITED STATES,ARIZONA,2026,WEEKLY,12,12,WEEK #12,2026-03-22,2026-03-23 16:00:00.000,8,,progress_current_planted,STATE
SURVEY,CROPS,FIELD CROPS,COTTON,UPLAND,ALL PRODUCTION PRACTICES,ALL UTILIZATION PRACTICES,PROGRESS,PCT PLANTED,"COTTON, UPLAND - PROGRESS, MEASURED IN PCT PLANTED",TOTAL,NOT SPECIFIED,STATE,4.0,4,AZ,ARIZONA,,,,,,,,0,,,9000,UNITED STATES,ARIZONA,2026,WEEKLY,13,13,WEEK #13,2026-03-29,2026-03-30 16:00:00.000,13,,progress_current_planted,STATE
SURVEY,CROPS,FIELD CROPS,COTTON,UPLAND,ALL PRODUCTION PRACTICES,ALL UTILIZATION PRACTICES,PROGRESS,PCT PLANTED,"COTTON, UPLAND - PROGRESS, MEASURED IN PCT PLANTED",TOTAL,NOT SPECIFIED,STATE,4.0,4,AZ,ARIZONA,,,,,,,,0,,,9000,UNITED STATES,ARIZONA,2026,WEEKLY,14,14,WEEK #14,2026-04-05,2026-04-06 16:00:00.000,19,,progress_current_planted,STATE
SURVEY,CROPS,FIELD CROPS,COTTON,UPLAND,ALL PRODUCTION PRACTICES,ALL UTILIZATION PRACTICES,PROGRESS,PCT PLANTED,"COTTON, UPLAND - PROGRESS, MEASURED IN PCT PLANTED",TOTAL,NOT SPECIFIED,STATE,4.0,4,AZ,ARIZONA,,,,,,,,0,,,9000,UNITED STATES,ARIZONA,2026,WEEKLY,15,15,WEEK #15,2026-04-12,2026-04-13 16:00:00.000,32,,progress_current_planted,STATE
SURVEY,CROPS,FIELD CROPS,COTTON,UPLAND,ALL PRODUCTION PRACTICES,ALL UTILIZATION PRACTICES,PROGRESS,PCT PLANTED,"COTTON, UPLAND - PROGRESS, MEASURED IN PCT PLANTED",TOTAL,NOT SPECIFIED,STATE,4.0,4,AZ,ARIZONA,,,,,,,,0,,,9000,UNITED STATES,ARIZONA,2026,WEEKLY,16,16,WEEK #16,2026-04-19,2026-04-20 16:00:00.000,47,,progress_current_planted,STATE
SURVEY,CROPS,FIELD CROPS,COTTON,UPLAND,ALL PRODUCTION PRACTICES,ALL UTILIZATION PRACTICES,PROGRESS,PCT PLANTED,"COTTON, UPLAND - PROGRESS, MEASURED IN PCT PLANTED",TOTAL,NOT SPECIFIED,STATE,4.0,4,AZ,ARIZONA,,,,,,,,0,,,9000,UNITED STATES,ARIZONA,2026,WEEKLY,17,17,WEEK #17,2026-04-26,2026-04-27 16:00:00.000,58,,progress_current_planted,STATE
SURVEY,CROPS,FIELD CROPS,COTTON,UPLAND,ALL PRODUCTION PRACTICES,ALL UTILIZATION PRACTICES,PROGRESS,PCT PLANTED,"COTTON, UPLAND - PROGRESS, MEASURED IN PCT PLANTED",TOTAL,NOT SPECIFIED,STATE,4.0,4,AZ,ARIZONA,,,,,,,,0,,,9000,UNITED STATES,ARIZONA,2026,WEEKLY,18,18,WEEK #18,2026-05-03,2026-05-04 16:00:00.000,67,,progress_current_planted,STATE
SURVEY,CROPS,FIELD CROPS,COTTON,UPLAND,ALL PRODUCTION PRACTICES,ALL UTILIZATION PRACTICES,PROGRESS,PCT PLANTED,"COTTON, UPLAND - PROGRESS, MEASURED IN PCT PLANTED",TOTAL,NOT SPECIFIED,STATE,4.0,4,AZ,ARIZONA,,,,,,,,0,,,9000,UNITED STATES,ARIZONA,2026,WEEKLY,19,19,WEEK #19,2026-05-10,2026-05-11 16:00:00.000,81,,progress_current_planted,STATE
SURVEY,CROPS,FIELD CROPS,COTTON,UPLAND,ALL PRODUCTION PRACTICES,ALL UTILIZATION PRACTICES,PROGRESS,PCT PLANTED,"COTTON, UPLAND - PROGRESS, MEASURED IN PCT PLANTED",TOTAL,NOT SPECIFIED,STATE,4.0,4,AZ,ARIZONA,,,,,,,,0,,,9000,UNITED STATES,ARIZONA,2026,WEEKLY,20,20,WEEK #20,2026-05-17,2026-05-18 16:00:00.000,90,,progress_current_planted,STATE
SURVEY,CROPS,FIELD CROPS,COTTON,UPLAND,ALL PRODUCTION PRACTICES,ALL UTILIZATION PRACTICES,PROGRESS,PCT PLANTED,"COTTON, UPLAND - PROGRESS, MEASURED IN PCT PLANTED",TOTAL,NOT SPECIFIED,STATE,4.0,4,AZ,ARIZONA,,,,,,,,0,,,9000,UNITED STATES,ARIZONA,2026,WEEKLY,21,21,WEEK #21,2026-05-24,2026-05-26 16:00:00.000,96,,progress_current_planted,STATE
SURVEY,CROPS,FIELD CROPS,COTTON,UPLAND,ALL PRODUCTION PRACTICES,ALL UTILIZATION PRACTICES,PROGRESS,PCT PLANTED,"COTTON, UPLAND - PROGRESS, MEASURED IN PCT PLANTED",TOTAL,NOT SPECIFIED,STATE,4.0,4,AZ,ARIZONA,,,,,,,,0,,,9000,UNITED STATES,ARIZONA,2026,WEEKLY,22,22,WEEK #22,2026-05-31,2026-06-01 16:00:00.000,99,,progress_current_planted,STATE
SURVEY,CROPS,FIELD CROPS,COTTON,UPLAND,ALL PRODUCTION PRACTICES,ALL UTILIZATION PRACTICES,PROGRESS,PCT PLANTED,"COTTON, UPLAND - PROGRESS, MEASURED IN PCT PLANTED",TOTAL,NOT SPECIFIED,STATE,5.0,5,AR,ARKANSAS,,,,,,,,0,,,9000,UNITED STATES,ARKANSAS,2026,WEEKLY,14,14,WEEK #14,2026-04-05,2026-04-06 16:00:00.000,0,,progress_current_planted,STATE
SURVEY,CROPS,FIELD CROPS,COTTON,UPLAND,ALL PRODUCTION PRACTICES,ALL UTILIZATION PRACTICES,PROGRESS,PCT PLANTED,"COTTON, UPLAND - PROGRESS, MEASURED IN PCT PLANTED",TOTAL,NOT SPECIFIED,STATE,5.0,5,AR,ARKANSAS,,,,,,,,0,,,9000,UNITED STATES,ARKANSAS,2026,WEEKLY,15,15,WEEK #15,2026-04-12,2026-04-13 16:00:00.000,1,,progress_current_planted,STATE
SURVEY,CROPS,FIELD CROPS,COTTON,UPLAND,ALL PRODUCTION PRACTICES,ALL UTILIZATION PRACTICES,PROGRESS,PCT PLANTED,"COTTON, UPLAND - PROGRESS, MEASURED IN PCT PLANTED",TOTAL,NOT SPECIFIED,STATE,5.0,5,AR,ARKANSAS,,,,,,,,0,,,9000,UNITED STATES,ARKANSAS,2026,WEEKLY,16,16,WEEK #16,2026-04-19,2026-04-20 16:00:00.000,5,,progress_current_planted,STATE
SURVEY,CROPS,FIELD CROPS,COTTON,UPLAND,ALL PRODUCTION PRACTICES,ALL UTILIZATION PRACTICES,PROGRESS,PCT PLANTED,"COTTON, UPLAND - PROGRESS, MEASURED IN PCT PLANTED",TOTAL,NOT SPECIFIED,STATE,5.0,5,AR,ARKANSAS,,,,,,,,0,,,9000,UNITED STATES,ARKANSAS,2026,WEEKLY,17,17,WEEK #17,2026-04-26,2026-04-27 16:00:00.000,17,,progress_current_planted,STATE
SURVEY,CROPS,FIELD CROPS,COTTON,UPLAND,ALL PRODUCTION PRACTICES,ALL UTILIZATION PRACTICES,PROGRESS,PCT PLANTED,"COTTON, UPLAND - PROGRESS, MEASURED IN PCT PLANTED",TOTAL,NOT SPECIFIED,STATE,5.0,5,AR,ARKANSAS,,,,,,,,0,,,9000,UNITED STATES,ARKANSAS,2026,WEEKLY,18,18,WEEK #18,2026-05-03,2026-05-04 16:00:00.000,25,,progress_current_planted,STATE
SURVEY,CROPS,FIELD CROPS,COTTON,UPLAND,ALL PRODUCTION PRACTICES,ALL UTILIZATION PRACTICES,PROGRESS,PCT PLANTED,"COTTON, UPLAND - PROGRESS, MEASURED IN PCT PLANTED",TOTAL,NOT SPECIFIED,STATE,5.0,5,AR,ARKANSAS,,,,,,,,0,,,9000,UNITED STATES,ARKANSAS,2026,WEEKLY,19,19,WEEK #19,2026-05-10,2026-05-11 16:00:00.000,40,,progress_current_planted,STATE
SURVEY,CROPS,FIELD CROPS,COTTON,UPLAND,ALL PRODUCTION PRACTICES,ALL UTILIZATION PRACTICES,PROGRESS,PCT PLANTED,"COTTON, UPLAND - PROGRESS, MEASURED IN PCT PLANTED",TOTAL,NOT SPECIFIED,STATE,5.0,5,AR,ARKANSAS,,,,,,,,0,,,9000,UNITED STATES,ARKANSAS,2026,WEEKLY,20,20,WEEK #20,2026-05-17,2026-05-18 16:00:00.000,66,,progress_current_planted,STATE
SURVEY,CROPS,FIELD CROPS,COTTON,UPLAND,ALL PRODUCTION PRACTICES,ALL UTILIZATION PRACTICES,PROGRESS,PCT PLANTED,"COTTON, UPLAND - PROGRESS, MEASURED IN PCT PLANTED",TOTAL,NOT SPECIFIED,STATE,5.0,5,AR,ARKANSAS,,,,,,,,0,,,9000,UNITED STATES,ARKANSAS,2026,WEEKLY,21,21,WEEK #21,2026-05-24,2026-05-26 16:00:00.000,77,,progress_current_planted,STATE
SURVEY,CROPS,FIELD CROPS,COTTON,UPLAND,ALL PRODUCTION PRACTICES,ALL UTILIZATION PRACTICES,PROGRESS,PCT PLANTED,"COTTON, UPLAND - PROGRESS, MEASURED IN PCT PLANTED",TOTAL,NOT SPECIFIED,STATE,5.0,5,AR,ARKANSAS,,,,,,,,0,,,9000,UNITED STATES,ARKANSAS,2026,WEEKLY,22,22,WEEK #22,2026-05-31,2026-06-01 16:00:00.000,88,,progress_current_planted,STATE
SURVEY,CROPS,FIELD CROPS,COTTON,UPLAND,ALL PRODUCTION PRACTICES,ALL UTILIZATION PRACTICES,PROGRESS,PCT PLANTED,"COTTON, UPLAND - PROGRESS, MEASURED IN PCT PLANTED",TOTAL,NOT SPECIFIED,STATE,6.0,6,CA,CALIFORNIA,,,,,,,,0,,,9000,UNITED STATES,CALIFORNIA,2026,WEEKLY,14,14,WEEK #14,2026-04-05,2026-04-06 16:00:00.000,10,,progress_current_planted,STATE
SURVEY,CROPS,FIELD CROPS,COTTON,UPLAND,ALL PRODUCTION PRACTICES,ALL UTILIZATION PRACTICES,PROGRESS,PCT PLANTED,"COTTON, UPLAND - PROGRESS, MEASURED IN PCT PLANTED",TOTAL,NOT SPECIFIED,STATE,6.0,6,CA,CALIFORNIA,,,,,,,,0,,,9000,UNITED STATES,CALIFORNIA,2026,WEEKLY,15,15,WEEK #15,2026-04-12,2026-04-13 16:00:00.000,25,,progress_current_planted,STATE
SURVEY,CROPS,FIELD CROPS,COTTON,UPLAND,ALL PRODUCTION PRACTICES,ALL UTILIZATION PRACTICES,PROGRESS,PCT PLANTED,"COTTON, UPLAND - PROGRESS, MEASURED IN PCT PLANTED",TOTAL,NOT SPECIFIED,STATE,6.0,6,CA,CALIFORNIA,,,,,,,,0,,,9000,UNITED STATES,CALIFORNIA,2026,WEEKLY,16,16,WEEK #16,2026-04-19,2026-04-20 16:00:00.000,50,,progress_current_planted,STATE
SURVEY,CROPS,FIELD CROPS,COTTON,UPLAND,ALL PRODUCTION PRACTICES,ALL UTILIZATION PRACTICES,PROGRESS,PCT PLANTED,"COTTON, UPLAND - PROGRESS, MEASURED IN PCT PLANTED",TOTAL,NOT SPECIFIED,STATE,6.0,6,CA,CALIFORNIA,,,,,,,,0,,,9000,UNITED STATES,CALIFORNIA,2026,WEEKLY,17,17,WEEK #17,2026-04-26,2026-04-27 16:00:00.000,75,,progress_current_planted,STATE
SURVEY,CROPS,FIELD CROPS,COTTON,UPLAND,ALL PRODUCTION PRACTICES,ALL UTILIZATION PRACTICES,PROGRESS,PCT PLANTED,"COTTON, UPLAND - PROGRESS, MEASURED IN PCT PLANTED",TOTAL,NOT SPECIFIED,STATE,6.0,6,CA,CALIFORNIA,,,,,,,,0,,,9000,UNITED STATES,CALIFORNIA,2026,WEEKLY,18,18,WEEK #18,2026-05-03,2026-05-04 16:00:00.000,80,,progress_current_planted,STATE
SURVEY,CROPS,FIELD CROPS,COTTON,UPLAND,ALL PRODUCTION PRACTICES,ALL UTILIZATION PRACTICES,PROGRESS,PCT PLANTED,"COTTON, UPLAND - PROGRESS, MEASURED IN PCT PLANTED",TOTAL,NOT SPECIFIED,STATE,6.0,6,CA,CALIFORNIA,,,,,,,,0,,,9000,UNITED STATES,CALIFORNIA,2026,WEEKLY,19,19,WEEK #19,2026-05-10,2026-05-11 16:00:00.000,90,,progress_current_planted,STATE
SURVEY,CROPS,FIELD CROPS,COTTON,UPLAND,ALL PRODUCTION PRACTICES,ALL UTILIZATION PRACTICES,PROGRESS,PCT PLANTED,"COTTON, UPLAND - PROGRESS, MEASURED IN PCT PLANTED",TOTAL,NOT SPECIFIED,STATE,6.0,6,CA,CALIFORNIA,,,,,,,,0,,,9000,UNITED STATES,CALIFORNIA,2026,WEEKLY,20,20,WEEK #20,2026-05-17,2026-05-18 16:00:00.000,95,,progress_current_planted,STATE
SURVEY,CROPS,FIELD CROPS,COTTON,UPLAND,ALL PRODUCTION PRACTICES,ALL UTILIZATION PRACTICES,PROGRESS,PCT PLANTED,"COTTON, UPLAND - PROGRESS, MEASURED IN PCT PLANTED",TOTAL,NOT SPECIFIED,STATE,6.0,6,CA,CALIFORNIA,,,,,,,,0,,,9000,UNITED STATES,CALIFORNIA,2026,WEEKLY,21,21,WEEK #21,2026-05-24,2026-05-26 16:00:00.000,97,,progress_current_planted,STATE
SURVEY,CROPS,FIELD CROPS,COTTON,UPLAND,ALL PRODUCTION PRACTICES,ALL UTILIZATION PRACTICES,PROGRESS,PCT PLANTED,"COTTON, UPLAND - PROGRESS, MEASURED IN PCT PLANTED",TOTAL,NOT SPECIFIED,STATE,6.0,6,CA,CALIFORNIA,,,,,,,,0,,,9000,UNITED STATES,CALIFORNIA,2026,WEEKLY,22,22,WEEK #22,2026-05-31,2026-06-01 16:00:00.000,99,,progress_current_planted,STATE
SURVEY,CROPS,FIELD CROPS,COTTON,UPLAND,ALL PRODUCTION PRACTICES,ALL UTILIZATION PRACTICES,PROGRESS,PCT PLANTED,"COTTON, UPLAND - PROGRESS, MEASURED IN PCT PLANTED",TOTAL,NOT SPECIFIED,STATE,12.0,12,FL,FLORIDA,,,,,,,,0,,,9000,UNITED STATES,FLORIDA,2026,WEEKLY,14,14,WEEK #14,2026-04-05,2026-04-06 16:00:00.000,0,,progress_current_planted,STATE
SURVEY,CROPS,FIELD CROPS,COTTON,UPLAND,ALL PRODUCTION PRACTICES,ALL UTILIZATION PRACTICES,PROGRESS,PCT PLANTED,"COTTON, UPLAND - PROGRESS, MEASURED IN PCT PLANTED",TOTAL,NOT SPECIFIED,STATE,12.0,12,FL,FLORIDA,,,,,,,,0,,,9000,UNITED STATES,FLORIDA,2026,WEEKLY,15,15,WEEK #15,2026-04-12,2026-04-13 16:00:00.000,0,,progress_current_planted,STATE
SURVEY,CROPS,FIELD CROPS,COTTON,UPLAND,ALL PRODUCTION PRACTICES,ALL UTILIZATION PRACTICES,PROGRESS,PCT PLANTED,"COTTON, UPLAND - PROGRESS, MEASURED IN PCT PLANTED",TOTAL,NOT SPECIFIED,STATE,12.0,12,FL,FLORIDA,,,,,,,,0,,,9000,UNITED STATES,FLORIDA,2026,WEEKLY,16,16,WEEK #16,2026-04-19,2026-04-20 16:00:00.000,2,,progress_current_planted,STATE
SURVEY,CROPS,FIELD CROPS,COTTON,UPLAND,ALL PRODUCTION PRACTICES,ALL UTILIZATION PRACTICES,PROGRESS,PCT PLANTED,"COTTON, UPLAND - PROGRESS, MEASURED IN PCT PLANTED",TOTAL,NOT SPECIFIED,STATE,12.0,12,FL,FLORIDA,,,,,,,,0,,,9000,UNITED STATES,FLORIDA,2026,WEEKLY,17,17,WEEK #17,2026-04-26,2026-04-27 16:00:00.000,4,,progress_current_planted,STATE
SURVEY,CROPS,FIELD CROPS,COTTON,UPLAND,ALL PRODUCTION PRACTICES,ALL UTILIZATION PRACTICES,PROGRESS,PCT PLANTED,"COTTON, UPLAND - PROGRESS, MEASURED IN PCT PLANTED",TOTAL,NOT SPECIFIED,STATE,12.0,12,FL,FLORIDA,,,,,,,,0,,,9000,UNITED STATES,FLORIDA,2026,WEEKLY,18,18,WEEK #18,2026-05-03,2026-05-04 16:00:00.000,14,,progress_current_planted,STATE
SURVEY,CROPS,FIELD CROPS,COTTON,UPLAND,ALL PRODUCTION PRACTICES,ALL UTILIZATION PRACTICES,PROGRESS,PCT PLANTED,"COTTON, UPLAND - PROGRESS, MEASURED IN PCT PLANTED",TOTAL,NOT SPECIFIED,STATE,12.0,12,FL,FLORIDA,,,,,,,,0,,,9000,UNITED STATES,FLORIDA,2026,WEEKLY,19,19,WEEK #19,2026-05-10,2026-05-11 16:00:00.000,27,,progress_current_planted,STATE
SURVEY,CROPS,FIELD CROPS,COTTON,UPLAND,ALL PRODUCTION PRACTICES,ALL UTILIZATION PRACTICES,PROGRESS,PCT PLANTED,"COTTON, UPLAND - PROGRESS, MEASURED IN PCT PLANTED",TOTAL,NOT SPECIFIED,STATE,12.0,12,FL,FLORIDA,,,,,,,,0,,,9000,UNITED STATES,FLORIDA,2026,WEEKLY,20,20,WEEK #20,2026-05-17,2026-05-18 16:00:00.000,50,,progress_current_planted,STATE
SURVEY,CROPS,FIELD CROPS,COTTON,UPLAND,ALL PRODUCTION PRACTICES,ALL UTILIZATION PRACTICES,PROGRESS,PCT PLANTED,"COTTON, UPLAND - PROGRESS, MEASURED IN PCT PLANTED",TOTAL,NOT SPECIFIED,STATE,12.0,12,FL,FLORIDA,,,,,,,,0,,,9000,UNITED STATES,FLORIDA,2026,WEEKLY,21,21,WEEK #21,2026-05-24,2026-05-26 16:00:00.000,63,,progress_current_planted,STATE
SURVEY,CROPS,FIELD CROPS,COTTON,UPLAND,ALL PRODUCTION PRACTICES,ALL UTILIZATION PRACTICES,PROGRESS,PCT PLANTED,"COTTON, UPLAND - PROGRESS, MEASURED IN PCT PLANTED",TOTAL,NOT SPECIFIED,STATE,12.0,12,FL,FLORIDA,,,,,,,,0,,,9000,UNITED STATES,FLORIDA,2026,WEEKLY,22,22,WEEK #22,2026-05-31,2026-06-01 16:00:00.000,75,,progress_current_planted,STATE
SURVEY,CROPS,FIELD CROPS,COTTON,UPLAND,ALL PRODUCTION PRACTICES,ALL UTILIZATION PRACTICES,PROGRESS,PCT PLANTED,"COTTON, UPLAND - PROGRESS, MEASURED IN PCT PLANTED",TOTAL,NOT SPECIFIED,STATE,13.0,13,GA,GEORGIA,,,,,,,,0,,,9000,UNITED STATES,GEORGIA,2026,WEEKLY,14,14,WEEK #14,2026-04-05,2026-04-06 16:00:00.000,0,,progress_current_planted,STATE
SURVEY,CROPS,FIELD CROPS,COTTON,UPLAND,ALL PRODUCTION PRACTICES,ALL UTILIZATION PRACTICES,PROGRESS,PCT PLANTED,"COTTON, UPLAND - PROGRESS, MEASURED IN PCT PLANTED",TOTAL,NOT SPECIFIED,STATE,13.0,13,GA,GEORGIA,,,,,,,,0,,,9000,UNITED STATES,GEORGIA,2026,WEEKLY,15,15,WEEK #15,2026-04-12,2026-04-13 16:00:00.000,1,,progress_current_planted,STATE
SURVEY,CROPS,FIELD CROPS,COTTON,UPLAND,ALL PRODUCTION PRACTICES,ALL UTILIZATION PRACTICES,PROGRESS,PCT PLANTED,"COTTON, UPLAND - PROGRESS, MEASURED IN PCT PLANTED",TOTAL,NOT SPECIFIED,STATE,13.0,13,GA,GEORGIA,,,,,,,,0,,,9000,UNITED STATES,GEORGIA,2026,WEEKLY,16,16,WEEK #16,2026-04-19,2026-04-20 16:00:00.000,3,,progress_current_planted,STATE
SURVEY,CROPS,FIELD CROPS,COTTON,UPLAND,ALL PRODUCTION PRACTICES,ALL UTILIZATION PRACTICES,PROGRESS,PCT PLANTED,"COTTON, UPLAND - PROGRESS, MEASURED IN PCT PLANTED",TOTAL,NOT SPECIFIED,STATE,13.0,13,GA,GEORGIA,,,,,,,,0,,,9000,UNITED STATES,GEORGIA,2026,WEEKLY,17,17,WEEK #17,2026-04-26,2026-04-27 16:00:00.000,6,,progress_current_planted,STATE
SURVEY,CROPS,FIELD CROPS,COTTON,UPLAND,ALL PRODUCTION PRACTICES,ALL UTILIZATION PRACTICES,PROGRESS,PCT PLANTED,"COTTON, UPLAND - PROGRESS, MEASURED IN PCT PLANTED",TOTAL,NOT SPECIFIED,STATE,13.0,13,GA,GEORGIA,,,,,,,,0,,,9000,UNITED STATES,GEORGIA,2026,WEEKLY,18,18,WEEK #18,2026-05-03,2026-05-04 16:00:00.000,11,,progress_current_planted,STATE
SURVEY,CROPS,FIELD CROPS,COTTON,UPLAND,ALL PRODUCTION PRACTICES,ALL UTILIZATION PRACTICES,PROGRESS,PCT PLANTED,"COTTON, UPLAND - PROGRESS, MEASURED IN PCT PLANTED",TOTAL,NOT SPECIFIED,STATE,13.0,13,GA,GEORGIA,,,,,,,,0,,,9000,UNITED STATES,GEORGIA,2026,WEEKLY,19,19,WEEK #19,2026-05-10,2026-05-11 16:00:00.000,24,,progress_current_planted,STATE
SURVEY,CROPS,FIELD CROPS,COTTON,UPLAND,ALL PRODUCTION PRACTICES,ALL UTILIZATION PRACTICES,PROGRESS,PCT PLANTED,"COTTON, UPLAND - PROGRESS, MEASURED IN PCT PLANTED",TOTAL,NOT SPECIFIED,STATE,13.0,13,GA,GEORGIA,,,,,,,,0,,,9000,UNITED STATES,GEORGIA,2026,WEEKLY,20,20,WEEK #20,2026-05-17,2026-05-18 16:00:00.000,38,,progress_current_planted,STATE
SURVEY,CROPS,FIELD CROPS,COTTON,UPLAND,ALL PRODUCTION PRACTICES,ALL UTILIZATION PRACTICES,PROGRESS,PCT PLANTED,"COTTON, UPLAND - PROGRESS, MEASURED IN PCT PLANTED",TOTAL,NOT SPECIFIED,STATE,13.0,13,GA,GEORGIA,,,,,,,,0,,,9000,UNITED STATES,GEORGIA,2026,WEEKLY,21,21,WEEK #21,2026-05-24,2026-05-26 16:00:00.000,58,,progress_current_planted,STATE
SURVEY,CROPS,FIELD CROPS,COTTON,UPLAND,ALL PRODUCTION PRACTICES,ALL UTILIZATION PRACTICES,PROGRESS,PCT PLANTED,"COTTON, UPLAND - PROGRESS, MEASURED IN PCT PLANTED",TOTAL,NOT SPECIFIED,STATE,13.0,13,GA,GEORGIA,,,,,,,,0,,,9000,UNITED STATES,GEORGIA,2026,WEEKLY,22,22,WEEK #22,2026-05-31,2026-06-01 16:00:00.000,72,,progress_current_planted,STATE
SURVEY,CROPS,FIELD CROPS,COTTON,UPLAND,ALL PRODUCTION PRACTICES,ALL UTILIZATION PRACTICES,PROGRESS,PCT PLANTED,"COTTON, UPLAND - PROGRESS, MEASURED IN PCT PLANTED",TOTAL,NOT SPECIFIED,STATE,20.0,20,KS,KANSAS,,,,,,,,0,,,9000,UNITED STATES,KANSAS,2026,WEEKLY,14,14,WEEK #14,2026-04-05,2026-04-06 16:00:00.000,0,,progress_current_planted,STATE
SURVEY,CROPS,FIELD CROPS,COTTON,UPLAND,ALL PRODUCTION PRACTICES,ALL UTILIZATION PRACTICES,PROGRESS,PCT PLANTED,"COTTON, UPLAND - PROGRESS, MEASURED IN PCT PLANTED",TOTAL,NOT SPECIFIED,STATE,20.0,20,KS,KANSAS,,,,,,,,0,,,9000,UNITED STATES,KANSAS,2026,WEEKLY,15,15,WEEK #15,2026-04-12,2026-04-13 16:00:00.000,0,,progress_current_planted,STATE
SURVEY,CROPS,FIELD CROPS,COTTON,UPLAND,ALL PRODUCTION PRACTICES,ALL UTILIZATION PRACTICES,PROGRESS,PCT PLANTED,"COTTON, UPLAND - PROGRESS, MEASURED IN PCT PLANTED",TOTAL,NOT SPECIFIED,STATE,20.0,20,KS,KANSAS,,,,,,,,0,,,9000,UNITED STATES,KANSAS,2026,WEEKLY,16,16,WEEK #16,2026-04-19,2026-04-20 16:00:00.000,0,,progress_current_planted,STATE
SURVEY,CROPS,FIELD CROPS,COTTON,UPLAND,ALL PRODUCTION PRACTICES,ALL UTILIZATION PRACTICES,PROGRESS,PCT PLANTED,"COTTON, UPLAND - PROGRESS, MEASURED IN PCT PLANTED",TOTAL,NOT SPECIFIED,STATE,20.0,20,KS,KANSAS,,,,,,,,0,,,9000,UNITED STATES,KANSAS,2026,WEEKLY,17,17,WEEK #17,2026-04-26,2026-04-27 16:00:00.000,3,,progress_current_planted,STATE
SURVEY,CROPS,FIELD CROPS,COTTON,UPLAND,ALL PRODUCTION PRACTICES,ALL UTILIZATION PRACTICES,PROGRESS,PCT PLANTED,"COTTON, UPLAND - PROGRESS, MEASURED IN PCT PLANTED",TOTAL,NOT SPECIFIED,STATE,20.0,20,KS,KANSAS,,,,,,,,0,,,9000,UNITED STATES,KANSAS,2026,WEEKLY,18,18,WEEK #18,2026-05-03,2026-05-04 16:00:00.000,5,,progress_current_planted,STATE
SURVEY,CROPS,FIELD CROPS,COTTON,UPLAND,ALL PRODUCTION PRACTICES,ALL UTILIZATION PRACTICES,PROGRESS,PCT PLANTED,"COTTON, UPLAND - PROGRESS, MEASURED IN PCT PLANTED",TOTAL,NOT SPECIFIED,STATE,20.0,20,KS,KANSAS,,,,,,,,0,,,9000,UNITED STATES,KANSAS,2026,WEEKLY,19,19,WEEK #19,2026-05-10,2026-05-11 16:00:00.000,12,,progress_current_planted,STATE
SURVEY,CROPS,FIELD CROPS,COTTON,UPLAND,ALL PRODUCTION PRACTICES,ALL UTILIZATION PRACTICES,PROGRESS,PCT PLANTED,"COTTON, UPLAND - PROGRESS, MEASURED IN PCT PLANTED",TOTAL,NOT SPECIFIED,STATE,20.0,20,KS,KANSAS,,,,,,,,0,,,9000,UNITED STATES,KANSAS,2026,WEEKLY,20,20,WEEK #20,2026-05-17,2026-05-18 16:00:00.000,45,,progress_current_planted,STATE
SURVEY,CROPS,FIELD CROPS,COTTON,UPLAND,ALL PRODUCTION PRACTICES,ALL UTILIZATION PRACTICES,PROGRESS,PCT PLANTED,"COTTON, UPLAND - PROGRESS, MEASURED IN PCT PLANTED",TOTAL,NOT SPECIFIED,STATE,20.0,20,KS,KANSAS,,,,,,,,0,,,9000,UNITED STATES,KANSAS,2026,WEEKLY,21,21,WEEK #21,2026-05-24,2026-05-26 16:00:00.000,56,,progress_current_planted,STATE
SURVEY,CROPS,FIELD CROPS,COTTON,UPLAND,ALL PRODUCTION PRACTICES,ALL UTILIZATION PRACTICES,PROGRESS,PCT PLANTED,"COTTON, UPLAND - PROGRESS, MEASURED IN PCT PLANTED",TOTAL,NOT SPECIFIED,STATE,20.0,20,KS,KANSAS,,,,,,,,0,,,9000,UNITED STATES,KANSAS,2026,WEEKLY,22,22,WEEK #22,2026-05-31,2026-06-01 16:00:00.000,77,,progress_current_planted,STATE
SURVEY,CROPS,FIELD CROPS,COTTON,UPLAND,ALL PRODUCTION PRACTICES,ALL UTILIZATION PRACTICES,PROGRESS,PCT PLANTED,"COTTON, UPLAND - PROGRESS, MEASURED IN PCT PLANTED",TOTAL,NOT SPECIFIED,STATE,22.0,22,LA,LOUISIANA,,,,,,,,0,,,9000,UNITED STATES,LOUISIANA,2026,WEEKLY,14,14,WEEK #14,2026-04-05,2026-04-06 16:00:00.000,0,,progress_current_planted,STATE
SURVEY,CROPS,FIELD CROPS,COTTON,UPLAND,ALL PRODUCTION PRACTICES,ALL UTILIZATION PRACTICES,PROGRESS,PCT PLANTED,"COTTON, UPLAND - PROGRESS, MEASURED IN PCT PLANTED",TOTAL,NOT SPECIFIED,STATE,22.0,22,LA,LOUISIANA,,,,,,,,0,,,9000,UNITED STATES,LOUISIANA,2026,WEEKLY,15,15,WEEK #15,2026-04-12,2026-04-13 16:00:00.000,1,,progress_current_planted,STATE
SURVEY,CROPS,FIELD CROPS,COTTON,UPLAND,ALL PRODUCTION PRACTICES,ALL UTILIZATION PRACTICES,PROGRESS,PCT PLANTED,"COTTON, UPLAND - PROGRESS, MEASURED IN PCT PLANTED",TOTAL,NOT SPECIFIED,STATE,22.0,22,LA,LOUISIANA,,,,,,,,0,,,9000,UNITED STATES,LOUISIANA,2026,WEEKLY,16,16,WEEK #16,2026-04-19,2026-04-20 16:00:00.000,2,,progress_current_planted,STATE
SURVEY,CROPS,FIELD CROPS,COTTON,UPLAND,ALL PRODUCTION PRACTICES,ALL UTILIZATION PRACTICES,PROGRESS,PCT PLANTED,"COTTON, UPLAND - PROGRESS, MEASURED IN PCT PLANTED",TOTAL,NOT SPECIFIED,STATE,22.0,22,LA,LOUISIANA,,,,,,,,0,,,9000,UNITED STATES,LOUISIANA,2026,WEEKLY,17,17,WEEK #17,2026-04-26,2026-04-27 16:00:00.000,9,,progress_current_planted,STATE
SURVEY,CROPS,FIELD CROPS,COTTON,UPLAND,ALL PRODUCTION PRACTICES,ALL UTILIZATION PRACTICES,PROGRESS,PCT PLANTED,"COTTON, UPLAND - PROGRESS, MEASURED IN PCT PLANTED",TOTAL,NOT SPECIFIED,STATE,22.0,22,LA,LOUISIANA,,,,,,,,0,,,9000,UNITED STATES,LOUISIANA,2026,WEEKLY,18,18,WEEK #18,2026-05-03,2026-05-04 16:00:00.000,15,,progress_current_planted,STATE
SURVEY,CROPS,FIELD CROPS,COTTON,UPLAND,ALL PRODUCTION PRACTICES,ALL UTILIZATION PRACTICES,PROGRESS,PCT PLANTED,"COTTON, UPLAND - PROGRESS, MEASURED IN PCT PLANTED",TOTAL,NOT SPECIFIED,STATE,22.0,22,LA,LOUISIANA,,,,,,,,0,,,9000,UNITED STATES,LOUISIANA,2026,WEEKLY,19,19,WEEK #19,2026-05-10,2026-05-11 16:00:00.000,25,,progress_current_planted,STATE
SURVEY,CROPS,FIELD CROPS,COTTON,UPLAND,ALL PRODUCTION PRACTICES,ALL UTILIZATION PRACTICES,PROGRESS,PCT PLANTED,"COTTON, UPLAND - PROGRESS, MEASURED IN PCT PLANTED",TOTAL,NOT SPECIFIED,STATE,22.0,22,LA,LOUISIANA,,,,,,,,0,,,9000,UNITED STATES,LOUISIANA,2026,WEEKLY,20,20,WEEK #20,2026-05-17,2026-05-18 16:00:00.000,50,,progress_current_planted,STATE
SURVEY,CROPS,FIELD CROPS,COTTON,UPLAND,ALL PRODUCTION PRACTICES,ALL UTILIZATION PRACTICES,PROGRESS,PCT PLANTED,"COTTON, UPLAND - PROGRESS, MEASURED IN PCT PLANTED",TOTAL,NOT SPECIFIED,STATE,22.0,22,LA,LOUISIANA,,,,,,,,0,,,9000,UNITED STATES,LOUISIANA,2026,WEEKLY,21,21,WEEK #21,2026-05-24,2026-05-26 16:00:00.000,70,,progress_current_planted,STATE
SURVEY,CROPS,FIELD CROPS,COTTON,UPLAND,ALL PRODUCTION PRACTICES,ALL UTILIZATION PRACTICES,PROGRESS,PCT PLANTED,"COTTON, UPLAND - PROGRESS, MEASURED IN PCT PLANTED",TOTAL,NOT SPECIFIED,STATE,22.0,22,LA,LOUISIANA,,,,,,,,0,,,9000,UNITED STATES,LOUISIANA,2026,WEEKLY,22,22,WEEK #22,2026-05-31,2026-06-01 16:00:00.000,82,,progress_current_planted,STATE
SURVEY,CROPS,FIELD CROPS,COTTON,UPLAND,ALL PRODUCTION PRACTICES,ALL UTILIZATION PRACTICES,PROGRESS,PCT PLANTED,"COTTON, UPLAND - PROGRESS, MEASURED IN PCT PLANTED",TOTAL,NOT SPECIFIED,STATE,28.0,28,MS,MISSISSIPPI,,,,,,,,0,,,9000,UNITED STATES,MISSISSIPPI,2026,WEEKLY,14,14,WEEK #14,2026-04-05,2026-04-06 16:00:00.000,0,,progress_current_planted,STATE
SURVEY,CROPS,FIELD CROPS,COTTON,UPLAND,ALL PRODUCTION PRACTICES,ALL UTILIZATION PRACTICES,PROGRESS,PCT PLANTED,"COTTON, UPLAND - PROGRESS, MEASURED IN PCT PLANTED",TOTAL,NOT SPECIFIED,STATE,28.0,28,MS,MISSISSIPPI,,,,,,,,0,,,9000,UNITED STATES,MISSISSIPPI,2026,WEEKLY,15,15,WEEK #15,2026-04-12,2026-04-13 16:00:00.000,2,,progress_current_planted,STATE
SURVEY,CROPS,FIELD CROPS,COTTON,UPLAND,ALL PRODUCTION PRACTICES,ALL UTILIZATION PRACTICES,PROGRESS,PCT PLANTED,"COTTON, UPLAND - PROGRESS, MEASURED IN PCT PLANTED",TOTAL,NOT SPECIFIED,STATE,28.0,28,MS,MISSISSIPPI,,,,,,,,0,,,9000,UNITED STATES,MISSISSIPPI,2026,WEEKLY,16,16,WEEK #16,2026-04-19,2026-04-20 16:00:00.000,9,,progress_current_planted,STATE
SURVEY,CROPS,FIELD CROPS,COTTON,UPLAND,ALL PRODUCTION PRACTICES,ALL UTILIZATION PRACTICES,PROGRESS,PCT PLANTED,"COTTON, UPLAND - PROGRESS, MEASURED IN PCT PLANTED",TOTAL,NOT SPECIFIED,STATE,28.0,28,MS,MISSISSIPPI,,,,,,,,0,,,9000,UNITED STATES,MISSISSIPPI,2026,WEEKLY,17,17,WEEK #17,2026-04-26,2026-04-27 16:00:00.000,15,,progress_current_planted,STATE
SURVEY,CROPS,FIELD CROPS,COTTON,UPLAND,ALL PRODUCTION PRACTICES,ALL UTILIZATION PRACTICES,PROGRESS,PCT PLANTED,"COTTON, UPLAND - PROGRESS, MEASURED IN PCT PLANTED",TOTAL,NOT SPECIFIED,STATE,28.0,28,MS,MISSISSIPPI,,,,,,,,0,,,9000,UNITED STATES,MISSISSIPPI,2026,WEEKLY,18,18,WEEK #18,2026-05-03,2026-05-04 16:00:00.000,30,,progress_current_planted,STATE
SURVEY,CROPS,FIELD CROPS,COTTON,UPLAND,ALL PRODUCTION PRACTICES,ALL UTILIZATION PRACTICES,PROGRESS,PCT PLANTED,"COTTON, UPLAND - PROGRESS, MEASURED IN PCT PLANTED",TOTAL,NOT SPECIFIED,STATE,28.0,28,MS,MISSISSIPPI,,,,,,,,0,,,9000,UNITED STATES,MISSISSIPPI,2026,WEEKLY,19,19,WEEK #19,2026-05-10,2026-05-11 16:00:00.000,47,,progress_current_planted,STATE
SURVEY,CROPS,FIELD CROPS,COTTON,UPLAND,ALL PRODUCTION PRACTICES,ALL UTILIZATION PRACTICES,PROGRESS,PCT PLANTED,"COTTON, UPLAND - PROGRESS, MEASURED IN PCT PLANTED",TOTAL,NOT SPECIFIED,STATE,28.0,28,MS,MISSISSIPPI,,,,,,,,0,,,9000,UNITED STATES,MISSISSIPPI,2026,WEEKLY,20,20,WEEK #20,2026-05-17,2026-05-18 16:00:00.000,58,,progress_current_planted,STATE
SURVEY,CROPS,FIELD CROPS,COTTON,UPLAND,ALL PRODUCTION PRACTICES,ALL UTILIZATION PRACTICES,PROGRESS,PCT PLANTED,"COTTON, UPLAND - PROGRESS, MEASURED IN PCT PLANTED",TOTAL,NOT SPECIFIED,STATE,28.0,28,MS,MISSISSIPPI,,,,,,,,0,,,9000,UNITED STATES,MISSISSIPPI,2026,WEEKLY,21,21,WEEK #21,2026-05-24,2026-05-26 16:00:00.000,73,,progress_current_planted,STATE
SURVEY,CROPS,FIELD CROPS,COTTON,UPLAND,ALL PRODUCTION PRACTICES,ALL UTILIZATION PRACTICES,PROGRESS,PCT PLANTED,"COTTON, UPLAND - PROGRESS, MEASURED IN PCT PLANTED",TOTAL,NOT SPECIFIED,STATE,28.0,28,MS,MISSISSIPPI,,,,,,,,0,,,9000,UNITED STATES,MISSISSIPPI,2026,WEEKLY,22,22,WEEK #22,2026-05-31,2026-06-01 16:00:00.000,83,,progress_current_planted,STATE
SURVEY,CROPS,FIELD CROPS,COTTON,UPLAND,ALL PRODUCTION PRACTICES,ALL UTILIZATION PRACTICES,PROGRESS,PCT PLANTED,"COTTON, UPLAND - PROGRESS, MEASURED IN PCT PLANTED",TOTAL,NOT SPECIFIED,STATE,29.0,29,MO,MISSOURI,,,,,,,,0,,,9000,UNITED STATES,MISSOURI,2026,WEEKLY,14,14,WEEK #14,2026-04-05,2026-04-06 16:00:00.000,0,,progress_current_planted,STATE
SURVEY,CROPS,FIELD CROPS,COTTON,UPLAND,ALL PRODUCTION PRACTICES,ALL UTILIZATION PRACTICES,PROGRESS,PCT PLANTED,"COTTON, UPLAND - PROGRESS, MEASURED IN PCT PLANTED",TOTAL,NOT SPECIFIED,STATE,29.0,29,MO,MISSOURI,,,,,,,,0,,,9000,UNITED STATES,MISSOURI,2026,WEEKLY,15,15,WEEK #15,2026-04-12,2026-04-13 16:00:00.000,0,,progress_current_planted,STATE
SURVEY,CROPS,FIELD CROPS,COTTON,UPLAND,ALL PRODUCTION PRACTICES,ALL UTILIZATION PRACTICES,PROGRESS,PCT PLANTED,"COTTON, UPLAND - PROGRESS, MEASURED IN PCT PLANTED",TOTAL,NOT SPECIFIED,STATE,29.0,29,MO,MISSOURI,,,,,,,,0,,,9000,UNITED STATES,MISSOURI,2026,WEEKLY,16,16,WEEK #16,2026-04-19,2026-04-20 16:00:00.000,1,,progress_current_planted,STATE
SURVEY,CROPS,FIELD CROPS,COTTON,UPLAND,ALL PRODUCTION PRACTICES,ALL UTILIZATION PRACTICES,PROGRESS,PCT PLANTED,"COTTON, UPLAND - PROGRESS, MEASURED IN PCT PLANTED",TOTAL,NOT SPECIFIED,STATE,29.0,29,MO,MISSOURI,,,,,,,,0,,,9000,UNITED STATES,MISSOURI,2026,WEEKLY,17,17,WEEK #17,2026-04-26,2026-04-27 16:00:00.000,6,,progress_current_planted,STATE
SURVEY,CROPS,FIELD CROPS,COTTON,UPLAND,ALL PRODUCTION PRACTICES,ALL UTILIZATION PRACTICES,PROGRESS,PCT PLANTED,"COTTON, UPLAND - PROGRESS, MEASURED IN PCT PLANTED",TOTAL,NOT SPECIFIED,STATE,29.0,29,MO,MISSOURI,,,,,,,,0,,,9000,UNITED STATES,MISSOURI,2026,WEEKLY,18,18,WEEK #18,2026-05-03,2026-05-04 16:00:00.000,17,,progress_current_planted,STATE
SURVEY,CROPS,FIELD CROPS,COTTON,UPLAND,ALL PRODUCTION PRACTICES,ALL UTILIZATION PRACTICES,PROGRESS,PCT PLANTED,"COTTON, UPLAND - PROGRESS, MEASURED IN PCT PLANTED",TOTAL,NOT SPECIFIED,STATE,29.0,29,MO,MISSOURI,,,,,,,,0,,,9000,UNITED STATES,MISSOURI,2026,WEEKLY,19,19,WEEK #19,2026-05-10,2026-05-11 16:00:00.000,44,,progress_current_planted,STATE
SURVEY,CROPS,FIELD CROPS,COTTON,UPLAND,ALL PRODUCTION PRACTICES,ALL UTILIZATION PRACTICES,PROGRESS,PCT PLANTED,"COTTON, UPLAND - PROGRESS, MEASURED IN PCT PLANTED",TOTAL,NOT SPECIFIED,STATE,29.0,29,MO,MISSOURI,,,,,,,,0,,,9000,UNITED STATES,MISSOURI,2026,WEEKLY,20,20,WEEK #20,2026-05-17,2026-05-18 16:00:00.000,79,,progress_current_planted,STATE
SURVEY,CROPS,FIELD CROPS,COTTON,UPLAND,ALL PRODUCTION PRACTICES,ALL UTILIZATION PRACTICES,PROGRESS,PCT PLANTED,"COTTON, UPLAND - PROGRESS, MEASURED IN PCT PLANTED",TOTAL,NOT SPECIFIED,STATE,29.0,29,MO,MISSOURI,,,,,,,,0,,,9000,UNITED STATES,MISSOURI,2026,WEEKLY,21,21,WEEK #21,2026-05-24,2026-05-26 16:00:00.000,97,,progress_current_planted,STATE
SURVEY,CROPS,FIELD CROPS,COTTON,UPLAND,ALL PRODUCTION PRACTICES,ALL UTILIZATION PRACTICES,PROGRESS,PCT PLANTED,"COTTON, UPLAND - PROGRESS, MEASURED IN PCT PLANTED",TOTAL,NOT SPECIFIED,STATE,29.0,29,MO,MISSOURI,,,,,,,,0,,,9000,UNITED STATES,MISSOURI,2026,WEEKLY,22,22,WEEK #22,2026-05-31,2026-06-01 16:00:00.000,99,,progress_current_planted,STATE
SURVEY,CROPS,FIELD CROPS,COTTON,UPLAND,ALL PRODUCTION PRACTICES,ALL UTILIZATION PRACTICES,PROGRESS,PCT PLANTED,"COTTON, UPLAND - PROGRESS, MEASURED IN PCT PLANTED",TOTAL,NOT SPECIFIED,STATE,35.0,35,NM,NEW MEXICO,,,,,,,,0,,,9000,UNITED STATES,NEW MEXICO,2026,WEEKLY,14,14,WEEK #14,2026-04-05,2026-04-06 16:00:00.000,7,,progress_current_planted,STATE
SURVEY,CROPS,FIELD CROPS,COTTON,UPLAND,ALL PRODUCTION PRACTICES,ALL UTILIZATION PRACTICES,PROGRESS,PCT PLANTED,"COTTON, UPLAND - PROGRESS, MEASURED IN PCT PLANTED",TOTAL,NOT SPECIFIED,STATE,35.0,35,NM,NEW MEXICO,,,,,,,,0,,,9000,UNITED STATES,NEW MEXICO,2026,WEEKLY,15,15,WEEK #15,2026-04-12,2026-04-13 16:00:00.000,10,,progress_current_planted,STATE
SURVEY,CROPS,FIELD CROPS,COTTON,UPLAND,ALL PRODUCTION PRACTICES,ALL UTILIZATION PRACTICES,PROGRESS,PCT PLANTED,"COTTON, UPLAND - PROGRESS, MEASURED IN PCT PLANTED",TOTAL,NOT SPECIFIED,STATE,35.0,35,NM,NEW MEXICO,,,,,,,,0,,,9000,UNITED STATES,NEW MEXICO,2026,WEEKLY,16,16,WEEK #16,2026-04-19,2026-04-20 16:00:00.000,20,,progress_current_planted,STATE
SURVEY,CROPS,FIELD CROPS,COTTON,UPLAND,ALL PRODUCTION PRACTICES,ALL UTILIZATION PRACTICES,PROGRESS,PCT PLANTED,"COTTON, UPLAND - PROGRESS, MEASURED IN PCT PLANTED",TOTAL,NOT SPECIFIED,STATE,35.0,35,NM,NEW MEXICO,,,,,,,,0,,,9000,UNITED STATES,NEW MEXICO,2026,WEEKLY,17,17,WEEK #17,2026-04-26,2026-04-27 16:00:00.000,25,,progress_current_planted,STATE
SURVEY,CROPS,FIELD CROPS,COTTON,UPLAND,ALL PRODUCTION PRACTICES,ALL UTILIZATION PRACTICES,PROGRESS,PCT PLANTED,"COTTON, UPLAND - PROGRESS, MEASURED IN PCT PLANTED",TOTAL,NOT SPECIFIED,STATE,35.0,35,NM,NEW MEXICO,,,,,,,,0,,,9000,UNITED STATES,NEW MEXICO,2026,WEEKLY,18,18,WEEK #18,2026-05-03,2026-05-04 16:00:00.000,45,,progress_current_planted,STATE
SURVEY,CROPS,FIELD CROPS,COTTON,UPLAND,ALL PRODUCTION PRACTICES,ALL UTILIZATION PRACTICES,PROGRESS,PCT PLANTED,"COTTON, UPLAND - PROGRESS, MEASURED IN PCT PLANTED",TOTAL,NOT SPECIFIED,STATE,35.0,35,NM,NEW MEXICO,,,,,,,,0,,,9000,UNITED STATES,NEW MEXICO,2026,WEEKLY,19,19,WEEK #19,2026-05-10,2026-05-11 16:00:00.000,55,,progress_current_planted,STATE
SURVEY,CROPS,FIELD CROPS,COTTON,UPLAND,ALL PRODUCTION PRACTICES,ALL UTILIZATION PRACTICES,PROGRESS,PCT PLANTED,"COTTON, UPLAND - PROGRESS, MEASURED IN PCT PLANTED",TOTAL,NOT SPECIFIED,STATE,35.0,35,NM,NEW MEXICO,,,,,,,,0,,,9000,UNITED STATES,NEW MEXICO,2026,WEEKLY,20,20,WEEK #20,2026-05-17,2026-05-18 16:00:00.000,65,,progress_current_planted,STATE
SURVEY,CROPS,FIELD CROPS,COTTON,UPLAND,ALL PRODUCTION PRACTICES,ALL UTILIZATION PRACTICES,PROGRESS,PCT PLANTED,"COTTON, UPLAND - PROGRESS, MEASURED IN PCT PLANTED",TOTAL,NOT SPECIFIED,STATE,35.0,35,NM,NEW MEXICO,,,,,,,,0,,,9000,UNITED STATES,NEW MEXICO,2026,WEEKLY,21,21,WEEK #21,2026-05-24,2026-05-26 16:00:00.000,76,,progress_current_planted,STATE
SURVEY,CROPS,FIELD CROPS,COTTON,UPLAND,ALL PRODUCTION PRACTICES,ALL UTILIZATION PRACTICES,PROGRESS,PCT PLANTED,"COTTON, UPLAND - PROGRESS, MEASURED IN PCT PLANTED",TOTAL,NOT SPECIFIED,STATE,35.0,35,NM,NEW MEXICO,,,,,,,,0,,,9000,UNITED STATES,NEW MEXICO,2026,WEEKLY,22,22,WEEK #22,2026-05-31,2026-06-01 16:00:00.000,89,,progress_current_planted,STATE
SURVEY,CROPS,FIELD CROPS,COTTON,UPLAND,ALL PRODUCTION PRACTICES,ALL UTILIZATION PRACTICES,PROGRESS,PCT PLANTED,"COTTON, UPLAND - PROGRESS, MEASURED IN PCT PLANTED",TOTAL,NOT SPECIFIED,STATE,37.0,37,NC,NORTH CAROLINA,,,,,,,,0,,,9000,UNITED STATES,NORTH CAROLINA,2026,WEEKLY,14,14,WEEK #14,2026-04-05,2026-04-06 16:00:00.000,0,,progress_current_planted,STATE
SURVEY,CROPS,FIELD CROPS,COTTON,UPLAND,ALL PRODUCTION PRACTICES,ALL UTILIZATION PRACTICES,PROGRESS,PCT PLANTED,"COTTON, UPLAND - PROGRESS, MEASURED IN PCT PLANTED",TOTAL,NOT SPECIFIED,STATE,37.0,37,NC,NORTH CAROLINA,,,,,,,,0,,,9000,UNITED STATES,NORTH CAROLINA,2026,WEEKLY,15,15,WEEK #15,2026-04-12,2026-04-13 16:00:00.000,0,,progress_current_planted,STATE
SURVEY,CROPS,FIELD CROPS,COTTON,UPLAND,ALL PRODUCTION PRACTICES,ALL UTILIZATION PRACTICES,PROGRESS,PCT PLANTED,"COTTON, UPLAND - PROGRESS, MEASURED IN PCT PLANTED",TOTAL,NOT SPECIFIED,STATE,37.0,37,NC,NORTH CAROLINA,,,,,,,,0,,,9000,UNITED STATES,NORTH CAROLINA,2026,WEEKLY,16,16,WEEK #16,2026-04-19,2026-04-20 16:00:00.000,1,,progress_current_planted,STATE
SURVEY,CROPS,FIELD CROPS,COTTON,UPLAND,ALL PRODUCTION PRACTICES,ALL UTILIZATION PRACTICES,PROGRESS,PCT PLANTED,"COTTON, UPLAND - PROGRESS, MEASURED IN PCT PLANTED",TOTAL,NOT SPECIFIED,STATE,37.0,37,NC,NORTH CAROLINA,,,,,,,,0,,,9000,UNITED STATES,NORTH CAROLINA,2026,WEEKLY,17,17,WEEK #17,2026-04-26,2026-04-27 16:00:00.000,5,,progress_current_planted,STATE
SURVEY,CROPS,FIELD CROPS,COTTON,UPLAND,ALL PRODUCTION PRACTICES,ALL UTILIZATION PRACTICES,PROGRESS,PCT PLANTED,"COTTON, UPLAND - PROGRESS, MEASURED IN PCT PLANTED",TOTAL,NOT SPECIFIED,STATE,37.0,37,NC,NORTH CAROLINA,,,,,,,,0,,,9000,UNITED STATES,NORTH CAROLINA,2026,WEEKLY,18,18,WEEK #18,2026-05-03,2026-05-04 16:00:00.000,12,,progress_current_planted,STATE
SURVEY,CROPS,FIELD CROPS,COTTON,UPLAND,ALL PRODUCTION PRACTICES,ALL UTILIZATION PRACTICES,PROGRESS,PCT PLANTED,"COTTON, UPLAND - PROGRESS, MEASURED IN PCT PLANTED",TOTAL,NOT SPECIFIED,STATE,37.0,37,NC,NORTH CAROLINA,,,,,,,,0,,,9000,UNITED STATES,NORTH CAROLINA,2026,WEEKLY,19,19,WEEK #19,2026-05-10,2026-05-11 16:00:00.000,21,,progress_current_planted,STATE
SURVEY,CROPS,FIELD CROPS,COTTON,UPLAND,ALL PRODUCTION PRACTICES,ALL UTILIZATION PRACTICES,PROGRESS,PCT PLANTED,"COTTON, UPLAND - PROGRESS, MEASURED IN PCT PLANTED",TOTAL,NOT SPECIFIED,STATE,37.0,37,NC,NORTH CAROLINA,,,,,,,,0,,,9000,UNITED STATES,NORTH CAROLINA,2026,WEEKLY,20,20,WEEK #20,2026-05-17,2026-05-18 16:00:00.000,39,,progress_current_planted,STATE
SURVEY,CROPS,FIELD CROPS,COTTON,UPLAND,ALL PRODUCTION PRACTICES,ALL UTILIZATION PRACTICES,PROGRESS,PCT PLANTED,"COTTON, UPLAND - PROGRESS, MEASURED IN PCT PLANTED",TOTAL,NOT SPECIFIED,STATE,37.0,37,NC,NORTH CAROLINA,,,,,,,,0,,,9000,UNITED STATES,NORTH CAROLINA,2026,WEEKLY,21,21,WEEK #21,2026-05-24,2026-05-26 16:00:00.000,61,,progress_current_planted,STATE
SURVEY,CROPS,FIELD CROPS,COTTON,UPLAND,ALL PRODUCTION PRACTICES,ALL UTILIZATION PRACTICES,PROGRESS,PCT PLANTED,"COTTON, UPLAND - PROGRESS, MEASURED IN PCT PLANTED",TOTAL,NOT SPECIFIED,STATE,37.0,37,NC,NORTH CAROLINA,,,,,,,,0,,,9000,UNITED STATES,NORTH CAROLINA,2026,WEEKLY,22,22,WEEK #22,2026-05-31,2026-06-01 16:00:00.000,77,,progress_current_planted,STATE
SURVEY,CROPS,FIELD CROPS,COTTON,UPLAND,ALL PRODUCTION PRACTICES,ALL UTILIZATION PRACTICES,PROGRESS,PCT PLANTED,"COTTON, UPLAND - PROGRESS, MEASURED IN PCT PLANTED",TOTAL,NOT SPECIFIED,STATE,40.0,40,OK,OKLAHOMA,,,,,,,,0,,,9000,UNITED STATES,OKLAHOMA,2026,WEEKLY,14,14,WEEK #14,2026-04-05,2026-04-06 16:00:00.000,0,,progress_current_planted,STATE
SURVEY,CROPS,FIELD CROPS,COTTON,UPLAND,ALL PRODUCTION PRACTICES,ALL UTILIZATION PRACTICES,PROGRESS,PCT PLANTED,"COTTON, UPLAND - PROGRESS, MEASURED IN PCT PLANTED",TOTAL,NOT SPECIFIED,STATE,40.0,40,OK,OKLAHOMA,,,,,,,,0,,,9000,UNITED STATES,OKLAHOMA,2026,WEEKLY,15,15,WEEK #15,2026-04-12,2026-04-13 16:00:00.000,0,,progress_current_planted,STATE
SURVEY,CROPS,FIELD CROPS,COTTON,UPLAND,ALL PRODUCTION PRACTICES,ALL UTILIZATION PRACTICES,PROGRESS,PCT PLANTED,"COTTON, UPLAND - PROGRESS, MEASURED IN PCT PLANTED",TOTAL,NOT SPECIFIED,STATE,40.0,40,OK,OKLAHOMA,,,,,,,,0,,,9000,UNITED STATES,OKLAHOMA,2026,WEEKLY,16,16,WEEK #16,2026-04-19,2026-04-20 16:00:00.000,0,,progress_current_planted,STATE
SURVEY,CROPS,FIELD CROPS,COTTON,UPLAND,ALL PRODUCTION PRACTICES,ALL UTILIZATION PRACTICES,PROGRESS,PCT PLANTED,"COTTON, UPLAND - PROGRESS, MEASURED IN PCT PLANTED",TOTAL,NOT SPECIFIED,STATE,40.0,40,OK,OKLAHOMA,,,,,,,,0,,,9000,UNITED STATES,OKLAHOMA,2026,WEEKLY,17,17,WEEK #17,2026-04-26,2026-04-27 16:00:00.000,0,,progress_current_planted,STATE
SURVEY,CROPS,FIELD CROPS,COTTON,UPLAND,ALL PRODUCTION PRACTICES,ALL UTILIZATION PRACTICES,PROGRESS,PCT PLANTED,"COTTON, UPLAND - PROGRESS, MEASURED IN PCT PLANTED",TOTAL,NOT SPECIFIED,STATE,40.0,40,OK,OKLAHOMA,,,,,,,,0,,,9000,UNITED STATES,OKLAHOMA,2026,WEEKLY,18,18,WEEK #18,2026-05-03,2026-05-04 16:00:00.000,1,,progress_current_planted,STATE
SURVEY,CROPS,FIELD CROPS,COTTON,UPLAND,ALL PRODUCTION PRACTICES,ALL UTILIZATION PRACTICES,PROGRESS,PCT PLANTED,"COTTON, UPLAND - PROGRESS, MEASURED IN PCT PLANTED",TOTAL,NOT SPECIFIED,STATE,40.0,40,OK,OKLAHOMA,,,,,,,,0,,,9000,UNITED STATES,OKLAHOMA,2026,WEEKLY,19,19,WEEK #19,2026-05-10,2026-05-11 16:00:00.000,13,,progress_current_planted,STATE
SURVEY,CROPS,FIELD CROPS,COTTON,UPLAND,ALL PRODUCTION PRACTICES,ALL UTILIZATION PRACTICES,PROGRESS,PCT PLANTED,"COTTON, UPLAND - PROGRESS, MEASURED IN PCT PLANTED",TOTAL,NOT SPECIFIED,STATE,40.0,40,OK,OKLAHOMA,,,,,,,,0,,,9000,UNITED STATES,OKLAHOMA,2026,WEEKLY,20,20,WEEK #20,2026-05-17,2026-05-18 16:00:00.000,29,,progress_current_planted,STATE
SURVEY,CROPS,FIELD CROPS,COTTON,UPLAND,ALL PRODUCTION PRACTICES,ALL UTILIZATION PRACTICES,PROGRESS,PCT PLANTED,"COTTON, UPLAND - PROGRESS, MEASURED IN PCT PLANTED",TOTAL,NOT SPECIFIED,STATE,40.0,40,OK,OKLAHOMA,,,,,,,,0,,,9000,UNITED STATES,OKLAHOMA,2026,WEEKLY,21,21,WEEK #21,2026-05-24,2026-05-26 16:00:00.000,50,,progress_current_planted,STATE
SURVEY,CROPS,FIELD CROPS,COTTON,UPLAND,ALL PRODUCTION PRACTICES,ALL UTILIZATION PRACTICES,PROGRESS,PCT PLANTED,"COTTON, UPLAND - PROGRESS, MEASURED IN PCT PLANTED",TOTAL,NOT SPECIFIED,STATE,40.0,40,OK,OKLAHOMA,,,,,,,,0,,,9000,UNITED STATES,OKLAHOMA,2026,WEEKLY,22,22,WEEK #22,2026-05-31,2026-06-01 16:00:00.000,59,,progress_current_planted,STATE
SURVEY,CROPS,FIELD CROPS,COTTON,UPLAND,ALL PRODUCTION PRACTICES,ALL UTILIZATION PRACTICES,PROGRESS,PCT PLANTED,"COTTON, UPLAND - PROGRESS, MEASURED IN PCT PLANTED",TOTAL,NOT SPECIFIED,STATE,45.0,45,SC,SOUTH CAROLINA,,,,,,,,0,,,9000,UNITED STATES,SOUTH CAROLINA,2026,WEEKLY,14,14,WEEK #14,2026-04-05,2026-04-06 16:00:00.000,0,,progress_current_planted,STATE
SURVEY,CROPS,FIELD CROPS,COTTON,UPLAND,ALL PRODUCTION PRACTICES,ALL UTILIZATION PRACTICES,PROGRESS,PCT PLANTED,"COTTON, UPLAND - PROGRESS, MEASURED IN PCT PLANTED",TOTAL,NOT SPECIFIED,STATE,45.0,45,SC,SOUTH CAROLINA,,,,,,,,0,,,9000,UNITED STATES,SOUTH CAROLINA,2026,WEEKLY,15,15,WEEK #15,2026-04-12,2026-04-13 16:00:00.000,0,,progress_current_planted,STATE
SURVEY,CROPS,FIELD CROPS,COTTON,UPLAND,ALL PRODUCTION PRACTICES,ALL UTILIZATION PRACTICES,PROGRESS,PCT PLANTED,"COTTON, UPLAND - PROGRESS, MEASURED IN PCT PLANTED",TOTAL,NOT SPECIFIED,STATE,45.0,45,SC,SOUTH CAROLINA,,,,,,,,0,,,9000,UNITED STATES,SOUTH CAROLINA,2026,WEEKLY,16,16,WEEK #16,2026-04-19,2026-04-20 16:00:00.000,1,,progress_current_planted,STATE
SURVEY,CROPS,FIELD CROPS,COTTON,UPLAND,ALL PRODUCTION PRACTICES,ALL UTILIZATION PRACTICES,PROGRESS,PCT PLANTED,"COTTON, UPLAND - PROGRESS, MEASURED IN PCT PLANTED",TOTAL,NOT SPECIFIED,STATE,45.0,45,SC,SOUTH CAROLINA,,,,,,,,0,,,9000,UNITED STATES,SOUTH CAROLINA,2026,WEEKLY,17,17,WEEK #17,2026-04-26,2026-04-27 16:00:00.000,2,,progress_current_planted,STATE
SURVEY,CROPS,FIELD CROPS,COTTON,UPLAND,ALL PRODUCTION PRACTICES,ALL UTILIZATION PRACTICES,PROGRESS,PCT PLANTED,"COTTON, UPLAND - PROGRESS, MEASURED IN PCT PLANTED",TOTAL,NOT SPECIFIED,STATE,45.0,45,SC,SOUTH CAROLINA,,,,,,,,0,,,9000,UNITED STATES,SOUTH CAROLINA,2026,WEEKLY,18,18,WEEK #18,2026-05-03,2026-05-04 16:00:00.000,11,,progress_current_planted,STATE
SURVEY,CROPS,FIELD CROPS,COTTON,UPLAND,ALL PRODUCTION PRACTICES,ALL UTILIZATION PRACTICES,PROGRESS,PCT PLANTED,"COTTON, UPLAND - PROGRESS, MEASURED IN PCT PLANTED",TOTAL,NOT SPECIFIED,STATE,45.0,45,SC,SOUTH CAROLINA,,,,,,,,0,,,9000,UNITED STATES,SOUTH CAROLINA,2026,WEEKLY,19,19,WEEK #19,2026-05-10,2026-05-11 16:00:00.000,24,,progress_current_planted,STATE
SURVEY,CROPS,FIELD CROPS,COTTON,UPLAND,ALL PRODUCTION PRACTICES,ALL UTILIZATION PRACTICES,PROGRESS,PCT PLANTED,"COTTON, UPLAND - PROGRESS, MEASURED IN PCT PLANTED",TOTAL,NOT SPECIFIED,STATE,45.0,45,SC,SOUTH CAROLINA,,,,,,,,0,,,9000,UNITED STATES,SOUTH CAROLINA,2026,WEEKLY,20,20,WEEK #20,2026-05-17,2026-05-18 16:00:00.000,40,,progress_current_planted,STATE
SURVEY,CROPS,FIELD CROPS,COTTON,UPLAND,ALL PRODUCTION PRACTICES,ALL UTILIZATION PRACTICES,PROGRESS,PCT PLANTED,"COTTON, UPLAND - PROGRESS, MEASURED IN PCT PLANTED",TOTAL,NOT SPECIFIED,STATE,45.0,45,SC,SOUTH CAROLINA,,,,,,,,0,,,9000,UNITED STATES,SOUTH CAROLINA,2026,WEEKLY,21,21,WEEK #21,2026-05-24,2026-05-26 16:00:00.000,62,,progress_current_planted,STATE
SURVEY,CROPS,FIELD CROPS,COTTON,UPLAND,ALL PRODUCTION PRACTICES,ALL UTILIZATION PRACTICES,PROGRESS,PCT PLANTED,"COTTON, UPLAND - PROGRESS, MEASURED IN PCT PLANTED",TOTAL,NOT SPECIFIED,STATE,45.0,45,SC,SOUTH CAROLINA,,,,,,,,0,,,9000,UNITED STATES,SOUTH CAROLINA,2026,WEEKLY,22,22,WEEK #22,2026-05-31,2026-06-01 16:00:00.000,76,,progress_current_planted,STATE
SURVEY,CROPS,FIELD CROPS,COTTON,UPLAND,ALL PRODUCTION PRACTICES,ALL UTILIZATION PRACTICES,PROGRESS,PCT PLANTED,"COTTON, UPLAND - PROGRESS, MEASURED IN PCT PLANTED",TOTAL,NOT SPECIFIED,STATE,47.0,47,TN,TENNESSEE,,,,,,,,0,,,9000,UNITED STATES,TENNESSEE,2026,WEEKLY,14,14,WEEK #14,2026-04-05,2026-04-06 16:00:00.000,1,,progress_current_planted,STATE
SURVEY,CROPS,FIELD CROPS,COTTON,UPLAND,ALL PRODUCTION PRACTICES,ALL UTILIZATION PRACTICES,PROGRESS,PCT PLANTED,"COTTON, UPLAND - PROGRESS, MEASURED IN PCT PLANTED",TOTAL,NOT SPECIFIED,STATE,47.0,47,TN,TENNESSEE,,,,,,,,0,,,9000,UNITED STATES,TENNESSEE,2026,WEEKLY,15,15,WEEK #15,2026-04-12,2026-04-13 16:00:00.000,3,,progress_current_planted,STATE
SURVEY,CROPS,FIELD CROPS,COTTON,UPLAND,ALL PRODUCTION PRACTICES,ALL UTILIZATION PRACTICES,PROGRESS,PCT PLANTED,"COTTON, UPLAND - PROGRESS, MEASURED IN PCT PLANTED",TOTAL,NOT SPECIFIED,STATE,47.0,47,TN,TENNESSEE,,,,,,,,0,,,9000,UNITED STATES,TENNESSEE,2026,WEEKLY,16,16,WEEK #16,2026-04-19,2026-04-20 16:00:00.000,8,,progress_current_planted,STATE
SURVEY,CROPS,FIELD CROPS,COTTON,UPLAND,ALL PRODUCTION PRACTICES,ALL UTILIZATION PRACTICES,PROGRESS,PCT PLANTED,"COTTON, UPLAND - PROGRESS, MEASURED IN PCT PLANTED",TOTAL,NOT SPECIFIED,STATE,47.0,47,TN,TENNESSEE,,,,,,,,0,,,9000,UNITED STATES,TENNESSEE,2026,WEEKLY,17,17,WEEK #17,2026-04-26,2026-04-27 16:00:00.000,15,,progress_current_planted,STATE
SURVEY,CROPS,FIELD CROPS,COTTON,UPLAND,ALL PRODUCTION PRACTICES,ALL UTILIZATION PRACTICES,PROGRESS,PCT PLANTED,"COTTON, UPLAND - PROGRESS, MEASURED IN PCT PLANTED",TOTAL,NOT SPECIFIED,STATE,47.0,47,TN,TENNESSEE,,,,,,,,0,,,9000,UNITED STATES,TENNESSEE,2026,WEEKLY,18,18,WEEK #18,2026-05-03,2026-05-04 16:00:00.000,25,,progress_current_planted,STATE
SURVEY,CROPS,FIELD CROPS,COTTON,UPLAND,ALL PRODUCTION PRACTICES,ALL UTILIZATION PRACTICES,PROGRESS,PCT PLANTED,"COTTON, UPLAND - PROGRESS, MEASURED IN PCT PLANTED",TOTAL,NOT SPECIFIED,STATE,47.0,47,TN,TENNESSEE,,,,,,,,0,,,9000,UNITED STATES,TENNESSEE,2026,WEEKLY,19,19,WEEK #19,2026-05-10,2026-05-11 16:00:00.000,49,,progress_current_planted,STATE
SURVEY,CROPS,FIELD CROPS,COTTON,UPLAND,ALL PRODUCTION PRACTICES,ALL UTILIZATION PRACTICES,PROGRESS,PCT PLANTED,"COTTON, UPLAND - PROGRESS, MEASURED IN PCT PLANTED",TOTAL,NOT SPECIFIED,STATE,47.0,47,TN,TENNESSEE,,,,,,,,0,,,9000,UNITED STATES,TENNESSEE,2026,WEEKLY,20,20,WEEK #20,2026-05-17,2026-05-18 16:00:00.000,73,,progress_current_planted,STATE
SURVEY,CROPS,FIELD CROPS,COTTON,UPLAND,ALL PRODUCTION PRACTICES,ALL UTILIZATION PRACTICES,PROGRESS,PCT PLANTED,"COTTON, UPLAND - PROGRESS, MEASURED IN PCT PLANTED",TOTAL,NOT SPECIFIED,STATE,47.0,47,TN,TENNESSEE,,,,,,,,0,,,9000,UNITED STATES,TENNESSEE,2026,WEEKLY,21,21,WEEK #21,2026-05-24,2026-05-26 16:00:00.000,87,,progress_current_planted,STATE
SURVEY,CROPS,FIELD CROPS,COTTON,UPLAND,ALL PRODUCTION PRACTICES,ALL UTILIZATION PRACTICES,PROGRESS,PCT PLANTED,"COTTON, UPLAND - PROGRESS, MEASURED IN PCT PLANTED",TOTAL,NOT SPECIFIED,STATE,47.0,47,TN,TENNESSEE,,,,,,,,0,,,9000,UNITED STATES,TENNESSEE,2026,WEEKLY,22,22,WEEK #22,2026-05-31,2026-06-01 16:00:00.000,93,,progress_current_planted,STATE
SURVEY,CROPS,FIELD CROPS,COTTON,UPLAND,ALL PRODUCTION PRACTICES,ALL UTILIZATION PRACTICES,PROGRESS,PCT PLANTED,"COTTON, UPLAND - PROGRESS, MEASURED IN PCT PLANTED",TOTAL,NOT SPECIFIED,STATE,48.0,48,TX,TEXAS,,,,,,,,0,,,9000,UNITED STATES,TEXAS,2026,WEEKLY,13,13,WEEK #13,2026-03-29,2026-03-30 16:00:00.000,4,,progress_current_planted,STATE
SURVEY,CROPS,FIELD CROPS,COTTON,UPLAND,ALL PRODUCTION PRACTICES,ALL UTILIZATION PRACTICES,PROGRESS,PCT PLANTED,"COTTON, UPLAND - PROGRESS, MEASURED IN PCT PLANTED",TOTAL,NOT SPECIFIED,STATE,48.0,48,TX,TEXAS,,,,,,,,0,,,9000,UNITED STATES,TEXAS,2026,WEEKLY,14,14,WEEK #14,2026-04-05,2026-04-06 16:00:00.000,8,,progress_current_planted,STATE
SURVEY,CROPS,FIELD CROPS,COTTON,UPLAND,ALL PRODUCTION PRACTICES,ALL UTILIZATION PRACTICES,PROGRESS,PCT PLANTED,"COTTON, UPLAND - PROGRESS, MEASURED IN PCT PLANTED",TOTAL,NOT SPECIFIED,STATE,48.0,48,TX,TEXAS,,,,,,,,0,,,9000,UNITED STATES,TEXAS,2026,WEEKLY,15,15,WEEK #15,2026-04-12,2026-04-13 16:00:00.000,11,,progress_current_planted,STATE
SURVEY,CROPS,FIELD CROPS,COTTON,UPLAND,ALL PRODUCTION PRACTICES,ALL UTILIZATION PRACTICES,PROGRESS,PCT PLANTED,"COTTON, UPLAND - PROGRESS, MEASURED IN PCT PLANTED",TOTAL,NOT SPECIFIED,STATE,48.0,48,TX,TEXAS,,,,,,,,0,,,9000,UNITED STATES,TEXAS,2026,WEEKLY,16,16,WEEK #16,2026-04-19,2026-04-20 16:00:00.000,16,,progress_current_planted,STATE
SURVEY,CROPS,FIELD CROPS,COTTON,UPLAND,ALL PRODUCTION PRACTICES,ALL UTILIZATION PRACTICES,PROGRESS,PCT PLANTED,"COTTON, UPLAND - PROGRESS, MEASURED IN PCT PLANTED",TOTAL,NOT SPECIFIED,STATE,48.0,48,TX,TEXAS,,,,,,,,0,,,9000,UNITED STATES,TEXAS,2026,WEEKLY,17,17,WEEK #17,2026-04-26,2026-04-27 16:00:00.000,20,,progress_current_planted,STATE
SURVEY,CROPS,FIELD CROPS,COTTON,UPLAND,ALL PRODUCTION PRACTICES,ALL UTILIZATION PRACTICES,PROGRESS,PCT PLANTED,"COTTON, UPLAND - PROGRESS, MEASURED IN PCT PLANTED",TOTAL,NOT SPECIFIED,STATE,48.0,48,TX,TEXAS,,,,,,,,0,,,9000,UNITED STATES,TEXAS,2026,WEEKLY,18,18,WEEK #18,2026-05-03,2026-05-04 16:00:00.000,24,,progress_current_planted,STATE
SURVEY,CROPS,FIELD CROPS,COTTON,UPLAND,ALL PRODUCTION PRACTICES,ALL UTILIZATION PRACTICES,PROGRESS,PCT PLANTED,"COTTON, UPLAND - PROGRESS, MEASURED IN PCT PLANTED",TOTAL,NOT SPECIFIED,STATE,48.0,48,TX,TEXAS,,,,,,,,0,,,9000,UNITED STATES,TEXAS,2026,WEEKLY,19,19,WEEK #19,2026-05-10,2026-05-11 16:00:00.000,27,,progress_current_planted,STATE
SURVEY,CROPS,FIELD CROPS,COTTON,UPLAND,ALL PRODUCTION PRACTICES,ALL UTILIZATION PRACTICES,PROGRESS,PCT PLANTED,"COTTON, UPLAND - PROGRESS, MEASURED IN PCT PLANTED",TOTAL,NOT SPECIFIED,STATE,48.0,48,TX,TEXAS,,,,,,,,0,,,9000,UNITED STATES,TEXAS,2026,WEEKLY,20,20,WEEK #20,2026-05-17,2026-05-18 16:00:00.000,34,,progress_current_planted,STATE
SURVEY,CROPS,FIELD CROPS,COTTON,UPLAND,ALL PRODUCTION PRACTICES,ALL UTILIZATION PRACTICES,PROGRESS,PCT PLANTED,"COTTON, UPLAND - PROGRESS, MEASURED IN PCT PLANTED",TOTAL,NOT SPECIFIED,STATE,48.0,48,TX,TEXAS,,,,,,,,0,,,9000,UNITED STATES,TEXAS,2026,WEEKLY,21,21,WEEK #21,2026-05-24,2026-05-26 16:00:00.000,42,,progress_current_planted,STATE
SURVEY,CROPS,FIELD CROPS,COTTON,UPLAND,ALL PRODUCTION PRACTICES,ALL UTILIZATION PRACTICES,PROGRESS,PCT PLANTED,"COTTON, UPLAND - PROGRESS, MEASURED IN PCT PLANTED",TOTAL,NOT SPECIFIED,STATE,48.0,48,TX,TEXAS,,,,,,,,0,,,9000,UNITED STATES,TEXAS,2026,WEEKLY,22,22,WEEK #22,2026-05-31,2026-06-01 16:00:00.000,56,,progress_current_planted,STATE
SURVEY,CROPS,FIELD CROPS,COTTON,UPLAND,ALL PRODUCTION PRACTICES,ALL UTILIZATION PRACTICES,PROGRESS,PCT PLANTED,"COTTON, UPLAND - PROGRESS, MEASURED IN PCT PLANTED",TOTAL,NOT SPECIFIED,STATE,51.0,51,VA,VIRGINIA,,,,,,,,0,,,9000,UNITED STATES,VIRGINIA,2026,WEEKLY,14,14,WEEK #14,2026-04-05,2026-04-06 16:00:00.000,0,,progress_current_planted,STATE
SURVEY,CROPS,FIELD CROPS,COTTON,UPLAND,ALL PRODUCTION PRACTICES,ALL UTILIZATION PRACTICES,PROGRESS,PCT PLANTED,"COTTON, UPLAND - PROGRESS, MEASURED IN PCT PLANTED",TOTAL,NOT SPECIFIED,STATE,51.0,51,VA,VIRGINIA,,,,,,,,0,,,9000,UNITED STATES,VIRGINIA,2026,WEEKLY,15,15,WEEK #15,2026-04-12,2026-04-13 16:00:00.000,0,,progress_current_planted,STATE
SURVEY,CROPS,FIELD CROPS,COTTON,UPLAND,ALL PRODUCTION PRACTICES,ALL UTILIZATION PRACTICES,PROGRESS,PCT PLANTED,"COTTON, UPLAND - PROGRESS, MEASURED IN PCT PLANTED",TOTAL,NOT SPECIFIED,STATE,51.0,51,VA,VIRGINIA,,,,,,,,0,,,9000,UNITED STATES,VIRGINIA,2026,WEEKLY,16,16,WEEK #16,2026-04-19,2026-04-20 16:00:00.000,0,,progress_current_planted,STATE
SURVEY,CROPS,FIELD CROPS,COTTON,UPLAND,ALL PRODUCTION PRACTICES,ALL UTILIZATION PRACTICES,PROGRESS,PCT PLANTED,"COTTON, UPLAND - PROGRESS, MEASURED IN PCT PLANTED",TOTAL,NOT SPECIFIED,STATE,51.0,51,VA,VIRGINIA,,,,,,,,0,,,9000,UNITED STATES,VIRGINIA,2026,WEEKLY,17,17,WEEK #17,2026-04-26,2026-04-27 16:00:00.000,3,,progress_current_planted,STATE
SURVEY,CROPS,FIELD CROPS,COTTON,UPLAND,ALL PRODUCTION PRACTICES,ALL UTILIZATION PRACTICES,PROGRESS,PCT PLANTED,"COTTON, UPLAND - PROGRESS, MEASURED IN PCT PLANTED",TOTAL,NOT SPECIFIED,STATE,51.0,51,VA,VIRGINIA,,,,,,,,0,,,9000,UNITED STATES,VIRGINIA,2026,WEEKLY,18,18,WEEK #18,2026-05-03,2026-05-04 16:00:00.000,12,,progress_current_planted,STATE
SURVEY,CROPS,FIELD CROPS,COTTON,UPLAND,ALL PRODUCTION PRACTICES,ALL UTILIZATION PRACTICES,PROGRESS,PCT PLANTED,"COTTON, UPLAND - PROGRESS, MEASURED IN PCT PLANTED",TOTAL,NOT SPECIFIED,STATE,51.0,51,VA,VIRGINIA,,,,,,,,0,,,9000,UNITED STATES,VIRGINIA,2026,WEEKLY,19,19,WEEK #19,2026-05-10,2026-05-11 16:00:00.000,25,,progress_current_planted,STATE
SURVEY,CROPS,FIELD CROPS,COTTON,UPLAND,ALL PRODUCTION PRACTICES,ALL UTILIZATION PRACTICES,PROGRESS,PCT PLANTED,"COTTON, UPLAND - PROGRESS, MEASURED IN PCT PLANTED",TOTAL,NOT SPECIFIED,STATE,51.0,51,VA,VIRGINIA,,,,,,,,0,,,9000,UNITED STATES,VIRGINIA,2026,WEEKLY,20,20,WEEK #20,2026-05-17,2026-05-18 16:00:00.000,40,,progress_current_planted,STATE
SURVEY,CROPS,FIELD CROPS,COTTON,UPLAND,ALL PRODUCTION PRACTICES,ALL UTILIZATION PRACTICES,PROGRESS,PCT PLANTED,"COTTON, UPLAND - PROGRESS, MEASURED IN PCT PLANTED",TOTAL,NOT SPECIFIED,STATE,51.0,51,VA,VIRGINIA,,,,,,,,0,,,9000,UNITED STATES,VIRGINIA,2026,WEEKLY,21,21,WEEK #21,2026-05-24,2026-05-26 16:00:00.000,55,,progress_current_planted,STATE
SURVEY,CROPS,FIELD CROPS,COTTON,UPLAND,ALL PRODUCTION PRACTICES,ALL UTILIZATION PRACTICES,PROGRESS,PCT PLANTED,"COTTON, UPLAND - PROGRESS, MEASURED IN PCT PLANTED",TOTAL,NOT SPECIFIED,STATE,51.0,51,VA,VIRGINIA,,,,,,,,0,,,9000,UNITED STATES,VIRGINIA,2026,WEEKLY,22,22,WEEK #22,2026-05-31,2026-06-01 16:00:00.000,68,,progress_current_planted,STATE
SURVEY,CROPS,FIELD CROPS,COTTON,UPLAND,ALL PRODUCTION PRACTICES,ALL UTILIZATION PRACTICES,PROGRESS,PCT SQUARING,"COTTON, UPLAND - PROGRESS, MEASURED IN PCT SQUARING",TOTAL,NOT SPECIFIED,NATIONAL,,99,US,US TOTAL,,,,,,,,0,,,9000,UNITED STATES,US TOTAL,2026,WEEKLY,22,22,WEEK #22,2026-05-31,2026-06-01 16:00:00.000,7,,progress_current_squaring,NATIONAL
SURVEY,CROPS,FIELD CROPS,COTTON,UPLAND,ALL PRODUCTION PRACTICES,ALL UTILIZATION PRACTICES,PROGRESS,PCT SQUARING,"COTTON, UPLAND - PROGRESS, MEASURED IN PCT SQUARING",TOTAL,NOT SPECIFIED,STATE,1.0,1,AL,ALABAMA,,,,,,,,0,,,9000,UNITED STATES,ALABAMA,2026,WEEKLY,21,21,WEEK #21,2026-05-24,2026-05-26 16:00:00.000,4,,progress_current_squaring,STATE
SURVEY,CROPS,FIELD CROPS,COTTON,UPLAND,ALL PRODUCTION PRACTICES,ALL UTILIZATION PRACTICES,PROGRESS,PCT SQUARING,"COTTON, UPLAND - PROGRESS, MEASURED IN PCT SQUARING",TOTAL,NOT SPECIFIED,STATE,1.0,1,AL,ALABAMA,,,,,,,,0,,,9000,UNITED STATES,ALABAMA,2026,WEEKLY,22,22,WEEK #22,2026-05-31,2026-06-01 16:00:00.000,9,,progress_current_squaring,STATE
SURVEY,CROPS,FIELD CROPS,COTTON,UPLAND,ALL PRODUCTION PRACTICES,ALL UTILIZATION PRACTICES,PROGRESS,PCT SQUARING,"COTTON, UPLAND - PROGRESS, MEASURED IN PCT SQUARING",TOTAL,NOT SPECIFIED,STATE,4.0,4,AZ,ARIZONA,,,,,,,,0,,,9000,UNITED STATES,ARIZONA,2026,WEEKLY,19,19,WEEK #19,2026-05-10,2026-05-11 16:00:00.000,0,,progress_current_squaring,STATE
SURVEY,CROPS,FIELD CROPS,COTTON,UPLAND,ALL PRODUCTION PRACTICES,ALL UTILIZATION PRACTICES,PROGRESS,PCT SQUARING,"COTTON, UPLAND - PROGRESS, MEASURED IN PCT SQUARING",TOTAL,NOT SPECIFIED,STATE,4.0,4,AZ,ARIZONA,,,,,,,,0,,,9000,UNITED STATES,ARIZONA,2026,WEEKLY,20,20,WEEK #20,2026-05-17,2026-05-18 16:00:00.000,0,,progress_current_squaring,STATE
SURVEY,CROPS,FIELD CROPS,COTTON,UPLAND,ALL PRODUCTION PRACTICES,ALL UTILIZATION PRACTICES,PROGRESS,PCT SQUARING,"COTTON, UPLAND - PROGRESS, MEASURED IN PCT SQUARING",TOTAL,NOT SPECIFIED,STATE,4.0,4,AZ,ARIZONA,,,,,,,,0,,,9000,UNITED STATES,ARIZONA,2026,WEEKLY,21,21,WEEK #21,2026-05-24,2026-05-26 16:00:00.000,10,,progress_current_squaring,STATE
SURVEY,CROPS,FIELD CROPS,COTTON,UPLAND,ALL PRODUCTION PRACTICES,ALL UTILIZATION PRACTICES,PROGRESS,PCT SQUARING,"COTTON, UPLAND - PROGRESS, MEASURED IN PCT SQUARING",TOTAL,NOT SPECIFIED,STATE,4.0,4,AZ,ARIZONA,,,,,,,,0,,,9000,UNITED STATES,ARIZONA,2026,WEEKLY,22,22,WEEK #22,2026-05-31,2026-06-01 16:00:00.000,21,,progress_current_squaring,STATE
SURVEY,CROPS,FIELD CROPS,COTTON,UPLAND,ALL PRODUCTION PRACTICES,ALL UTILIZATION PRACTICES,PROGRESS,PCT SQUARING,"COTTON, UPLAND - PROGRESS, MEASURED IN PCT SQUARING",TOTAL,NOT SPECIFIED,STATE,5.0,5,AR,ARKANSAS,,,,,,,,0,,,9000,UNITED STATES,ARKANSAS,2026,WEEKLY,21,21,WEEK #21,2026-05-24,2026-05-26 16:00:00.000,0,,progress_current_squaring,STATE
SURVEY,CROPS,FIELD CROPS,COTTON,UPLAND,ALL PRODUCTION PRACTICES,ALL UTILIZATION PRACTICES,PROGRESS,PCT SQUARING,"COTTON, UPLAND - PROGRESS, MEASURED IN PCT SQUARING",TOTAL,NOT SPECIFIED,STATE,5.0,5,AR,ARKANSAS,,,,,,,,0,,,9000,UNITED STATES,ARKANSAS,2026,WEEKLY,22,22,WEEK #22,2026-05-31,2026-06-01 16:00:00.000,8,,progress_current_squaring,STATE
SURVEY,CROPS,FIELD CROPS,COTTON,UPLAND,ALL PRODUCTION PRACTICES,ALL UTILIZATION PRACTICES,PROGRESS,PCT SQUARING,"COTTON, UPLAND - PROGRESS, MEASURED IN PCT SQUARING",TOTAL,NOT SPECIFIED,STATE,6.0,6,CA,CALIFORNIA,,,,,,,,0,,,9000,UNITED STATES,CALIFORNIA,2026,WEEKLY,22,22,WEEK #22,2026-05-31,2026-06-01 16:00:00.000,5,,progress_current_squaring,STATE
SURVEY,CROPS,FIELD CROPS,COTTON,UPLAND,ALL PRODUCTION PRACTICES,ALL UTILIZATION PRACTICES,PROGRESS,PCT SQUARING,"COTTON, UPLAND - PROGRESS, MEASURED IN PCT SQUARING",TOTAL,NOT SPECIFIED,STATE,12.0,12,FL,FLORIDA,,,,,,,,0,,,9000,UNITED STATES,FLORIDA,2026,WEEKLY,21,21,WEEK #21,2026-05-24,2026-05-26 16:00:00.000,0,,progress_current_squaring,STATE
SURVEY,CROPS,FIELD CROPS,COTTON,UPLAND,ALL PRODUCTION PRACTICES,ALL UTILIZATION PRACTICES,PROGRESS,PCT SQUARING,"COTTON, UPLAND - PROGRESS, MEASURED IN PCT SQUARING",TOTAL,NOT SPECIFIED,STATE,12.0,12,FL,FLORIDA,,,,,,,,0,,,9000,UNITED STATES,FLORIDA,2026,WEEKLY,22,22,WEEK #22,2026-05-31,2026-06-01 16:00:00.000,2,,progress_current_squaring,STATE
SURVEY,CROPS,FIELD CROPS,COTTON,UPLAND,ALL PRODUCTION PRACTICES,ALL UTILIZATION PRACTICES,PROGRESS,PCT SQUARING,"COTTON, UPLAND - PROGRESS, MEASURED IN PCT SQUARING",TOTAL,NOT SPECIFIED,STATE,13.0,13,GA,GEORGIA,,,,,,,,0,,,9000,UNITED STATES,GEORGIA,2026,WEEKLY,21,21,WEEK #21,2026-05-24,2026-05-26 16:00:00.000,1,,progress_current_squaring,STATE
SURVEY,CROPS,FIELD CROPS,COTTON,UPLAND,ALL PRODUCTION PRACTICES,ALL UTILIZATION PRACTICES,PROGRESS,PCT SQUARING,"COTTON, UPLAND - PROGRESS, MEASURED IN PCT SQUARING",TOTAL,NOT SPECIFIED,STATE,13.0,13,GA,GEORGIA,,,,,,,,0,,,9000,UNITED STATES,GEORGIA,2026,WEEKLY,22,22,WEEK #22,2026-05-31,2026-06-01 16:00:00.000,4,,progress_current_squaring,STATE
SURVEY,CROPS,FIELD CROPS,COTTON,UPLAND,ALL PRODUCTION PRACTICES,ALL UTILIZATION PRACTICES,PROGRESS,PCT SQUARING,"COTTON, UPLAND - PROGRESS, MEASURED IN PCT SQUARING",TOTAL,NOT SPECIFIED,STATE,20.0,20,KS,KANSAS,,,,,,,,0,,,9000,UNITED STATES,KANSAS,2026,WEEKLY,22,22,WEEK #22,2026-05-31,2026-06-01 16:00:00.000,0,,progress_current_squaring,STATE
SURVEY,CROPS,FIELD CROPS,COTTON,UPLAND,ALL PRODUCTION PRACTICES,ALL UTILIZATION PRACTICES,PROGRESS,PCT SQUARING,"COTTON, UPLAND - PROGRESS, MEASURED IN PCT SQUARING",TOTAL,NOT SPECIFIED,STATE,22.0,22,LA,LOUISIANA,,,,,,,,0,,,9000,UNITED STATES,LOUISIANA,2026,WEEKLY,21,21,WEEK #21,2026-05-24,2026-05-26 16:00:00.000,0,,progress_current_squaring,STATE
SURVEY,CROPS,FIELD CROPS,COTTON,UPLAND,ALL PRODUCTION PRACTICES,ALL UTILIZATION PRACTICES,PROGRESS,PCT SQUARING,"COTTON, UPLAND - PROGRESS, MEASURED IN PCT SQUARING",TOTAL,NOT SPECIFIED,STATE,22.0,22,LA,LOUISIANA,,,,,,,,0,,,9000,UNITED STATES,LOUISIANA,2026,WEEKLY,22,22,WEEK #22,2026-05-31,2026-06-01 16:00:00.000,0,,progress_current_squaring,STATE
SURVEY,CROPS,FIELD CROPS,COTTON,UPLAND,ALL PRODUCTION PRACTICES,ALL UTILIZATION PRACTICES,PROGRESS,PCT SQUARING,"COTTON, UPLAND - PROGRESS, MEASURED IN PCT SQUARING",TOTAL,NOT SPECIFIED,STATE,28.0,28,MS,MISSISSIPPI,,,,,,,,0,,,9000,UNITED STATES,MISSISSIPPI,2026,WEEKLY,21,21,WEEK #21,2026-05-24,2026-05-26 16:00:00.000,0,,progress_current_squaring,STATE
SURVEY,CROPS,FIELD CROPS,COTTON,UPLAND,ALL PRODUCTION PRACTICES,ALL UTILIZATION PRACTICES,PROGRESS,PCT SQUARING,"COTTON, UPLAND - PROGRESS, MEASURED IN PCT SQUARING",TOTAL,NOT SPECIFIED,STATE,28.0,28,MS,MISSISSIPPI,,,,,,,,0,,,9000,UNITED STATES,MISSISSIPPI,2026,WEEKLY,22,22,WEEK #22,2026-05-31,2026-06-01 16:00:00.000,0,,progress_current_squaring,STATE
SURVEY,CROPS,FIELD CROPS,COTTON,UPLAND,ALL PRODUCTION PRACTICES,ALL UTILIZATION PRACTICES,PROGRESS,PCT SQUARING,"COTTON, UPLAND - PROGRESS, MEASURED IN PCT SQUARING",TOTAL,NOT SPECIFIED,STATE,29.0,29,MO,MISSOURI,,,,,,,,0,,,9000,UNITED STATES,MISSOURI,2026,WEEKLY,22,22,WEEK #22,2026-05-31,2026-06-01 16:00:00.000,0,,progress_current_squaring,STATE
SURVEY,CROPS,FIELD CROPS,COTTON,UPLAND,ALL PRODUCTION PRACTICES,ALL UTILIZATION PRACTICES,PROGRESS,PCT SQUARING,"COTTON, UPLAND - PROGRESS, MEASURED IN PCT SQUARING",TOTAL,NOT SPECIFIED,STATE,35.0,35,NM,NEW MEXICO,,,,,,,,0,,,9000,UNITED STATES,NEW MEXICO,2026,WEEKLY,22,22,WEEK #22,2026-05-31,2026-06-01 16:00:00.000,0,,progress_current_squaring,STATE
SURVEY,CROPS,FIELD CROPS,COTTON,UPLAND,ALL PRODUCTION PRACTICES,ALL UTILIZATION PRACTICES,PROGRESS,PCT SQUARING,"COTTON, UPLAND - PROGRESS, MEASURED IN PCT SQUARING",TOTAL,NOT SPECIFIED,STATE,37.0,37,NC,NORTH CAROLINA,,,,,,,,0,,,9000,UNITED STATES,NORTH CAROLINA,2026,WEEKLY,21,21,WEEK #21,2026-05-24,2026-05-26 16:00:00.000,0,,progress_current_squaring,STATE
SURVEY,CROPS,FIELD CROPS,COTTON,UPLAND,ALL PRODUCTION PRACTICES,ALL UTILIZATION PRACTICES,PROGRESS,PCT SQUARING,"COTTON, UPLAND - PROGRESS, MEASURED IN PCT SQUARING",TOTAL,NOT SPECIFIED,STATE,37.0,37,NC,NORTH CAROLINA,,,,,,,,0,,,9000,UNITED STATES,NORTH CAROLINA,2026,WEEKLY,22,22,WEEK #22,2026-05-31,2026-06-01 16:00:00.000,0,,progress_current_squaring,STATE
SURVEY,CROPS,FIELD CROPS,COTTON,UPLAND,ALL PRODUCTION PRACTICES,ALL UTILIZATION PRACTICES,PROGRESS,PCT SQUARING,"COTTON, UPLAND - PROGRESS, MEASURED IN PCT SQUARING",TOTAL,NOT SPECIFIED,STATE,40.0,40,OK,OKLAHOMA,,,,,,,,0,,,9000,UNITED STATES,OKLAHOMA,2026,WEEKLY,22,22,WEEK #22,2026-05-31,2026-06-01 16:00:00.000,0,,progress_current_squaring,STATE
SURVEY,CROPS,FIELD CROPS,COTTON,UPLAND,ALL PRODUCTION PRACTICES,ALL UTILIZATION PRACTICES,PROGRESS,PCT SQUARING,"COTTON, UPLAND - PROGRESS, MEASURED IN PCT SQUARING",TOTAL,NOT SPECIFIED,STATE,45.0,45,SC,SOUTH CAROLINA,,,,,,,,0,,,9000,UNITED STATES,SOUTH CAROLINA,2026,WEEKLY,21,21,WEEK #21,2026-05-24,2026-05-26 16:00:00.000,0,,progress_current_squaring,STATE
SURVEY,CROPS,FIELD CROPS,COTTON,UPLAND,ALL PRODUCTION PRACTICES,ALL UTILIZATION PRACTICES,PROGRESS,PCT SQUARING,"COTTON, UPLAND - PROGRESS, MEASURED IN PCT SQUARING",TOTAL,NOT SPECIFIED,STATE,45.0,45,SC,SOUTH CAROLINA,,,,,,,,0,,,9000,UNITED STATES,SOUTH CAROLINA,2026,WEEKLY,22,22,WEEK #22,2026-05-31,2026-06-01 16:00:00.000,1,,progress_current_squaring,STATE
SURVEY,CROPS,FIELD CROPS,COTTON,UPLAND,ALL PRODUCTION PRACTICES,ALL UTILIZATION PRACTICES,PROGRESS,PCT SQUARING,"COTTON, UPLAND - PROGRESS, MEASURED IN PCT SQUARING",TOTAL,NOT SPECIFIED,STATE,47.0,47,TN,TENNESSEE,,,,,,,,0,,,9000,UNITED STATES,TENNESSEE,2026,WEEKLY,21,21,WEEK #21,2026-05-24,2026-05-26 16:00:00.000,1,,progress_current_squaring,STATE
SURVEY,CROPS,FIELD CROPS,COTTON,UPLAND,ALL PRODUCTION PRACTICES,ALL UTILIZATION PRACTICES,PROGRESS,PCT SQUARING,"COTTON, UPLAND - PROGRESS, MEASURED IN PCT SQUARING",TOTAL,NOT SPECIFIED,STATE,47.0,47,TN,TENNESSEE,,,,,,,,0,,,9000,UNITED STATES,TENNESSEE,2026,WEEKLY,22,22,WEEK #22,2026-05-31,2026-06-01 16:00:00.000,6,,progress_current_squaring,STATE
SURVEY,CROPS,FIELD CROPS,COTTON,UPLAND,ALL PRODUCTION PRACTICES,ALL UTILIZATION PRACTICES,PROGRESS,PCT SQUARING,"COTTON, UPLAND - PROGRESS, MEASURED IN PCT SQUARING",TOTAL,NOT SPECIFIED,STATE,48.0,48,TX,TEXAS,,,,,,,,0,,,9000,UNITED STATES,TEXAS,2026,WEEKLY,22,22,WEEK #22,2026-05-31,2026-06-01 16:00:00.000,10,,progress_current_squaring,STATE
SURVEY,CROPS,FIELD CROPS,COTTON,UPLAND,ALL PRODUCTION PRACTICES,ALL UTILIZATION PRACTICES,PROGRESS,PCT SQUARING,"COTTON, UPLAND - PROGRESS, MEASURED IN PCT SQUARING",TOTAL,NOT SPECIFIED,STATE,51.0,51,VA,VIRGINIA,,,,,,,,0,,,9000,UNITED STATES,VIRGINIA,2026,WEEKLY,22,22,WEEK #22,2026-05-31,2026-06-01 16:00:00.000,1,,progress_current_squaring,STATE
SURVEY,CROPS,FIELD CROPS,COTTON,UPLAND,ALL PRODUCTION PRACTICES,ALL UTILIZATION PRACTICES,PROGRESS,PCT EMERGED,"COTTON, UPLAND - PROGRESS, MEASURED IN PCT EMERGED",TOTAL,NOT SPECIFIED,STATE,4.0,4,AZ,ARIZONA,,,,,,,,0,,,9000,UNITED STATES,ARIZONA,2026,WEEKLY,14,14,WEEK #14,2026-04-05,2026-04-06 16:00:00.000,7,,progress_current_emerged,STATE
SURVEY,CROPS,FIELD CROPS,COTTON,UPLAND,ALL PRODUCTION PRACTICES,ALL UTILIZATION PRACTICES,PROGRESS,PCT EMERGED,"COTTON, UPLAND - PROGRESS, MEASURED IN PCT EMERGED",TOTAL,NOT SPECIFIED,STATE,4.0,4,AZ,ARIZONA,,,,,,,,0,,,9000,UNITED STATES,ARIZONA,2026,WEEKLY,15,15,WEEK #15,2026-04-12,2026-04-13 16:00:00.000,12,,progress_current_emerged,STATE
SURVEY,CROPS,FIELD CROPS,COTTON,UPLAND,ALL PRODUCTION PRACTICES,ALL UTILIZATION PRACTICES,PROGRESS,PCT EMERGED,"COTTON, UPLAND - PROGRESS, MEASURED IN PCT EMERGED",TOTAL,NOT SPECIFIED,STATE,4.0,4,AZ,ARIZONA,,,,,,,,0,,,9000,UNITED STATES,ARIZONA,2026,WEEKLY,16,16,WEEK #16,2026-04-19,2026-04-20 16:00:00.000,28,,progress_current_emerged,STATE
SURVEY,CROPS,FIELD CROPS,COTTON,UPLAND,ALL PRODUCTION PRACTICES,ALL UTILIZATION PRACTICES,PROGRESS,PCT EMERGED,"COTTON, UPLAND - PROGRESS, MEASURED IN PCT EMERGED",TOTAL,NOT SPECIFIED,STATE,4.0,4,AZ,ARIZONA,,,,,,,,0,,,9000,UNITED STATES,ARIZONA,2026,WEEKLY,17,17,WEEK #17,2026-04-26,2026-04-27 16:00:00.000,36,,progress_current_emerged,STATE
SURVEY,CROPS,FIELD CROPS,COTTON,UPLAND,ALL PRODUCTION PRACTICES,ALL UTILIZATION PRACTICES,PROGRESS,PCT EMERGED,"COTTON, UPLAND - PROGRESS, MEASURED IN PCT EMERGED",TOTAL,NOT SPECIFIED,STATE,4.0,4,AZ,ARIZONA,,,,,,,,0,,,9000,UNITED STATES,ARIZONA,2026,WEEKLY,18,18,WEEK #18,2026-05-03,2026-05-04 16:00:00.000,50,,progress_current_emerged,STATE
SURVEY,CROPS,FIELD CROPS,COTTON,UPLAND,ALL PRODUCTION PRACTICES,ALL UTILIZATION PRACTICES,PROGRESS,PCT EMERGED,"COTTON, UPLAND - PROGRESS, MEASURED IN PCT EMERGED",TOTAL,NOT SPECIFIED,STATE,4.0,4,AZ,ARIZONA,,,,,,,,0,,,9000,UNITED STATES,ARIZONA,2026,WEEKLY,19,19,WEEK #19,2026-05-10,2026-05-11 16:00:00.000,57,,progress_current_emerged,STATE
SURVEY,CROPS,FIELD CROPS,COTTON,UPLAND,ALL PRODUCTION PRACTICES,ALL UTILIZATION PRACTICES,PROGRESS,PCT EMERGED,"COTTON, UPLAND - PROGRESS, MEASURED IN PCT EMERGED",TOTAL,NOT SPECIFIED,STATE,4.0,4,AZ,ARIZONA,,,,,,,,0,,,9000,UNITED STATES,ARIZONA,2026,WEEKLY,20,20,WEEK #20,2026-05-17,2026-05-18 16:00:00.000,75,,progress_current_emerged,STATE
SURVEY,CROPS,FIELD CROPS,COTTON,UPLAND,ALL PRODUCTION PRACTICES,ALL UTILIZATION PRACTICES,PROGRESS,PCT EMERGED,"COTTON, UPLAND - PROGRESS, MEASURED IN PCT EMERGED",TOTAL,NOT SPECIFIED,STATE,4.0,4,AZ,ARIZONA,,,,,,,,0,,,9000,UNITED STATES,ARIZONA,2026,WEEKLY,21,21,WEEK #21,2026-05-24,2026-05-26 16:00:00.000,84,,progress_current_emerged,STATE
SURVEY,CROPS,FIELD CROPS,COTTON,UPLAND,ALL PRODUCTION PRACTICES,ALL UTILIZATION PRACTICES,PROGRESS,PCT EMERGED,"COTTON, UPLAND - PROGRESS, MEASURED IN PCT EMERGED",TOTAL,NOT SPECIFIED,STATE,4.0,4,AZ,ARIZONA,,,,,,,,0,,,9000,UNITED STATES,ARIZONA,2026,WEEKLY,22,22,WEEK #22,2026-05-31,2026-06-01 16:00:00.000,94,,progress_current_emerged,STATE
SURVEY,CROPS,FIELD CROPS,COTTON,UPLAND,ALL PRODUCTION PRACTICES,ALL UTILIZATION PRACTICES,PROGRESS,PCT EMERGED,"COTTON, UPLAND - PROGRESS, MEASURED IN PCT EMERGED",TOTAL,NOT SPECIFIED,STATE,5.0,5,AR,ARKANSAS,,,,,,,,0,,,9000,UNITED STATES,ARKANSAS,2026,WEEKLY,16,16,WEEK #16,2026-04-19,2026-04-20 16:00:00.000,0,,progress_current_emerged,STATE
SURVEY,CROPS,FIELD CROPS,COTTON,UPLAND,ALL PRODUCTION PRACTICES,ALL UTILIZATION PRACTICES,PROGRESS,PCT EMERGED,"COTTON, UPLAND - PROGRESS, MEASURED IN PCT EMERGED",TOTAL,NOT SPECIFIED,STATE,5.0,5,AR,ARKANSAS,,,,,,,,0,,,9000,UNITED STATES,ARKANSAS,2026,WEEKLY,17,17,WEEK #17,2026-04-26,2026-04-27 16:00:00.000,3,,progress_current_emerged,STATE
SURVEY,CROPS,FIELD CROPS,COTTON,UPLAND,ALL PRODUCTION PRACTICES,ALL UTILIZATION PRACTICES,PROGRESS,PCT EMERGED,"COTTON, UPLAND - PROGRESS, MEASURED IN PCT EMERGED",TOTAL,NOT SPECIFIED,STATE,5.0,5,AR,ARKANSAS,,,,,,,,0,,,9000,UNITED STATES,ARKANSAS,2026,WEEKLY,18,18,WEEK #18,2026-05-03,2026-05-04 16:00:00.000,11,,progress_current_emerged,STATE
SURVEY,CROPS,FIELD CROPS,COTTON,UPLAND,ALL PRODUCTION PRACTICES,ALL UTILIZATION PRACTICES,PROGRESS,PCT EMERGED,"COTTON, UPLAND - PROGRESS, MEASURED IN PCT EMERGED",TOTAL,NOT SPECIFIED,STATE,5.0,5,AR,ARKANSAS,,,,,,,,0,,,9000,UNITED STATES,ARKANSAS,2026,WEEKLY,19,19,WEEK #19,2026-05-10,2026-05-11 16:00:00.000,21,,progress_current_emerged,STATE
SURVEY,CROPS,FIELD CROPS,COTTON,UPLAND,ALL PRODUCTION PRACTICES,ALL UTILIZATION PRACTICES,PROGRESS,PCT EMERGED,"COTTON, UPLAND - PROGRESS, MEASURED IN PCT EMERGED",TOTAL,NOT SPECIFIED,STATE,5.0,5,AR,ARKANSAS,,,,,,,,0,,,9000,UNITED STATES,ARKANSAS,2026,WEEKLY,20,20,WEEK #20,2026-05-17,2026-05-18 16:00:00.000,39,,progress_current_emerged,STATE
SURVEY,CROPS,FIELD CROPS,COTTON,UPLAND,ALL PRODUCTION PRACTICES,ALL UTILIZATION PRACTICES,PROGRESS,PCT EMERGED,"COTTON, UPLAND - PROGRESS, MEASURED IN PCT EMERGED",TOTAL,NOT SPECIFIED,STATE,5.0,5,AR,ARKANSAS,,,,,,,,0,,,9000,UNITED STATES,ARKANSAS,2026,WEEKLY,21,21,WEEK #21,2026-05-24,2026-05-26 16:00:00.000,53,,progress_current_emerged,STATE
SURVEY,CROPS,FIELD CROPS,COTTON,UPLAND,ALL PRODUCTION PRACTICES,ALL UTILIZATION PRACTICES,PROGRESS,PCT EMERGED,"COTTON, UPLAND - PROGRESS, MEASURED IN PCT EMERGED",TOTAL,NOT SPECIFIED,STATE,5.0,5,AR,ARKANSAS,,,,,,,,0,,,9000,UNITED STATES,ARKANSAS,2026,WEEKLY,22,22,WEEK #22,2026-05-31,2026-06-01 16:00:00.000,75,,progress_current_emerged,STATE
SURVEY,CROPS,FIELD CROPS,COTTON,UPLAND,ALL PRODUCTION PRACTICES,ALL UTILIZATION PRACTICES,PROGRESS,PCT EMERGED,"COTTON, UPLAND - PROGRESS, MEASURED IN PCT EMERGED",TOTAL,NOT SPECIFIED,STATE,22.0,22,LA,LOUISIANA,,,,,,,,0,,,9000,UNITED STATES,LOUISIANA,2026,WEEKLY,16,16,WEEK #16,2026-04-19,2026-04-20 16:00:00.000,0,,progress_current_emerged,STATE
SURVEY,CROPS,FIELD CROPS,COTTON,UPLAND,ALL PRODUCTION PRACTICES,ALL UTILIZATION PRACTICES,PROGRESS,PCT EMERGED,"COTTON, UPLAND - PROGRESS, MEASURED IN PCT EMERGED",TOTAL,NOT SPECIFIED,STATE,22.0,22,LA,LOUISIANA,,,,,,,,0,,,9000,UNITED STATES,LOUISIANA,2026,WEEKLY,17,17,WEEK #17,2026-04-26,2026-04-27 16:00:00.000,0,,progress_current_emerged,STATE
SURVEY,CROPS,FIELD CROPS,COTTON,UPLAND,ALL PRODUCTION PRACTICES,ALL UTILIZATION PRACTICES,PROGRESS,PCT EMERGED,"COTTON, UPLAND - PROGRESS, MEASURED IN PCT EMERGED",TOTAL,NOT SPECIFIED,STATE,22.0,22,LA,LOUISIANA,,,,,,,,0,,,9000,UNITED STATES,LOUISIANA,2026,WEEKLY,18,18,WEEK #18,2026-05-03,2026-05-04 16:00:00.000,1,,progress_current_emerged,STATE
SURVEY,CROPS,FIELD CROPS,COTTON,UPLAND,ALL PRODUCTION PRACTICES,ALL UTILIZATION PRACTICES,PROGRESS,PCT EMERGED,"COTTON, UPLAND - PROGRESS, MEASURED IN PCT EMERGED",TOTAL,NOT SPECIFIED,STATE,22.0,22,LA,LOUISIANA,,,,,,,,0,,,9000,UNITED STATES,LOUISIANA,2026,WEEKLY,19,19,WEEK #19,2026-05-10,2026-05-11 16:00:00.000,10,,progress_current_emerged,STATE
SURVEY,CROPS,FIELD CROPS,COTTON,UPLAND,ALL PRODUCTION PRACTICES,ALL UTILIZATION PRACTICES,PROGRESS,PCT EMERGED,"COTTON, UPLAND - PROGRESS, MEASURED IN PCT EMERGED",TOTAL,NOT SPECIFIED,STATE,22.0,22,LA,LOUISIANA,,,,,,,,0,,,9000,UNITED STATES,LOUISIANA,2026,WEEKLY,20,20,WEEK #20,2026-05-17,2026-05-18 16:00:00.000,19,,progress_current_emerged,STATE
SURVEY,CROPS,FIELD CROPS,COTTON,UPLAND,ALL PRODUCTION PRACTICES,ALL UTILIZATION PRACTICES,PROGRESS,PCT EMERGED,"COTTON, UPLAND - PROGRESS, MEASURED IN PCT EMERGED",TOTAL,NOT SPECIFIED,STATE,22.0,22,LA,LOUISIANA,,,,,,,,0,,,9000,UNITED STATES,LOUISIANA,2026,WEEKLY,21,21,WEEK #21,2026-05-24,2026-05-26 16:00:00.000,30,,progress_current_emerged,STATE
SURVEY,CROPS,FIELD CROPS,COTTON,UPLAND,ALL PRODUCTION PRACTICES,ALL UTILIZATION PRACTICES,PROGRESS,PCT EMERGED,"COTTON, UPLAND - PROGRESS, MEASURED IN PCT EMERGED",TOTAL,NOT SPECIFIED,STATE,22.0,22,LA,LOUISIANA,,,,,,,,0,,,9000,UNITED STATES,LOUISIANA,2026,WEEKLY,22,22,WEEK #22,2026-05-31,2026-06-01 16:00:00.000,51,,progress_current_emerged,STATE
SURVEY,CROPS,FIELD CROPS,COTTON,UPLAND,ALL PRODUCTION PRACTICES,ALL UTILIZATION PRACTICES,PROGRESS,PCT EMERGED,"COTTON, UPLAND - PROGRESS, MEASURED IN PCT EMERGED",TOTAL,NOT SPECIFIED,STATE,28.0,28,MS,MISSISSIPPI,,,,,,,,0,,,9000,UNITED STATES,MISSISSIPPI,2026,WEEKLY,16,16,WEEK #16,2026-04-19,2026-04-20 16:00:00.000,0,,progress_current_emerged,STATE
SURVEY,CROPS,FIELD CROPS,COTTON,UPLAND,ALL PRODUCTION PRACTICES,ALL UTILIZATION PRACTICES,PROGRESS,PCT EMERGED,"COTTON, UPLAND - PROGRESS, MEASURED IN PCT EMERGED",TOTAL,NOT SPECIFIED,STATE,28.0,28,MS,MISSISSIPPI,,,,,,,,0,,,9000,UNITED STATES,MISSISSIPPI,2026,WEEKLY,17,17,WEEK #17,2026-04-26,2026-04-27 16:00:00.000,1,,progress_current_emerged,STATE
SURVEY,CROPS,FIELD CROPS,COTTON,UPLAND,ALL PRODUCTION PRACTICES,ALL UTILIZATION PRACTICES,PROGRESS,PCT EMERGED,"COTTON, UPLAND - PROGRESS, MEASURED IN PCT EMERGED",TOTAL,NOT SPECIFIED,STATE,28.0,28,MS,MISSISSIPPI,,,,,,,,0,,,9000,UNITED STATES,MISSISSIPPI,2026,WEEKLY,18,18,WEEK #18,2026-05-03,2026-05-04 16:00:00.000,9,,progress_current_emerged,STATE
SURVEY,CROPS,FIELD CROPS,COTTON,UPLAND,ALL PRODUCTION PRACTICES,ALL UTILIZATION PRACTICES,PROGRESS,PCT EMERGED,"COTTON, UPLAND - PROGRESS, MEASURED IN PCT EMERGED",TOTAL,NOT SPECIFIED,STATE,28.0,28,MS,MISSISSIPPI,,,,,,,,0,,,9000,UNITED STATES,MISSISSIPPI,2026,WEEKLY,19,19,WEEK #19,2026-05-10,2026-05-11 16:00:00.000,18,,progress_current_emerged,STATE
SURVEY,CROPS,FIELD CROPS,COTTON,UPLAND,ALL PRODUCTION PRACTICES,ALL UTILIZATION PRACTICES,PROGRESS,PCT EMERGED,"COTTON, UPLAND - PROGRESS, MEASURED IN PCT EMERGED",TOTAL,NOT SPECIFIED,STATE,28.0,28,MS,MISSISSIPPI,,,,,,,,0,,,9000,UNITED STATES,MISSISSIPPI,2026,WEEKLY,20,20,WEEK #20,2026-05-17,2026-05-18 16:00:00.000,37,,progress_current_emerged,STATE
SURVEY,CROPS,FIELD CROPS,COTTON,UPLAND,ALL PRODUCTION PRACTICES,ALL UTILIZATION PRACTICES,PROGRESS,PCT EMERGED,"COTTON, UPLAND - PROGRESS, MEASURED IN PCT EMERGED",TOTAL,NOT SPECIFIED,STATE,28.0,28,MS,MISSISSIPPI,,,,,,,,0,,,9000,UNITED STATES,MISSISSIPPI,2026,WEEKLY,21,21,WEEK #21,2026-05-24,2026-05-26 16:00:00.000,51,,progress_current_emerged,STATE
SURVEY,CROPS,FIELD CROPS,COTTON,UPLAND,ALL PRODUCTION PRACTICES,ALL UTILIZATION PRACTICES,PROGRESS,PCT EMERGED,"COTTON, UPLAND - PROGRESS, MEASURED IN PCT EMERGED",TOTAL,NOT SPECIFIED,STATE,28.0,28,MS,MISSISSIPPI,,,,,,,,0,,,9000,UNITED STATES,MISSISSIPPI,2026,WEEKLY,22,22,WEEK #22,2026-05-31,2026-06-01 16:00:00.000,69,,progress_current_emerged,STATE
SURVEY,CROPS,FIELD CROPS,COTTON,UPLAND,ALL PRODUCTION PRACTICES,ALL UTILIZATION PRACTICES,PROGRESS,PCT EMERGED,"COTTON, UPLAND - PROGRESS, MEASURED IN PCT EMERGED",TOTAL,NOT SPECIFIED,STATE,29.0,29,MO,MISSOURI,,,,,,,,0,,,9000,UNITED STATES,MISSOURI,2026,WEEKLY,17,17,WEEK #17,2026-04-26,2026-04-27 16:00:00.000,2,,progress_current_emerged,STATE
SURVEY,CROPS,FIELD CROPS,COTTON,UPLAND,ALL PRODUCTION PRACTICES,ALL UTILIZATION PRACTICES,PROGRESS,PCT EMERGED,"COTTON, UPLAND - PROGRESS, MEASURED IN PCT EMERGED",TOTAL,NOT SPECIFIED,STATE,29.0,29,MO,MISSOURI,,,,,,,,0,,,9000,UNITED STATES,MISSOURI,2026,WEEKLY,18,18,WEEK #18,2026-05-03,2026-05-04 16:00:00.000,4,,progress_current_emerged,STATE
SURVEY,CROPS,FIELD CROPS,COTTON,UPLAND,ALL PRODUCTION PRACTICES,ALL UTILIZATION PRACTICES,PROGRESS,PCT EMERGED,"COTTON, UPLAND - PROGRESS, MEASURED IN PCT EMERGED",TOTAL,NOT SPECIFIED,STATE,29.0,29,MO,MISSOURI,,,,,,,,0,,,9000,UNITED STATES,MISSOURI,2026,WEEKLY,19,19,WEEK #19,2026-05-10,2026-05-11 16:00:00.000,10,,progress_current_emerged,STATE
SURVEY,CROPS,FIELD CROPS,COTTON,UPLAND,ALL PRODUCTION PRACTICES,ALL UTILIZATION PRACTICES,PROGRESS,PCT EMERGED,"COTTON, UPLAND - PROGRESS, MEASURED IN PCT EMERGED",TOTAL,NOT SPECIFIED,STATE,29.0,29,MO,MISSOURI,,,,,,,,0,,,9000,UNITED STATES,MISSOURI,2026,WEEKLY,20,20,WEEK #20,2026-05-17,2026-05-18 16:00:00.000,34,,progress_current_emerged,STATE
SURVEY,CROPS,FIELD CROPS,COTTON,UPLAND,ALL PRODUCTION PRACTICES,ALL UTILIZATION PRACTICES,PROGRESS,PCT EMERGED,"COTTON, UPLAND - PROGRESS, MEASURED IN PCT EMERGED",TOTAL,NOT SPECIFIED,STATE,29.0,29,MO,MISSOURI,,,,,,,,0,,,9000,UNITED STATES,MISSOURI,2026,WEEKLY,21,21,WEEK #21,2026-05-24,2026-05-26 16:00:00.000,66,,progress_current_emerged,STATE
SURVEY,CROPS,FIELD CROPS,COTTON,UPLAND,ALL PRODUCTION PRACTICES,ALL UTILIZATION PRACTICES,PROGRESS,PCT EMERGED,"COTTON, UPLAND - PROGRESS, MEASURED IN PCT EMERGED",TOTAL,NOT SPECIFIED,STATE,29.0,29,MO,MISSOURI,,,,,,,,0,,,9000,UNITED STATES,MISSOURI,2026,WEEKLY,22,22,WEEK #22,2026-05-31,2026-06-01 16:00:00.000,88,,progress_current_emerged,STATE
SURVEY,CROPS,FIELD CROPS,COTTON,UPLAND,ALL PRODUCTION PRACTICES,ALL UTILIZATION PRACTICES,PROGRESS,PCT EMERGED,"COTTON, UPLAND - PROGRESS, MEASURED IN PCT EMERGED",TOTAL,NOT SPECIFIED,STATE,35.0,35,NM,NEW MEXICO,,,,,,,,0,,,9000,UNITED STATES,NEW MEXICO,2026,WEEKLY,16,16,WEEK #16,2026-04-19,2026-04-20 16:00:00.000,4,,progress_current_emerged,STATE
SURVEY,CROPS,FIELD CROPS,COTTON,UPLAND,ALL PRODUCTION PRACTICES,ALL UTILIZATION PRACTICES,PROGRESS,PCT EMERGED,"COTTON, UPLAND - PROGRESS, MEASURED IN PCT EMERGED",TOTAL,NOT SPECIFIED,STATE,35.0,35,NM,NEW MEXICO,,,,,,,,0,,,9000,UNITED STATES,NEW MEXICO,2026,WEEKLY,17,17,WEEK #17,2026-04-26,2026-04-27 16:00:00.000,8,,progress_current_emerged,STATE
SURVEY,CROPS,FIELD CROPS,COTTON,UPLAND,ALL PRODUCTION PRACTICES,ALL UTILIZATION PRACTICES,PROGRESS,PCT EMERGED,"COTTON, UPLAND - PROGRESS, MEASURED IN PCT EMERGED",TOTAL,NOT SPECIFIED,STATE,35.0,35,NM,NEW MEXICO,,,,,,,,0,,,9000,UNITED STATES,NEW MEXICO,2026,WEEKLY,18,18,WEEK #18,2026-05-03,2026-05-04 16:00:00.000,20,,progress_current_emerged,STATE
SURVEY,CROPS,FIELD CROPS,COTTON,UPLAND,ALL PRODUCTION PRACTICES,ALL UTILIZATION PRACTICES,PROGRESS,PCT EMERGED,"COTTON, UPLAND - PROGRESS, MEASURED IN PCT EMERGED",TOTAL,NOT SPECIFIED,STATE,35.0,35,NM,NEW MEXICO,,,,,,,,0,,,9000,UNITED STATES,NEW MEXICO,2026,WEEKLY,19,19,WEEK #19,2026-05-10,2026-05-11 16:00:00.000,38,,progress_current_emerged,STATE
SURVEY,CROPS,FIELD CROPS,COTTON,UPLAND,ALL PRODUCTION PRACTICES,ALL UTILIZATION PRACTICES,PROGRESS,PCT EMERGED,"COTTON, UPLAND - PROGRESS, MEASURED IN PCT EMERGED",TOTAL,NOT SPECIFIED,STATE,35.0,35,NM,NEW MEXICO,,,,,,,,0,,,9000,UNITED STATES,NEW MEXICO,2026,WEEKLY,20,20,WEEK #20,2026-05-17,2026-05-18 16:00:00.000,55,,progress_current_emerged,STATE
SURVEY,CROPS,FIELD CROPS,COTTON,UPLAND,ALL PRODUCTION PRACTICES,ALL UTILIZATION PRACTICES,PROGRESS,PCT EMERGED,"COTTON, UPLAND - PROGRESS, MEASURED IN PCT EMERGED",TOTAL,NOT SPECIFIED,STATE,35.0,35,NM,NEW MEXICO,,,,,,,,0,,,9000,UNITED STATES,NEW MEXICO,2026,WEEKLY,21,21,WEEK #21,2026-05-24,2026-05-26 16:00:00.000,60,,progress_current_emerged,STATE
SURVEY,CROPS,FIELD CROPS,COTTON,UPLAND,ALL PRODUCTION PRACTICES,ALL UTILIZATION PRACTICES,PROGRESS,PCT EMERGED,"COTTON, UPLAND - PROGRESS, MEASURED IN PCT EMERGED",TOTAL,NOT SPECIFIED,STATE,35.0,35,NM,NEW MEXICO,,,,,,,,0,,,9000,UNITED STATES,NEW MEXICO,2026,WEEKLY,22,22,WEEK #22,2026-05-31,2026-06-01 16:00:00.000,65,,progress_current_emerged,STATE
SURVEY,CROPS,FIELD CROPS,COTTON,UPLAND,ALL PRODUCTION PRACTICES,ALL UTILIZATION PRACTICES,"PROGRESS, 5 YEAR AVG",PCT HARVESTED,"COTTON, UPLAND - PROGRESS, 5 YEAR AVG, MEASURED IN PCT HARVESTED",TOTAL,NOT SPECIFIED,STATE,48.0,48,TX,TEXAS,,,,,,,,0,,,9000,UNITED STATES,TEXAS,2026,WEEKLY,3,3,WEEK #03,2026-01-18,2026-01-19 16:00:00.000,94,,progress_5yr_harvested,STATE
SURVEY,CROPS,FIELD CROPS,COTTON,UPLAND,ALL PRODUCTION PRACTICES,ALL UTILIZATION PRACTICES,"PROGRESS, 5 YEAR AVG",PCT PLANTED,"COTTON, UPLAND - PROGRESS, 5 YEAR AVG, MEASURED IN PCT PLANTED",TOTAL,NOT SPECIFIED,NATIONAL,,99,US,US TOTAL,,,,,,,,0,,,9000,UNITED STATES,US TOTAL,2026,WEEKLY,14,14,WEEK #14,2026-04-05,2026-04-06 16:00:00.000,5,,progress_5yr_planted,NATIONAL
SURVEY,CROPS,FIELD CROPS,COTTON,UPLAND,ALL PRODUCTION PRACTICES,ALL UTILIZATION PRACTICES,"PROGRESS, 5 YEAR AVG",PCT PLANTED,"COTTON, UPLAND - PROGRESS, 5 YEAR AVG, MEASURED IN PCT PLANTED",TOTAL,NOT SPECIFIED,NATIONAL,,99,US,US TOTAL,,,,,,,,0,,,9000,UNITED STATES,US TOTAL,2026,WEEKLY,15,15,WEEK #15,2026-04-12,2026-04-13 16:00:00.000,7,,progress_5yr_planted,NATIONAL
SURVEY,CROPS,FIELD CROPS,COTTON,UPLAND,ALL PRODUCTION PRACTICES,ALL UTILIZATION PRACTICES,"PROGRESS, 5 YEAR AVG",PCT PLANTED,"COTTON, UPLAND - PROGRESS, 5 YEAR AVG, MEASURED IN PCT PLANTED",TOTAL,NOT SPECIFIED,NATIONAL,,99,US,US TOTAL,,,,,,,,0,,,9000,UNITED STATES,US TOTAL,2026,WEEKLY,16,16,WEEK #16,2026-04-19,2026-04-20 16:00:00.000,10,,progress_5yr_planted,NATIONAL
SURVEY,CROPS,FIELD CROPS,COTTON,UPLAND,ALL PRODUCTION PRACTICES,ALL UTILIZATION PRACTICES,"PROGRESS, 5 YEAR AVG",PCT PLANTED,"COTTON, UPLAND - PROGRESS, 5 YEAR AVG, MEASURED IN PCT PLANTED",TOTAL,NOT SPECIFIED,NATIONAL,,99,US,US TOTAL,,,,,,,,0,,,9000,UNITED STATES,US TOTAL,2026,WEEKLY,17,17,WEEK #17,2026-04-26,2026-04-27 16:00:00.000,13,,progress_5yr_planted,NATIONAL
SURVEY,CROPS,FIELD CROPS,COTTON,UPLAND,ALL PRODUCTION PRACTICES,ALL UTILIZATION PRACTICES,"PROGRESS, 5 YEAR AVG",PCT PLANTED,"COTTON, UPLAND - PROGRESS, 5 YEAR AVG, MEASURED IN PCT PLANTED",TOTAL,NOT SPECIFIED,NATIONAL,,99,US,US TOTAL,,,,,,,,0,,,9000,UNITED STATES,US TOTAL,2026,WEEKLY,18,18,WEEK #18,2026-05-03,2026-05-04 16:00:00.000,19,,progress_5yr_planted,NATIONAL
SURVEY,CROPS,FIELD CROPS,COTTON,UPLAND,ALL PRODUCTION PRACTICES,ALL UTILIZATION PRACTICES,"PROGRESS, 5 YEAR AVG",PCT PLANTED,"COTTON, UPLAND - PROGRESS, 5 YEAR AVG, MEASURED IN PCT PLANTED",TOTAL,NOT SPECIFIED,NATIONAL,,99,US,US TOTAL,,,,,,,,0,,,9000,UNITED STATES,US TOTAL,2026,WEEKLY,19,19,WEEK #19,2026-05-10,2026-05-11 16:00:00.000,28,,progress_5yr_planted,NATIONAL
SURVEY,CROPS,FIELD CROPS,COTTON,UPLAND,ALL PRODUCTION PRACTICES,ALL UTILIZATION PRACTICES,"PROGRESS, 5 YEAR AVG",PCT PLANTED,"COTTON, UPLAND - PROGRESS, 5 YEAR AVG, MEASURED IN PCT PLANTED",TOTAL,NOT SPECIFIED,NATIONAL,,99,US,US TOTAL,,,,,,,,0,,,9000,UNITED STATES,US TOTAL,2026,WEEKLY,20,20,WEEK #20,2026-05-17,2026-05-18 16:00:00.000,40,,progress_5yr_planted,NATIONAL
SURVEY,CROPS,FIELD CROPS,COTTON,UPLAND,ALL PRODUCTION PRACTICES,ALL UTILIZATION PRACTICES,"PROGRESS, 5 YEAR AVG",PCT PLANTED,"COTTON, UPLAND - PROGRESS, 5 YEAR AVG, MEASURED IN PCT PLANTED",TOTAL,NOT SPECIFIED,NATIONAL,,99,US,US TOTAL,,,,,,,,0,,,9000,UNITED STATES,US TOTAL,2026,WEEKLY,21,21,WEEK #21,2026-05-24,2026-05-26 16:00:00.000,53,,progress_5yr_planted,NATIONAL
SURVEY,CROPS,FIELD CROPS,COTTON,UPLAND,ALL PRODUCTION PRACTICES,ALL UTILIZATION PRACTICES,"PROGRESS, 5 YEAR AVG",PCT PLANTED,"COTTON, UPLAND - PROGRESS, 5 YEAR AVG, MEASURED IN PCT PLANTED",TOTAL,NOT SPECIFIED,NATIONAL,,99,US,US TOTAL,,,,,,,,0,,,9000,UNITED STATES,US TOTAL,2026,WEEKLY,22,22,WEEK #22,2026-05-31,2026-06-01 16:00:00.000,67,,progress_5yr_planted,NATIONAL
SURVEY,CROPS,FIELD CROPS,COTTON,UPLAND,ALL PRODUCTION PRACTICES,ALL UTILIZATION PRACTICES,"PROGRESS, 5 YEAR AVG",PCT PLANTED,"COTTON, UPLAND - PROGRESS, 5 YEAR AVG, MEASURED IN PCT PLANTED",TOTAL,NOT SPECIFIED,STATE,1.0,1,AL,ALABAMA,,,,,,,,0,,,9000,UNITED STATES,ALABAMA,2026,WEEKLY,14,14,WEEK #14,2026-04-05,2026-04-06 16:00:00.000,0,,progress_5yr_planted,STATE
SURVEY,CROPS,FIELD CROPS,COTTON,UPLAND,ALL PRODUCTION PRACTICES,ALL UTILIZATION PRACTICES,"PROGRESS, 5 YEAR AVG",PCT PLANTED,"COTTON, UPLAND - PROGRESS, 5 YEAR AVG, MEASURED IN PCT PLANTED",TOTAL,NOT SPECIFIED,STATE,1.0,1,AL,ALABAMA,,,,,,,,0,,,9000,UNITED STATES,ALABAMA,2026,WEEKLY,15,15,WEEK #15,2026-04-12,2026-04-13 16:00:00.000,1,,progress_5yr_planted,STATE
SURVEY,CROPS,FIELD CROPS,COTTON,UPLAND,ALL PRODUCTION PRACTICES,ALL UTILIZATION PRACTICES,"PROGRESS, 5 YEAR AVG",PCT PLANTED,"COTTON, UPLAND - PROGRESS, 5 YEAR AVG, MEASURED IN PCT PLANTED",TOTAL,NOT SPECIFIED,STATE,1.0,1,AL,ALABAMA,,,,,,,,0,,,9000,UNITED STATES,ALABAMA,2026,WEEKLY,16,16,WEEK #16,2026-04-19,2026-04-20 16:00:00.000,3,,progress_5yr_planted,STATE
SURVEY,CROPS,FIELD CROPS,COTTON,UPLAND,ALL PRODUCTION PRACTICES,ALL UTILIZATION PRACTICES,"PROGRESS, 5 YEAR AVG",PCT PLANTED,"COTTON, UPLAND - PROGRESS, 5 YEAR AVG, MEASURED IN PCT PLANTED",TOTAL,NOT SPECIFIED,STATE,1.0,1,AL,ALABAMA,,,,,,,,0,,,9000,UNITED STATES,ALABAMA,2026,WEEKLY,17,17,WEEK #17,2026-04-26,2026-04-27 16:00:00.000,8,,progress_5yr_planted,STATE
SURVEY,CROPS,FIELD CROPS,COTTON,UPLAND,ALL PRODUCTION PRACTICES,ALL UTILIZATION PRACTICES,"PROGRESS, 5 YEAR AVG",PCT PLANTED,"COTTON, UPLAND - PROGRESS, 5 YEAR AVG, MEASURED IN PCT PLANTED",TOTAL,NOT SPECIFIED,STATE,1.0,1,AL,ALABAMA,,,,,,,,0,,,9000,UNITED STATES,ALABAMA,2026,WEEKLY,18,18,WEEK #18,2026-05-03,2026-05-04 16:00:00.000,18,,progress_5yr_planted,STATE
SURVEY,CROPS,FIELD CROPS,COTTON,UPLAND,ALL PRODUCTION PRACTICES,ALL UTILIZATION PRACTICES,"PROGRESS, 5 YEAR AVG",PCT PLANTED,"COTTON, UPLAND - PROGRESS, 5 YEAR AVG, MEASURED IN PCT PLANTED",TOTAL,NOT SPECIFIED,STATE,1.0,1,AL,ALABAMA,,,,,,,,0,,,9000,UNITED STATES,ALABAMA,2026,WEEKLY,19,19,WEEK #19,2026-05-10,2026-05-11 16:00:00.000,33,,progress_5yr_planted,STATE
SURVEY,CROPS,FIELD CROPS,COTTON,UPLAND,ALL PRODUCTION PRACTICES,ALL UTILIZATION PRACTICES,"PROGRESS, 5 YEAR AVG",PCT PLANTED,"COTTON, UPLAND - PROGRESS, 5 YEAR AVG, MEASURED IN PCT PLANTED",TOTAL,NOT SPECIFIED,STATE,1.0,1,AL,ALABAMA,,,,,,,,0,,,9000,UNITED STATES,ALABAMA,2026,WEEKLY,20,20,WEEK #20,2026-05-17,2026-05-18 16:00:00.000,51,,progress_5yr_planted,STATE
SURVEY,CROPS,FIELD CROPS,COTTON,UPLAND,ALL PRODUCTION PRACTICES,ALL UTILIZATION PRACTICES,"PROGRESS, 5 YEAR AVG",PCT PLANTED,"COTTON, UPLAND - PROGRESS, 5 YEAR AVG, MEASURED IN PCT PLANTED",TOTAL,NOT SPECIFIED,STATE,1.0,1,AL,ALABAMA,,,,,,,,0,,,9000,UNITED STATES,ALABAMA,2026,WEEKLY,21,21,WEEK #21,2026-05-24,2026-05-26 16:00:00.000,68,,progress_5yr_planted,STATE
SURVEY,CROPS,FIELD CROPS,COTTON,UPLAND,ALL PRODUCTION PRACTICES,ALL UTILIZATION PRACTICES,"PROGRESS, 5 YEAR AVG",PCT PLANTED,"COTTON, UPLAND - PROGRESS, 5 YEAR AVG, MEASURED IN PCT PLANTED",TOTAL,NOT SPECIFIED,STATE,1.0,1,AL,ALABAMA,,,,,,,,0,,,9000,UNITED STATES,ALABAMA,2026,WEEKLY,22,22,WEEK #22,2026-05-31,2026-06-01 16:00:00.000,82,,progress_5yr_planted,STATE
SURVEY,CROPS,FIELD CROPS,COTTON,UPLAND,ALL PRODUCTION PRACTICES,ALL UTILIZATION PRACTICES,"PROGRESS, 5 YEAR AVG",PCT PLANTED,"COTTON, UPLAND - PROGRESS, 5 YEAR AVG, MEASURED IN PCT PLANTED",TOTAL,NOT SPECIFIED,STATE,4.0,4,AZ,ARIZONA,,,,,,,,0,,,9000,UNITED STATES,ARIZONA,2026,WEEKLY,11,11,WEEK #11,2026-03-15,2026-03-16 16:00:00.000,3,,progress_5yr_planted,STATE
SURVEY,CROPS,FIELD CROPS,COTTON,UPLAND,ALL PRODUCTION PRACTICES,ALL UTILIZATION PRACTICES,"PROGRESS, 5 YEAR AVG",PCT PLANTED,"COTTON, UPLAND - PROGRESS, 5 YEAR AVG, MEASURED IN PCT PLANTED",TOTAL,NOT SPECIFIED,STATE,4.0,4,AZ,ARIZONA,,,,,,,,0,,,9000,UNITED STATES,ARIZONA,2026,WEEKLY,12,12,WEEK #12,2026-03-22,2026-03-23 16:00:00.000,5,,progress_5yr_planted,STATE
SURVEY,CROPS,FIELD CROPS,COTTON,UPLAND,ALL PRODUCTION PRACTICES,ALL UTILIZATION PRACTICES,"PROGRESS, 5 YEAR AVG",PCT PLANTED,"COTTON, UPLAND - PROGRESS, 5 YEAR AVG, MEASURED IN PCT PLANTED",TOTAL,NOT SPECIFIED,STATE,4.0,4,AZ,ARIZONA,,,,,,,,0,,,9000,UNITED STATES,ARIZONA,2026,WEEKLY,13,13,WEEK #13,2026-03-29,2026-03-30 16:00:00.000,9,,progress_5yr_planted,STATE
SURVEY,CROPS,FIELD CROPS,COTTON,UPLAND,ALL PRODUCTION PRACTICES,ALL UTILIZATION PRACTICES,"PROGRESS, 5 YEAR AVG",PCT PLANTED,"COTTON, UPLAND - PROGRESS, 5 YEAR AVG, MEASURED IN PCT PLANTED",TOTAL,NOT SPECIFIED,STATE,4.0,4,AZ,ARIZONA,,,,,,,,0,,,9000,UNITED STATES,ARIZONA,2026,WEEKLY,14,14,WEEK #14,2026-04-05,2026-04-06 16:00:00.000,15,,progress_5yr_planted,STATE
SURVEY,CROPS,FIELD CROPS,COTTON,UPLAND,ALL PRODUCTION PRACTICES,ALL UTILIZATION PRACTICES,"PROGRESS, 5 YEAR AVG",PCT PLANTED,"COTTON, UPLAND - PROGRESS, 5 YEAR AVG, MEASURED IN PCT PLANTED",TOTAL,NOT SPECIFIED,STATE,4.0,4,AZ,ARIZONA,,,,,,,,0,,,9000,UNITED STATES,ARIZONA,2026,WEEKLY,15,15,WEEK #15,2026-04-12,2026-04-13 16:00:00.000,24,,progress_5yr_planted,STATE
SURVEY,CROPS,FIELD CROPS,COTTON,UPLAND,ALL PRODUCTION PRACTICES,ALL UTILIZATION PRACTICES,"PROGRESS, 5 YEAR AVG",PCT PLANTED,"COTTON, UPLAND - PROGRESS, 5 YEAR AVG, MEASURED IN PCT PLANTED",TOTAL,NOT SPECIFIED,STATE,4.0,4,AZ,ARIZONA,,,,,,,,0,,,9000,UNITED STATES,ARIZONA,2026,WEEKLY,16,16,WEEK #16,2026-04-19,2026-04-20 16:00:00.000,36,,progress_5yr_planted,STATE
SURVEY,CROPS,FIELD CROPS,COTTON,UPLAND,ALL PRODUCTION PRACTICES,ALL UTILIZATION PRACTICES,"PROGRESS, 5 YEAR AVG",PCT PLANTED,"COTTON, UPLAND - PROGRESS, 5 YEAR AVG, MEASURED IN PCT PLANTED",TOTAL,NOT SPECIFIED,STATE,4.0,4,AZ,ARIZONA,,,,,,,,0,,,9000,UNITED STATES,ARIZONA,2026,WEEKLY,17,17,WEEK #17,2026-04-26,2026-04-27 16:00:00.000,50,,progress_5yr_planted,STATE
SURVEY,CROPS,FIELD CROPS,COTTON,UPLAND,ALL PRODUCTION PRACTICES,ALL UTILIZATION PRACTICES,"PROGRESS, 5 YEAR AVG",PCT PLANTED,"COTTON, UPLAND - PROGRESS, 5 YEAR AVG, MEASURED IN PCT PLANTED",TOTAL,NOT SPECIFIED,STATE,4.0,4,AZ,ARIZONA,,,,,,,,0,,,9000,UNITED STATES,ARIZONA,2026,WEEKLY,18,18,WEEK #18,2026-05-03,2026-05-04 16:00:00.000,65,,progress_5yr_planted,STATE
SURVEY,CROPS,FIELD CROPS,COTTON,UPLAND,ALL PRODUCTION PRACTICES,ALL UTILIZATION PRACTICES,"PROGRESS, 5 YEAR AVG",PCT PLANTED,"COTTON, UPLAND - PROGRESS, 5 YEAR AVG, MEASURED IN PCT PLANTED",TOTAL,NOT SPECIFIED,STATE,4.0,4,AZ,ARIZONA,,,,,,,,0,,,9000,UNITED STATES,ARIZONA,2026,WEEKLY,19,19,WEEK #19,2026-05-10,2026-05-11 16:00:00.000,80,,progress_5yr_planted,STATE
SURVEY,CROPS,FIELD CROPS,COTTON,UPLAND,ALL PRODUCTION PRACTICES,ALL UTILIZATION PRACTICES,"PROGRESS, 5 YEAR AVG",PCT PLANTED,"COTTON, UPLAND - PROGRESS, 5 YEAR AVG, MEASURED IN PCT PLANTED",TOTAL,NOT SPECIFIED,STATE,4.0,4,AZ,ARIZONA,,,,,,,,0,,,9000,UNITED STATES,ARIZONA,2026,WEEKLY,20,20,WEEK #20,2026-05-17,2026-05-18 16:00:00.000,90,,progress_5yr_planted,STATE
SURVEY,CROPS,FIELD CROPS,COTTON,UPLAND,ALL PRODUCTION PRACTICES,ALL UTILIZATION PRACTICES,"PROGRESS, 5 YEAR AVG",PCT PLANTED,"COTTON, UPLAND - PROGRESS, 5 YEAR AVG, MEASURED IN PCT PLANTED",TOTAL,NOT SPECIFIED,STATE,4.0,4,AZ,ARIZONA,,,,,,,,0,,,9000,UNITED STATES,ARIZONA,2026,WEEKLY,21,21,WEEK #21,2026-05-24,2026-05-26 16:00:00.000,95,,progress_5yr_planted,STATE
SURVEY,CROPS,FIELD CROPS,COTTON,UPLAND,ALL PRODUCTION PRACTICES,ALL UTILIZATION PRACTICES,"PROGRESS, 5 YEAR AVG",PCT PLANTED,"COTTON, UPLAND - PROGRESS, 5 YEAR AVG, MEASURED IN PCT PLANTED",TOTAL,NOT SPECIFIED,STATE,4.0,4,AZ,ARIZONA,,,,,,,,0,,,9000,UNITED STATES,ARIZONA,2026,WEEKLY,22,22,WEEK #22,2026-05-31,2026-06-01 16:00:00.000,98,,progress_5yr_planted,STATE
SURVEY,CROPS,FIELD CROPS,COTTON,UPLAND,ALL PRODUCTION PRACTICES,ALL UTILIZATION PRACTICES,"PROGRESS, 5 YEAR AVG",PCT PLANTED,"COTTON, UPLAND - PROGRESS, 5 YEAR AVG, MEASURED IN PCT PLANTED",TOTAL,NOT SPECIFIED,STATE,5.0,5,AR,ARKANSAS,,,,,,,,0,,,9000,UNITED STATES,ARKANSAS,2026,WEEKLY,14,14,WEEK #14,2026-04-05,2026-04-06 16:00:00.000,0,,progress_5yr_planted,STATE
SURVEY,CROPS,FIELD CROPS,COTTON,UPLAND,ALL PRODUCTION PRACTICES,ALL UTILIZATION PRACTICES,"PROGRESS, 5 YEAR AVG",PCT PLANTED,"COTTON, UPLAND - PROGRESS, 5 YEAR AVG, MEASURED IN PCT PLANTED",TOTAL,NOT SPECIFIED,STATE,5.0,5,AR,ARKANSAS,,,,,,,,0,,,9000,UNITED STATES,ARKANSAS,2026,WEEKLY,15,15,WEEK #15,2026-04-12,2026-04-13 16:00:00.000,0,,progress_5yr_planted,STATE
SURVEY,CROPS,FIELD CROPS,COTTON,UPLAND,ALL PRODUCTION PRACTICES,ALL UTILIZATION PRACTICES,"PROGRESS, 5 YEAR AVG",PCT PLANTED,"COTTON, UPLAND - PROGRESS, 5 YEAR AVG, MEASURED IN PCT PLANTED",TOTAL,NOT SPECIFIED,STATE,5.0,5,AR,ARKANSAS,,,,,,,,0,,,9000,UNITED STATES,ARKANSAS,2026,WEEKLY,16,16,WEEK #16,2026-04-19,2026-04-20 16:00:00.000,2,,progress_5yr_planted,STATE
SURVEY,CROPS,FIELD CROPS,COTTON,UPLAND,ALL PRODUCTION PRACTICES,ALL UTILIZATION PRACTICES,"PROGRESS, 5 YEAR AVG",PCT PLANTED,"COTTON, UPLAND - PROGRESS, 5 YEAR AVG, MEASURED IN PCT PLANTED",TOTAL,NOT SPECIFIED,STATE,5.0,5,AR,ARKANSAS,,,,,,,,0,,,9000,UNITED STATES,ARKANSAS,2026,WEEKLY,17,17,WEEK #17,2026-04-26,2026-04-27 16:00:00.000,6,,progress_5yr_planted,STATE
SURVEY,CROPS,FIELD CROPS,COTTON,UPLAND,ALL PRODUCTION PRACTICES,ALL UTILIZATION PRACTICES,"PROGRESS, 5 YEAR AVG",PCT PLANTED,"COTTON, UPLAND - PROGRESS, 5 YEAR AVG, MEASURED IN PCT PLANTED",TOTAL,NOT SPECIFIED,STATE,5.0,5,AR,ARKANSAS,,,,,,,,0,,,9000,UNITED STATES,ARKANSAS,2026,WEEKLY,18,18,WEEK #18,2026-05-03,2026-05-04 16:00:00.000,17,,progress_5yr_planted,STATE
SURVEY,CROPS,FIELD CROPS,COTTON,UPLAND,ALL PRODUCTION PRACTICES,ALL UTILIZATION PRACTICES,"PROGRESS, 5 YEAR AVG",PCT PLANTED,"COTTON, UPLAND - PROGRESS, 5 YEAR AVG, MEASURED IN PCT PLANTED",TOTAL,NOT SPECIFIED,STATE,5.0,5,AR,ARKANSAS,,,,,,,,0,,,9000,UNITED STATES,ARKANSAS,2026,WEEKLY,19,19,WEEK #19,2026-05-10,2026-05-11 16:00:00.000,35,,progress_5yr_planted,STATE
SURVEY,CROPS,FIELD CROPS,COTTON,UPLAND,ALL PRODUCTION PRACTICES,ALL UTILIZATION PRACTICES,"PROGRESS, 5 YEAR AVG",PCT PLANTED,"COTTON, UPLAND - PROGRESS, 5 YEAR AVG, MEASURED IN PCT PLANTED",TOTAL,NOT SPECIFIED,STATE,5.0,5,AR,ARKANSAS,,,,,,,,0,,,9000,UNITED STATES,ARKANSAS,2026,WEEKLY,20,20,WEEK #20,2026-05-17,2026-05-18 16:00:00.000,58,,progress_5yr_planted,STATE
SURVEY,CROPS,FIELD CROPS,COTTON,UPLAND,ALL PRODUCTION PRACTICES,ALL UTILIZATION PRACTICES,"PROGRESS, 5 YEAR AVG",PCT PLANTED,"COTTON, UPLAND - PROGRESS, 5 YEAR AVG, MEASURED IN PCT PLANTED",TOTAL,NOT SPECIFIED,STATE,5.0,5,AR,ARKANSAS,,,,,,,,0,,,9000,UNITED STATES,ARKANSAS,2026,WEEKLY,21,21,WEEK #21,2026-05-24,2026-05-26 16:00:00.000,78,,progress_5yr_planted,STATE
SURVEY,CROPS,FIELD CROPS,COTTON,UPLAND,ALL PRODUCTION PRACTICES,ALL UTILIZATION PRACTICES,"PROGRESS, 5 YEAR AVG",PCT PLANTED,"COTTON, UPLAND - PROGRESS, 5 YEAR AVG, MEASURED IN PCT PLANTED",TOTAL,NOT SPECIFIED,STATE,5.0,5,AR,ARKANSAS,,,,,,,,0,,,9000,UNITED STATES,ARKANSAS,2026,WEEKLY,22,22,WEEK #22,2026-05-31,2026-06-01 16:00:00.000,91,,progress_5yr_planted,STATE
SURVEY,CROPS,FIELD CROPS,COTTON,UPLAND,ALL PRODUCTION PRACTICES,ALL UTILIZATION PRACTICES,"PROGRESS, 5 YEAR AVG",PCT PLANTED,"COTTON, UPLAND - PROGRESS, 5 YEAR AVG, MEASURED IN PCT PLANTED",TOTAL,NOT SPECIFIED,STATE,6.0,6,CA,CALIFORNIA,,,,,,,,0,,,9000,UNITED STATES,CALIFORNIA,2026,WEEKLY,14,14,WEEK #14,2026-04-05,2026-04-06 16:00:00.000,4,,progress_5yr_planted,STATE
SURVEY,CROPS,FIELD CROPS,COTTON,UPLAND,ALL PRODUCTION PRACTICES,ALL UTILIZATION PRACTICES,"PROGRESS, 5 YEAR AVG",PCT PLANTED,"COTTON, UPLAND - PROGRESS, 5 YEAR AVG, MEASURED IN PCT PLANTED",TOTAL,NOT SPECIFIED,STATE,6.0,6,CA,CALIFORNIA,,,,,,,,0,,,9000,UNITED STATES,CALIFORNIA,2026,WEEKLY,15,15,WEEK #15,2026-04-12,2026-04-13 16:00:00.000,13,,progress_5yr_planted,STATE
SURVEY,CROPS,FIELD CROPS,COTTON,UPLAND,ALL PRODUCTION PRACTICES,ALL UTILIZATION PRACTICES,"PROGRESS, 5 YEAR AVG",PCT PLANTED,"COTTON, UPLAND - PROGRESS, 5 YEAR AVG, MEASURED IN PCT PLANTED",TOTAL,NOT SPECIFIED,STATE,6.0,6,CA,CALIFORNIA,,,,,,,,0,,,9000,UNITED STATES,CALIFORNIA,2026,WEEKLY,16,16,WEEK #16,2026-04-19,2026-04-20 16:00:00.000,29,,progress_5yr_planted,STATE
SURVEY,CROPS,FIELD CROPS,COTTON,UPLAND,ALL PRODUCTION PRACTICES,ALL UTILIZATION PRACTICES,"PROGRESS, 5 YEAR AVG",PCT PLANTED,"COTTON, UPLAND - PROGRESS, 5 YEAR AVG, MEASURED IN PCT PLANTED",TOTAL,NOT SPECIFIED,STATE,6.0,6,CA,CALIFORNIA,,,,,,,,0,,,9000,UNITED STATES,CALIFORNIA,2026,WEEKLY,17,17,WEEK #17,2026-04-26,2026-04-27 16:00:00.000,54,,progress_5yr_planted,STATE
SURVEY,CROPS,FIELD CROPS,COTTON,UPLAND,ALL PRODUCTION PRACTICES,ALL UTILIZATION PRACTICES,"PROGRESS, 5 YEAR AVG",PCT PLANTED,"COTTON, UPLAND - PROGRESS, 5 YEAR AVG, MEASURED IN PCT PLANTED",TOTAL,NOT SPECIFIED,STATE,6.0,6,CA,CALIFORNIA,,,,,,,,0,,,9000,UNITED STATES,CALIFORNIA,2026,WEEKLY,18,18,WEEK #18,2026-05-03,2026-05-04 16:00:00.000,74,,progress_5yr_planted,STATE
SURVEY,CROPS,FIELD CROPS,COTTON,UPLAND,ALL PRODUCTION PRACTICES,ALL UTILIZATION PRACTICES,"PROGRESS, 5 YEAR AVG",PCT PLANTED,"COTTON, UPLAND - PROGRESS, 5 YEAR AVG, MEASURED IN PCT PLANTED",TOTAL,NOT SPECIFIED,STATE,6.0,6,CA,CALIFORNIA,,,,,,,,0,,,9000,UNITED STATES,CALIFORNIA,2026,WEEKLY,19,19,WEEK #19,2026-05-10,2026-05-11 16:00:00.000,83,,progress_5yr_planted,STATE
SURVEY,CROPS,FIELD CROPS,COTTON,UPLAND,ALL PRODUCTION PRACTICES,ALL UTILIZATION PRACTICES,"PROGRESS, 5 YEAR AVG",PCT PLANTED,"COTTON, UPLAND - PROGRESS, 5 YEAR AVG, MEASURED IN PCT PLANTED",TOTAL,NOT SPECIFIED,STATE,6.0,6,CA,CALIFORNIA,,,,,,,,0,,,9000,UNITED STATES,CALIFORNIA,2026,WEEKLY,20,20,WEEK #20,2026-05-17,2026-05-18 16:00:00.000,90,,progress_5yr_planted,STATE
SURVEY,CROPS,FIELD CROPS,COTTON,UPLAND,ALL PRODUCTION PRACTICES,ALL UTILIZATION PRACTICES,"PROGRESS, 5 YEAR AVG",PCT PLANTED,"COTTON, UPLAND - PROGRESS, 5 YEAR AVG, MEASURED IN PCT PLANTED",TOTAL,NOT SPECIFIED,STATE,6.0,6,CA,CALIFORNIA,,,,,,,,0,,,9000,UNITED STATES,CALIFORNIA,2026,WEEKLY,21,21,WEEK #21,2026-05-24,2026-05-26 16:00:00.000,94,,progress_5yr_planted,STATE
SURVEY,CROPS,FIELD CROPS,COTTON,UPLAND,ALL PRODUCTION PRACTICES,ALL UTILIZATION PRACTICES,"PROGRESS, 5 YEAR AVG",PCT PLANTED,"COTTON, UPLAND - PROGRESS, 5 YEAR AVG, MEASURED IN PCT PLANTED",TOTAL,NOT SPECIFIED,STATE,6.0,6,CA,CALIFORNIA,,,,,,,,0,,,9000,UNITED STATES,CALIFORNIA,2026,WEEKLY,22,22,WEEK #22,2026-05-31,2026-06-01 16:00:00.000,98,,progress_5yr_planted,STATE
SURVEY,CROPS,FIELD CROPS,COTTON,UPLAND,ALL PRODUCTION PRACTICES,ALL UTILIZATION PRACTICES,"PROGRESS, 5 YEAR AVG",PCT PLANTED,"COTTON, UPLAND - PROGRESS, 5 YEAR AVG, MEASURED IN PCT PLANTED",TOTAL,NOT SPECIFIED,STATE,12.0,12,FL,FLORIDA,,,,,,,,0,,,9000,UNITED STATES,FLORIDA,2026,WEEKLY,14,14,WEEK #14,2026-04-05,2026-04-06 16:00:00.000,0,,progress_5yr_planted,STATE
SURVEY,CROPS,FIELD CROPS,COTTON,UPLAND,ALL PRODUCTION PRACTICES,ALL UTILIZATION PRACTICES,"PROGRESS, 5 YEAR AVG",PCT PLANTED,"COTTON, UPLAND - PROGRESS, 5 YEAR AVG, MEASURED IN PCT PLANTED",TOTAL,NOT SPECIFIED,STATE,12.0,12,FL,FLORIDA,,,,,,,,0,,,9000,UNITED STATES,FLORIDA,2026,WEEKLY,15,15,WEEK #15,2026-04-12,2026-04-13 16:00:00.000,0,,progress_5yr_planted,STATE
SURVEY,CROPS,FIELD CROPS,COTTON,UPLAND,ALL PRODUCTION PRACTICES,ALL UTILIZATION PRACTICES,"PROGRESS, 5 YEAR AVG",PCT PLANTED,"COTTON, UPLAND - PROGRESS, 5 YEAR AVG, MEASURED IN PCT PLANTED",TOTAL,NOT SPECIFIED,STATE,12.0,12,FL,FLORIDA,,,,,,,,0,,,9000,UNITED STATES,FLORIDA,2026,WEEKLY,16,16,WEEK #16,2026-04-19,2026-04-20 16:00:00.000,3,,progress_5yr_planted,STATE
SURVEY,CROPS,FIELD CROPS,COTTON,UPLAND,ALL PRODUCTION PRACTICES,ALL UTILIZATION PRACTICES,"PROGRESS, 5 YEAR AVG",PCT PLANTED,"COTTON, UPLAND - PROGRESS, 5 YEAR AVG, MEASURED IN PCT PLANTED",TOTAL,NOT SPECIFIED,STATE,12.0,12,FL,FLORIDA,,,,,,,,0,,,9000,UNITED STATES,FLORIDA,2026,WEEKLY,17,17,WEEK #17,2026-04-26,2026-04-27 16:00:00.000,7,,progress_5yr_planted,STATE
SURVEY,CROPS,FIELD CROPS,COTTON,UPLAND,ALL PRODUCTION PRACTICES,ALL UTILIZATION PRACTICES,"PROGRESS, 5 YEAR AVG",PCT PLANTED,"COTTON, UPLAND - PROGRESS, 5 YEAR AVG, MEASURED IN PCT PLANTED",TOTAL,NOT SPECIFIED,STATE,12.0,12,FL,FLORIDA,,,,,,,,0,,,9000,UNITED STATES,FLORIDA,2026,WEEKLY,18,18,WEEK #18,2026-05-03,2026-05-04 16:00:00.000,14,,progress_5yr_planted,STATE
SURVEY,CROPS,FIELD CROPS,COTTON,UPLAND,ALL PRODUCTION PRACTICES,ALL UTILIZATION PRACTICES,"PROGRESS, 5 YEAR AVG",PCT PLANTED,"COTTON, UPLAND - PROGRESS, 5 YEAR AVG, MEASURED IN PCT PLANTED",TOTAL,NOT SPECIFIED,STATE,12.0,12,FL,FLORIDA,,,,,,,,0,,,9000,UNITED STATES,FLORIDA,2026,WEEKLY,19,19,WEEK #19,2026-05-10,2026-05-11 16:00:00.000,24,,progress_5yr_planted,STATE
SURVEY,CROPS,FIELD CROPS,COTTON,UPLAND,ALL PRODUCTION PRACTICES,ALL UTILIZATION PRACTICES,"PROGRESS, 5 YEAR AVG",PCT PLANTED,"COTTON, UPLAND - PROGRESS, 5 YEAR AVG, MEASURED IN PCT PLANTED",TOTAL,NOT SPECIFIED,STATE,12.0,12,FL,FLORIDA,,,,,,,,0,,,9000,UNITED STATES,FLORIDA,2026,WEEKLY,20,20,WEEK #20,2026-05-17,2026-05-18 16:00:00.000,38,,progress_5yr_planted,STATE
SURVEY,CROPS,FIELD CROPS,COTTON,UPLAND,ALL PRODUCTION PRACTICES,ALL UTILIZATION PRACTICES,"PROGRESS, 5 YEAR AVG",PCT PLANTED,"COTTON, UPLAND - PROGRESS, 5 YEAR AVG, MEASURED IN PCT PLANTED",TOTAL,NOT SPECIFIED,STATE,12.0,12,FL,FLORIDA,,,,,,,,0,,,9000,UNITED STATES,FLORIDA,2026,WEEKLY,21,21,WEEK #21,2026-05-24,2026-05-26 16:00:00.000,57,,progress_5yr_planted,STATE
SURVEY,CROPS,FIELD CROPS,COTTON,UPLAND,ALL PRODUCTION PRACTICES,ALL UTILIZATION PRACTICES,"PROGRESS, 5 YEAR AVG",PCT PLANTED,"COTTON, UPLAND - PROGRESS, 5 YEAR AVG, MEASURED IN PCT PLANTED",TOTAL,NOT SPECIFIED,STATE,12.0,12,FL,FLORIDA,,,,,,,,0,,,9000,UNITED STATES,FLORIDA,2026,WEEKLY,22,22,WEEK #22,2026-05-31,2026-06-01 16:00:00.000,74,,progress_5yr_planted,STATE
SURVEY,CROPS,FIELD CROPS,COTTON,UPLAND,ALL PRODUCTION PRACTICES,ALL UTILIZATION PRACTICES,"PROGRESS, 5 YEAR AVG",PCT PLANTED,"COTTON, UPLAND - PROGRESS, 5 YEAR AVG, MEASURED IN PCT PLANTED",TOTAL,NOT SPECIFIED,STATE,13.0,13,GA,GEORGIA,,,,,,,,0,,,9000,UNITED STATES,GEORGIA,2026,WEEKLY,14,14,WEEK #14,2026-04-05,2026-04-06 16:00:00.000,0,,progress_5yr_planted,STATE
SURVEY,CROPS,FIELD CROPS,COTTON,UPLAND,ALL PRODUCTION PRACTICES,ALL UTILIZATION PRACTICES,"PROGRESS, 5 YEAR AVG",PCT PLANTED,"COTTON, UPLAND - PROGRESS, 5 YEAR AVG, MEASURED IN PCT PLANTED",TOTAL,NOT SPECIFIED,STATE,13.0,13,GA,GEORGIA,,,,,,,,0,,,9000,UNITED STATES,GEORGIA,2026,WEEKLY,15,15,WEEK #15,2026-04-12,2026-04-13 16:00:00.000,1,,progress_5yr_planted,STATE
SURVEY,CROPS,FIELD CROPS,COTTON,UPLAND,ALL PRODUCTION PRACTICES,ALL UTILIZATION PRACTICES,"PROGRESS, 5 YEAR AVG",PCT PLANTED,"COTTON, UPLAND - PROGRESS, 5 YEAR AVG, MEASURED IN PCT PLANTED",TOTAL,NOT SPECIFIED,STATE,13.0,13,GA,GEORGIA,,,,,,,,0,,,9000,UNITED STATES,GEORGIA,2026,WEEKLY,16,16,WEEK #16,2026-04-19,2026-04-20 16:00:00.000,3,,progress_5yr_planted,STATE
SURVEY,CROPS,FIELD CROPS,COTTON,UPLAND,ALL PRODUCTION PRACTICES,ALL UTILIZATION PRACTICES,"PROGRESS, 5 YEAR AVG",PCT PLANTED,"COTTON, UPLAND - PROGRESS, 5 YEAR AVG, MEASURED IN PCT PLANTED",TOTAL,NOT SPECIFIED,STATE,13.0,13,GA,GEORGIA,,,,,,,,0,,,9000,UNITED STATES,GEORGIA,2026,WEEKLY,17,17,WEEK #17,2026-04-26,2026-04-27 16:00:00.000,7,,progress_5yr_planted,STATE
SURVEY,CROPS,FIELD CROPS,COTTON,UPLAND,ALL PRODUCTION PRACTICES,ALL UTILIZATION PRACTICES,"PROGRESS, 5 YEAR AVG",PCT PLANTED,"COTTON, UPLAND - PROGRESS, 5 YEAR AVG, MEASURED IN PCT PLANTED",TOTAL,NOT SPECIFIED,STATE,13.0,13,GA,GEORGIA,,,,,,,,0,,,9000,UNITED STATES,GEORGIA,2026,WEEKLY,18,18,WEEK #18,2026-05-03,2026-05-04 16:00:00.000,14,,progress_5yr_planted,STATE
SURVEY,CROPS,FIELD CROPS,COTTON,UPLAND,ALL PRODUCTION PRACTICES,ALL UTILIZATION PRACTICES,"PROGRESS, 5 YEAR AVG",PCT PLANTED,"COTTON, UPLAND - PROGRESS, 5 YEAR AVG, MEASURED IN PCT PLANTED",TOTAL,NOT SPECIFIED,STATE,13.0,13,GA,GEORGIA,,,,,,,,0,,,9000,UNITED STATES,GEORGIA,2026,WEEKLY,19,19,WEEK #19,2026-05-10,2026-05-11 16:00:00.000,25,,progress_5yr_planted,STATE
SURVEY,CROPS,FIELD CROPS,COTTON,UPLAND,ALL PRODUCTION PRACTICES,ALL UTILIZATION PRACTICES,"PROGRESS, 5 YEAR AVG",PCT PLANTED,"COTTON, UPLAND - PROGRESS, 5 YEAR AVG, MEASURED IN PCT PLANTED",TOTAL,NOT SPECIFIED,STATE,13.0,13,GA,GEORGIA,,,,,,,,0,,,9000,UNITED STATES,GEORGIA,2026,WEEKLY,20,20,WEEK #20,2026-05-17,2026-05-18 16:00:00.000,41,,progress_5yr_planted,STATE
SURVEY,CROPS,FIELD CROPS,COTTON,UPLAND,ALL PRODUCTION PRACTICES,ALL UTILIZATION PRACTICES,"PROGRESS, 5 YEAR AVG",PCT PLANTED,"COTTON, UPLAND - PROGRESS, 5 YEAR AVG, MEASURED IN PCT PLANTED",TOTAL,NOT SPECIFIED,STATE,13.0,13,GA,GEORGIA,,,,,,,,0,,,9000,UNITED STATES,GEORGIA,2026,WEEKLY,21,21,WEEK #21,2026-05-24,2026-05-26 16:00:00.000,60,,progress_5yr_planted,STATE
SURVEY,CROPS,FIELD CROPS,COTTON,UPLAND,ALL PRODUCTION PRACTICES,ALL UTILIZATION PRACTICES,"PROGRESS, 5 YEAR AVG",PCT PLANTED,"COTTON, UPLAND - PROGRESS, 5 YEAR AVG, MEASURED IN PCT PLANTED",TOTAL,NOT SPECIFIED,STATE,13.0,13,GA,GEORGIA,,,,,,,,0,,,9000,UNITED STATES,GEORGIA,2026,WEEKLY,22,22,WEEK #22,2026-05-31,2026-06-01 16:00:00.000,75,,progress_5yr_planted,STATE
SURVEY,CROPS,FIELD CROPS,COTTON,UPLAND,ALL PRODUCTION PRACTICES,ALL UTILIZATION PRACTICES,"PROGRESS, 5 YEAR AVG",PCT PLANTED,"COTTON, UPLAND - PROGRESS, 5 YEAR AVG, MEASURED IN PCT PLANTED",TOTAL,NOT SPECIFIED,STATE,20.0,20,KS,KANSAS,,,,,,,,0,,,9000,UNITED STATES,KANSAS,2026,WEEKLY,14,14,WEEK #14,2026-04-05,2026-04-06 16:00:00.000,0,,progress_5yr_planted,STATE
SURVEY,CROPS,FIELD CROPS,COTTON,UPLAND,ALL PRODUCTION PRACTICES,ALL UTILIZATION PRACTICES,"PROGRESS, 5 YEAR AVG",PCT PLANTED,"COTTON, UPLAND - PROGRESS, 5 YEAR AVG, MEASURED IN PCT PLANTED",TOTAL,NOT SPECIFIED,STATE,20.0,20,KS,KANSAS,,,,,,,,0,,,9000,UNITED STATES,KANSAS,2026,WEEKLY,15,15,WEEK #15,2026-04-12,2026-04-13 16:00:00.000,0,,progress_5yr_planted,STATE
SURVEY,CROPS,FIELD CROPS,COTTON,UPLAND,ALL PRODUCTION PRACTICES,ALL UTILIZATION PRACTICES,"PROGRESS, 5 YEAR AVG",PCT PLANTED,"COTTON, UPLAND - PROGRESS, 5 YEAR AVG, MEASURED IN PCT PLANTED",TOTAL,NOT SPECIFIED,STATE,20.0,20,KS,KANSAS,,,,,,,,0,,,9000,UNITED STATES,KANSAS,2026,WEEKLY,16,16,WEEK #16,2026-04-19,2026-04-20 16:00:00.000,0,,progress_5yr_planted,STATE
SURVEY,CROPS,FIELD CROPS,COTTON,UPLAND,ALL PRODUCTION PRACTICES,ALL UTILIZATION PRACTICES,"PROGRESS, 5 YEAR AVG",PCT PLANTED,"COTTON, UPLAND - PROGRESS, 5 YEAR AVG, MEASURED IN PCT PLANTED",TOTAL,NOT SPECIFIED,STATE,20.0,20,KS,KANSAS,,,,,,,,0,,,9000,UNITED STATES,KANSAS,2026,WEEKLY,17,17,WEEK #17,2026-04-26,2026-04-27 16:00:00.000,1,,progress_5yr_planted,STATE
SURVEY,CROPS,FIELD CROPS,COTTON,UPLAND,ALL PRODUCTION PRACTICES,ALL UTILIZATION PRACTICES,"PROGRESS, 5 YEAR AVG",PCT PLANTED,"COTTON, UPLAND - PROGRESS, 5 YEAR AVG, MEASURED IN PCT PLANTED",TOTAL,NOT SPECIFIED,STATE,20.0,20,KS,KANSAS,,,,,,,,0,,,9000,UNITED STATES,KANSAS,2026,WEEKLY,18,18,WEEK #18,2026-05-03,2026-05-04 16:00:00.000,3,,progress_5yr_planted,STATE
SURVEY,CROPS,FIELD CROPS,COTTON,UPLAND,ALL PRODUCTION PRACTICES,ALL UTILIZATION PRACTICES,"PROGRESS, 5 YEAR AVG",PCT PLANTED,"COTTON, UPLAND - PROGRESS, 5 YEAR AVG, MEASURED IN PCT PLANTED",TOTAL,NOT SPECIFIED,STATE,20.0,20,KS,KANSAS,,,,,,,,0,,,9000,UNITED STATES,KANSAS,2026,WEEKLY,19,19,WEEK #19,2026-05-10,2026-05-11 16:00:00.000,14,,progress_5yr_planted,STATE
SURVEY,CROPS,FIELD CROPS,COTTON,UPLAND,ALL PRODUCTION PRACTICES,ALL UTILIZATION PRACTICES,"PROGRESS, 5 YEAR AVG",PCT PLANTED,"COTTON, UPLAND - PROGRESS, 5 YEAR AVG, MEASURED IN PCT PLANTED",TOTAL,NOT SPECIFIED,STATE,20.0,20,KS,KANSAS,,,,,,,,0,,,9000,UNITED STATES,KANSAS,2026,WEEKLY,20,20,WEEK #20,2026-05-17,2026-05-18 16:00:00.000,38,,progress_5yr_planted,STATE
SURVEY,CROPS,FIELD CROPS,COTTON,UPLAND,ALL PRODUCTION PRACTICES,ALL UTILIZATION PRACTICES,"PROGRESS, 5 YEAR AVG",PCT PLANTED,"COTTON, UPLAND - PROGRESS, 5 YEAR AVG, MEASURED IN PCT PLANTED",TOTAL,NOT SPECIFIED,STATE,20.0,20,KS,KANSAS,,,,,,,,0,,,9000,UNITED STATES,KANSAS,2026,WEEKLY,21,21,WEEK #21,2026-05-24,2026-05-26 16:00:00.000,60,,progress_5yr_planted,STATE
SURVEY,CROPS,FIELD CROPS,COTTON,UPLAND,ALL PRODUCTION PRACTICES,ALL UTILIZATION PRACTICES,"PROGRESS, 5 YEAR AVG",PCT PLANTED,"COTTON, UPLAND - PROGRESS, 5 YEAR AVG, MEASURED IN PCT PLANTED",TOTAL,NOT SPECIFIED,STATE,20.0,20,KS,KANSAS,,,,,,,,0,,,9000,UNITED STATES,KANSAS,2026,WEEKLY,22,22,WEEK #22,2026-05-31,2026-06-01 16:00:00.000,76,,progress_5yr_planted,STATE
SURVEY,CROPS,FIELD CROPS,COTTON,UPLAND,ALL PRODUCTION PRACTICES,ALL UTILIZATION PRACTICES,"PROGRESS, 5 YEAR AVG",PCT PLANTED,"COTTON, UPLAND - PROGRESS, 5 YEAR AVG, MEASURED IN PCT PLANTED",TOTAL,NOT SPECIFIED,STATE,22.0,22,LA,LOUISIANA,,,,,,,,0,,,9000,UNITED STATES,LOUISIANA,2026,WEEKLY,14,14,WEEK #14,2026-04-05,2026-04-06 16:00:00.000,0,,progress_5yr_planted,STATE
SURVEY,CROPS,FIELD CROPS,COTTON,UPLAND,ALL PRODUCTION PRACTICES,ALL UTILIZATION PRACTICES,"PROGRESS, 5 YEAR AVG",PCT PLANTED,"COTTON, UPLAND - PROGRESS, 5 YEAR AVG, MEASURED IN PCT PLANTED",TOTAL,NOT SPECIFIED,STATE,22.0,22,LA,LOUISIANA,,,,,,,,0,,,9000,UNITED STATES,LOUISIANA,2026,WEEKLY,15,15,WEEK #15,2026-04-12,2026-04-13 16:00:00.000,1,,progress_5yr_planted,STATE
SURVEY,CROPS,FIELD CROPS,COTTON,UPLAND,ALL PRODUCTION PRACTICES,ALL UTILIZATION PRACTICES,"PROGRESS, 5 YEAR AVG",PCT PLANTED,"COTTON, UPLAND - PROGRESS, 5 YEAR AVG, MEASURED IN PCT PLANTED",TOTAL,NOT SPECIFIED,STATE,22.0,22,LA,LOUISIANA,,,,,,,,0,,,9000,UNITED STATES,LOUISIANA,2026,WEEKLY,16,16,WEEK #16,2026-04-19,2026-04-20 16:00:00.000,4,,progress_5yr_planted,STATE
SURVEY,CROPS,FIELD CROPS,COTTON,UPLAND,ALL PRODUCTION PRACTICES,ALL UTILIZATION PRACTICES,"PROGRESS, 5 YEAR AVG",PCT PLANTED,"COTTON, UPLAND - PROGRESS, 5 YEAR AVG, MEASURED IN PCT PLANTED",TOTAL,NOT SPECIFIED,STATE,22.0,22,LA,LOUISIANA,,,,,,,,0,,,9000,UNITED STATES,LOUISIANA,2026,WEEKLY,17,17,WEEK #17,2026-04-26,2026-04-27 16:00:00.000,11,,progress_5yr_planted,STATE
SURVEY,CROPS,FIELD CROPS,COTTON,UPLAND,ALL PRODUCTION PRACTICES,ALL UTILIZATION PRACTICES,"PROGRESS, 5 YEAR AVG",PCT PLANTED,"COTTON, UPLAND - PROGRESS, 5 YEAR AVG, MEASURED IN PCT PLANTED",TOTAL,NOT SPECIFIED,STATE,22.0,22,LA,LOUISIANA,,,,,,,,0,,,9000,UNITED STATES,LOUISIANA,2026,WEEKLY,18,18,WEEK #18,2026-05-03,2026-05-04 16:00:00.000,25,,progress_5yr_planted,STATE
SURVEY,CROPS,FIELD CROPS,COTTON,UPLAND,ALL PRODUCTION PRACTICES,ALL UTILIZATION PRACTICES,"PROGRESS, 5 YEAR AVG",PCT PLANTED,"COTTON, UPLAND - PROGRESS, 5 YEAR AVG, MEASURED IN PCT PLANTED",TOTAL,NOT SPECIFIED,STATE,22.0,22,LA,LOUISIANA,,,,,,,,0,,,9000,UNITED STATES,LOUISIANA,2026,WEEKLY,19,19,WEEK #19,2026-05-10,2026-05-11 16:00:00.000,45,,progress_5yr_planted,STATE
SURVEY,CROPS,FIELD CROPS,COTTON,UPLAND,ALL PRODUCTION PRACTICES,ALL UTILIZATION PRACTICES,"PROGRESS, 5 YEAR AVG",PCT PLANTED,"COTTON, UPLAND - PROGRESS, 5 YEAR AVG, MEASURED IN PCT PLANTED",TOTAL,NOT SPECIFIED,STATE,22.0,22,LA,LOUISIANA,,,,,,,,0,,,9000,UNITED STATES,LOUISIANA,2026,WEEKLY,20,20,WEEK #20,2026-05-17,2026-05-18 16:00:00.000,62,,progress_5yr_planted,STATE
SURVEY,CROPS,FIELD CROPS,COTTON,UPLAND,ALL PRODUCTION PRACTICES,ALL UTILIZATION PRACTICES,"PROGRESS, 5 YEAR AVG",PCT PLANTED,"COTTON, UPLAND - PROGRESS, 5 YEAR AVG, MEASURED IN PCT PLANTED",TOTAL,NOT SPECIFIED,STATE,22.0,22,LA,LOUISIANA,,,,,,,,0,,,9000,UNITED STATES,LOUISIANA,2026,WEEKLY,21,21,WEEK #21,2026-05-24,2026-05-26 16:00:00.000,77,,progress_5yr_planted,STATE
SURVEY,CROPS,FIELD CROPS,COTTON,UPLAND,ALL PRODUCTION PRACTICES,ALL UTILIZATION PRACTICES,"PROGRESS, 5 YEAR AVG",PCT PLANTED,"COTTON, UPLAND - PROGRESS, 5 YEAR AVG, MEASURED IN PCT PLANTED",TOTAL,NOT SPECIFIED,STATE,22.0,22,LA,LOUISIANA,,,,,,,,0,,,9000,UNITED STATES,LOUISIANA,2026,WEEKLY,22,22,WEEK #22,2026-05-31,2026-06-01 16:00:00.000,87,,progress_5yr_planted,STATE
SURVEY,CROPS,FIELD CROPS,COTTON,UPLAND,ALL PRODUCTION PRACTICES,ALL UTILIZATION PRACTICES,"PROGRESS, 5 YEAR AVG",PCT PLANTED,"COTTON, UPLAND - PROGRESS, 5 YEAR AVG, MEASURED IN PCT PLANTED",TOTAL,NOT SPECIFIED,STATE,28.0,28,MS,MISSISSIPPI,,,,,,,,0,,,9000,UNITED STATES,MISSISSIPPI,2026,WEEKLY,14,14,WEEK #14,2026-04-05,2026-04-06 16:00:00.000,0,,progress_5yr_planted,STATE
SURVEY,CROPS,FIELD CROPS,COTTON,UPLAND,ALL PRODUCTION PRACTICES,ALL UTILIZATION PRACTICES,"PROGRESS, 5 YEAR AVG",PCT PLANTED,"COTTON, UPLAND - PROGRESS, 5 YEAR AVG, MEASURED IN PCT PLANTED",TOTAL,NOT SPECIFIED,STATE,28.0,28,MS,MISSISSIPPI,,,,,,,,0,,,9000,UNITED STATES,MISSISSIPPI,2026,WEEKLY,15,15,WEEK #15,2026-04-12,2026-04-13 16:00:00.000,0,,progress_5yr_planted,STATE
SURVEY,CROPS,FIELD CROPS,COTTON,UPLAND,ALL PRODUCTION PRACTICES,ALL UTILIZATION PRACTICES,"PROGRESS, 5 YEAR AVG",PCT PLANTED,"COTTON, UPLAND - PROGRESS, 5 YEAR AVG, MEASURED IN PCT PLANTED",TOTAL,NOT SPECIFIED,STATE,28.0,28,MS,MISSISSIPPI,,,,,,,,0,,,9000,UNITED STATES,MISSISSIPPI,2026,WEEKLY,16,16,WEEK #16,2026-04-19,2026-04-20 16:00:00.000,1,,progress_5yr_planted,STATE
SURVEY,CROPS,FIELD CROPS,COTTON,UPLAND,ALL PRODUCTION PRACTICES,ALL UTILIZATION PRACTICES,"PROGRESS, 5 YEAR AVG",PCT PLANTED,"COTTON, UPLAND - PROGRESS, 5 YEAR AVG, MEASURED IN PCT PLANTED",TOTAL,NOT SPECIFIED,STATE,28.0,28,MS,MISSISSIPPI,,,,,,,,0,,,9000,UNITED STATES,MISSISSIPPI,2026,WEEKLY,17,17,WEEK #17,2026-04-26,2026-04-27 16:00:00.000,4,,progress_5yr_planted,STATE
SURVEY,CROPS,FIELD CROPS,COTTON,UPLAND,ALL PRODUCTION PRACTICES,ALL UTILIZATION PRACTICES,"PROGRESS, 5 YEAR AVG",PCT PLANTED,"COTTON, UPLAND - PROGRESS, 5 YEAR AVG, MEASURED IN PCT PLANTED",TOTAL,NOT SPECIFIED,STATE,28.0,28,MS,MISSISSIPPI,,,,,,,,0,,,9000,UNITED STATES,MISSISSIPPI,2026,WEEKLY,18,18,WEEK #18,2026-05-03,2026-05-04 16:00:00.000,17,,progress_5yr_planted,STATE
SURVEY,CROPS,FIELD CROPS,COTTON,UPLAND,ALL PRODUCTION PRACTICES,ALL UTILIZATION PRACTICES,"PROGRESS, 5 YEAR AVG",PCT PLANTED,"COTTON, UPLAND - PROGRESS, 5 YEAR AVG, MEASURED IN PCT PLANTED",TOTAL,NOT SPECIFIED,STATE,28.0,28,MS,MISSISSIPPI,,,,,,,,0,,,9000,UNITED STATES,MISSISSIPPI,2026,WEEKLY,19,19,WEEK #19,2026-05-10,2026-05-11 16:00:00.000,36,,progress_5yr_planted,STATE
SURVEY,CROPS,FIELD CROPS,COTTON,UPLAND,ALL PRODUCTION PRACTICES,ALL UTILIZATION PRACTICES,"PROGRESS, 5 YEAR AVG",PCT PLANTED,"COTTON, UPLAND - PROGRESS, 5 YEAR AVG, MEASURED IN PCT PLANTED",TOTAL,NOT SPECIFIED,STATE,28.0,28,MS,MISSISSIPPI,,,,,,,,0,,,9000,UNITED STATES,MISSISSIPPI,2026,WEEKLY,20,20,WEEK #20,2026-05-17,2026-05-18 16:00:00.000,53,,progress_5yr_planted,STATE
SURVEY,CROPS,FIELD CROPS,COTTON,UPLAND,ALL PRODUCTION PRACTICES,ALL UTILIZATION PRACTICES,"PROGRESS, 5 YEAR AVG",PCT PLANTED,"COTTON, UPLAND - PROGRESS, 5 YEAR AVG, MEASURED IN PCT PLANTED",TOTAL,NOT SPECIFIED,STATE,28.0,28,MS,MISSISSIPPI,,,,,,,,0,,,9000,UNITED STATES,MISSISSIPPI,2026,WEEKLY,21,21,WEEK #21,2026-05-24,2026-05-26 16:00:00.000,69,,progress_5yr_planted,STATE
SURVEY,CROPS,FIELD CROPS,COTTON,UPLAND,ALL PRODUCTION PRACTICES,ALL UTILIZATION PRACTICES,"PROGRESS, 5 YEAR AVG",PCT PLANTED,"COTTON, UPLAND - PROGRESS, 5 YEAR AVG, MEASURED IN PCT PLANTED",TOTAL,NOT SPECIFIED,STATE,28.0,28,MS,MISSISSIPPI,,,,,,,,0,,,9000,UNITED STATES,MISSISSIPPI,2026,WEEKLY,22,22,WEEK #22,2026-05-31,2026-06-01 16:00:00.000,80,,progress_5yr_planted,STATE
SURVEY,CROPS,FIELD CROPS,COTTON,UPLAND,ALL PRODUCTION PRACTICES,ALL UTILIZATION PRACTICES,"PROGRESS, 5 YEAR AVG",PCT PLANTED,"COTTON, UPLAND - PROGRESS, 5 YEAR AVG, MEASURED IN PCT PLANTED",TOTAL,NOT SPECIFIED,STATE,29.0,29,MO,MISSOURI,,,,,,,,0,,,9000,UNITED STATES,MISSOURI,2026,WEEKLY,14,14,WEEK #14,2026-04-05,2026-04-06 16:00:00.000,0,,progress_5yr_planted,STATE
SURVEY,CROPS,FIELD CROPS,COTTON,UPLAND,ALL PRODUCTION PRACTICES,ALL UTILIZATION PRACTICES,"PROGRESS, 5 YEAR AVG",PCT PLANTED,"COTTON, UPLAND - PROGRESS, 5 YEAR AVG, MEASURED IN PCT PLANTED",TOTAL,NOT SPECIFIED,STATE,29.0,29,MO,MISSOURI,,,,,,,,0,,,9000,UNITED STATES,MISSOURI,2026,WEEKLY,15,15,WEEK #15,2026-04-12,2026-04-13 16:00:00.000,0,,progress_5yr_planted,STATE
SURVEY,CROPS,FIELD CROPS,COTTON,UPLAND,ALL PRODUCTION PRACTICES,ALL UTILIZATION PRACTICES,"PROGRESS, 5 YEAR AVG",PCT PLANTED,"COTTON, UPLAND - PROGRESS, 5 YEAR AVG, MEASURED IN PCT PLANTED",TOTAL,NOT SPECIFIED,STATE,29.0,29,MO,MISSOURI,,,,,,,,0,,,9000,UNITED STATES,MISSOURI,2026,WEEKLY,16,16,WEEK #16,2026-04-19,2026-04-20 16:00:00.000,1,,progress_5yr_planted,STATE
SURVEY,CROPS,FIELD CROPS,COTTON,UPLAND,ALL PRODUCTION PRACTICES,ALL UTILIZATION PRACTICES,"PROGRESS, 5 YEAR AVG",PCT PLANTED,"COTTON, UPLAND - PROGRESS, 5 YEAR AVG, MEASURED IN PCT PLANTED",TOTAL,NOT SPECIFIED,STATE,29.0,29,MO,MISSOURI,,,,,,,,0,,,9000,UNITED STATES,MISSOURI,2026,WEEKLY,17,17,WEEK #17,2026-04-26,2026-04-27 16:00:00.000,4,,progress_5yr_planted,STATE
SURVEY,CROPS,FIELD CROPS,COTTON,UPLAND,ALL PRODUCTION PRACTICES,ALL UTILIZATION PRACTICES,"PROGRESS, 5 YEAR AVG",PCT PLANTED,"COTTON, UPLAND - PROGRESS, 5 YEAR AVG, MEASURED IN PCT PLANTED",TOTAL,NOT SPECIFIED,STATE,29.0,29,MO,MISSOURI,,,,,,,,0,,,9000,UNITED STATES,MISSOURI,2026,WEEKLY,18,18,WEEK #18,2026-05-03,2026-05-04 16:00:00.000,16,,progress_5yr_planted,STATE
SURVEY,CROPS,FIELD CROPS,COTTON,UPLAND,ALL PRODUCTION PRACTICES,ALL UTILIZATION PRACTICES,"PROGRESS, 5 YEAR AVG",PCT PLANTED,"COTTON, UPLAND - PROGRESS, 5 YEAR AVG, MEASURED IN PCT PLANTED",TOTAL,NOT SPECIFIED,STATE,29.0,29,MO,MISSOURI,,,,,,,,0,,,9000,UNITED STATES,MISSOURI,2026,WEEKLY,19,19,WEEK #19,2026-05-10,2026-05-11 16:00:00.000,40,,progress_5yr_planted,STATE
SURVEY,CROPS,FIELD CROPS,COTTON,UPLAND,ALL PRODUCTION PRACTICES,ALL UTILIZATION PRACTICES,"PROGRESS, 5 YEAR AVG",PCT PLANTED,"COTTON, UPLAND - PROGRESS, 5 YEAR AVG, MEASURED IN PCT PLANTED",TOTAL,NOT SPECIFIED,STATE,29.0,29,MO,MISSOURI,,,,,,,,0,,,9000,UNITED STATES,MISSOURI,2026,WEEKLY,20,20,WEEK #20,2026-05-17,2026-05-18 16:00:00.000,67,,progress_5yr_planted,STATE
SURVEY,CROPS,FIELD CROPS,COTTON,UPLAND,ALL PRODUCTION PRACTICES,ALL UTILIZATION PRACTICES,"PROGRESS, 5 YEAR AVG",PCT PLANTED,"COTTON, UPLAND - PROGRESS, 5 YEAR AVG, MEASURED IN PCT PLANTED",TOTAL,NOT SPECIFIED,STATE,29.0,29,MO,MISSOURI,,,,,,,,0,,,9000,UNITED STATES,MISSOURI,2026,WEEKLY,21,21,WEEK #21,2026-05-24,2026-05-26 16:00:00.000,84,,progress_5yr_planted,STATE
SURVEY,CROPS,FIELD CROPS,COTTON,UPLAND,ALL PRODUCTION PRACTICES,ALL UTILIZATION PRACTICES,"PROGRESS, 5 YEAR AVG",PCT PLANTED,"COTTON, UPLAND - PROGRESS, 5 YEAR AVG, MEASURED IN PCT PLANTED",TOTAL,NOT SPECIFIED,STATE,29.0,29,MO,MISSOURI,,,,,,,,0,,,9000,UNITED STATES,MISSOURI,2026,WEEKLY,22,22,WEEK #22,2026-05-31,2026-06-01 16:00:00.000,95,,progress_5yr_planted,STATE
SURVEY,CROPS,FIELD CROPS,COTTON,UPLAND,ALL PRODUCTION PRACTICES,ALL UTILIZATION PRACTICES,"PROGRESS, 5 YEAR AVG",PCT PLANTED,"COTTON, UPLAND - PROGRESS, 5 YEAR AVG, MEASURED IN PCT PLANTED",TOTAL,NOT SPECIFIED,STATE,35.0,35,NM,NEW MEXICO,,,,,,,,0,,,9000,UNITED STATES,NEW MEXICO,2026,WEEKLY,15,15,WEEK #15,2026-04-12,2026-04-13 16:00:00.000,8,,progress_5yr_planted,STATE
SURVEY,CROPS,FIELD CROPS,COTTON,UPLAND,ALL PRODUCTION PRACTICES,ALL UTILIZATION PRACTICES,"PROGRESS, 5 YEAR AVG",PCT PLANTED,"COTTON, UPLAND - PROGRESS, 5 YEAR AVG, MEASURED IN PCT PLANTED",TOTAL,NOT SPECIFIED,STATE,35.0,35,NM,NEW MEXICO,,,,,,,,0,,,9000,UNITED STATES,NEW MEXICO,2026,WEEKLY,16,16,WEEK #16,2026-04-19,2026-04-20 16:00:00.000,16,,progress_5yr_planted,STATE
SURVEY,CROPS,FIELD CROPS,COTTON,UPLAND,ALL PRODUCTION PRACTICES,ALL UTILIZATION PRACTICES,"PROGRESS, 5 YEAR AVG",PCT PLANTED,"COTTON, UPLAND - PROGRESS, 5 YEAR AVG, MEASURED IN PCT PLANTED",TOTAL,NOT SPECIFIED,STATE,35.0,35,NM,NEW MEXICO,,,,,,,,0,,,9000,UNITED STATES,NEW MEXICO,2026,WEEKLY,17,17,WEEK #17,2026-04-26,2026-04-27 16:00:00.000,27,,progress_5yr_planted,STATE
SURVEY,CROPS,FIELD CROPS,COTTON,UPLAND,ALL PRODUCTION PRACTICES,ALL UTILIZATION PRACTICES,"PROGRESS, 5 YEAR AVG",PCT PLANTED,"COTTON, UPLAND - PROGRESS, 5 YEAR AVG, MEASURED IN PCT PLANTED",TOTAL,NOT SPECIFIED,STATE,35.0,35,NM,NEW MEXICO,,,,,,,,0,,,9000,UNITED STATES,NEW MEXICO,2026,WEEKLY,18,18,WEEK #18,2026-05-03,2026-05-04 16:00:00.000,37,,progress_5yr_planted,STATE
SURVEY,CROPS,FIELD CROPS,COTTON,UPLAND,ALL PRODUCTION PRACTICES,ALL UTILIZATION PRACTICES,"PROGRESS, 5 YEAR AVG",PCT PLANTED,"COTTON, UPLAND - PROGRESS, 5 YEAR AVG, MEASURED IN PCT PLANTED",TOTAL,NOT SPECIFIED,STATE,35.0,35,NM,NEW MEXICO,,,,,,,,0,,,9000,UNITED STATES,NEW MEXICO,2026,WEEKLY,19,19,WEEK #19,2026-05-10,2026-05-11 16:00:00.000,45,,progress_5yr_planted,STATE
SURVEY,CROPS,FIELD CROPS,COTTON,UPLAND,ALL PRODUCTION PRACTICES,ALL UTILIZATION PRACTICES,"PROGRESS, 5 YEAR AVG",PCT PLANTED,"COTTON, UPLAND - PROGRESS, 5 YEAR AVG, MEASURED IN PCT PLANTED",TOTAL,NOT SPECIFIED,STATE,35.0,35,NM,NEW MEXICO,,,,,,,,0,,,9000,UNITED STATES,NEW MEXICO,2026,WEEKLY,20,20,WEEK #20,2026-05-17,2026-05-18 16:00:00.000,50,,progress_5yr_planted,STATE
SURVEY,CROPS,FIELD CROPS,COTTON,UPLAND,ALL PRODUCTION PRACTICES,ALL UTILIZATION PRACTICES,"PROGRESS, 5 YEAR AVG",PCT PLANTED,"COTTON, UPLAND - PROGRESS, 5 YEAR AVG, MEASURED IN PCT PLANTED",TOTAL,NOT SPECIFIED,STATE,35.0,35,NM,NEW MEXICO,,,,,,,,0,,,9000,UNITED STATES,NEW MEXICO,2026,WEEKLY,21,21,WEEK #21,2026-05-24,2026-05-26 16:00:00.000,57,,progress_5yr_planted,STATE
SURVEY,CROPS,FIELD CROPS,COTTON,UPLAND,ALL PRODUCTION PRACTICES,ALL UTILIZATION PRACTICES,"PROGRESS, 5 YEAR AVG",PCT PLANTED,"COTTON, UPLAND - PROGRESS, 5 YEAR AVG, MEASURED IN PCT PLANTED",TOTAL,NOT SPECIFIED,STATE,35.0,35,NM,NEW MEXICO,,,,,,,,0,,,9000,UNITED STATES,NEW MEXICO,2026,WEEKLY,22,22,WEEK #22,2026-05-31,2026-06-01 16:00:00.000,68,,progress_5yr_planted,STATE
SURVEY,CROPS,FIELD CROPS,COTTON,UPLAND,ALL PRODUCTION PRACTICES,ALL UTILIZATION PRACTICES,"PROGRESS, 5 YEAR AVG",PCT PLANTED,"COTTON, UPLAND - PROGRESS, 5 YEAR AVG, MEASURED IN PCT PLANTED",TOTAL,NOT SPECIFIED,STATE,37.0,37,NC,NORTH CAROLINA,,,,,,,,0,,,9000,UNITED STATES,NORTH CAROLINA,2026,WEEKLY,14,14,WEEK #14,2026-04-05,2026-04-06 16:00:00.000,0,,progress_5yr_planted,STATE
SURVEY,CROPS,FIELD CROPS,COTTON,UPLAND,ALL PRODUCTION PRACTICES,ALL UTILIZATION PRACTICES,"PROGRESS, 5 YEAR AVG",PCT PLANTED,"COTTON, UPLAND - PROGRESS, 5 YEAR AVG, MEASURED IN PCT PLANTED",TOTAL,NOT SPECIFIED,STATE,37.0,37,NC,NORTH CAROLINA,,,,,,,,0,,,9000,UNITED STATES,NORTH CAROLINA,2026,WEEKLY,15,15,WEEK #15,2026-04-12,2026-04-13 16:00:00.000,0,,progress_5yr_planted,STATE
SURVEY,CROPS,FIELD CROPS,COTTON,UPLAND,ALL PRODUCTION PRACTICES,ALL UTILIZATION PRACTICES,"PROGRESS, 5 YEAR AVG",PCT PLANTED,"COTTON, UPLAND - PROGRESS, 5 YEAR AVG, MEASURED IN PCT PLANTED",TOTAL,NOT SPECIFIED,STATE,37.0,37,NC,NORTH CAROLINA,,,,,,,,0,,,9000,UNITED STATES,NORTH CAROLINA,2026,WEEKLY,16,16,WEEK #16,2026-04-19,2026-04-20 16:00:00.000,1,,progress_5yr_planted,STATE
SURVEY,CROPS,FIELD CROPS,COTTON,UPLAND,ALL PRODUCTION PRACTICES,ALL UTILIZATION PRACTICES,"PROGRESS, 5 YEAR AVG",PCT PLANTED,"COTTON, UPLAND - PROGRESS, 5 YEAR AVG, MEASURED IN PCT PLANTED",TOTAL,NOT SPECIFIED,STATE,37.0,37,NC,NORTH CAROLINA,,,,,,,,0,,,9000,UNITED STATES,NORTH CAROLINA,2026,WEEKLY,17,17,WEEK #17,2026-04-26,2026-04-27 16:00:00.000,4,,progress_5yr_planted,STATE
SURVEY,CROPS,FIELD CROPS,COTTON,UPLAND,ALL PRODUCTION PRACTICES,ALL UTILIZATION PRACTICES,"PROGRESS, 5 YEAR AVG",PCT PLANTED,"COTTON, UPLAND - PROGRESS, 5 YEAR AVG, MEASURED IN PCT PLANTED",TOTAL,NOT SPECIFIED,STATE,37.0,37,NC,NORTH CAROLINA,,,,,,,,0,,,9000,UNITED STATES,NORTH CAROLINA,2026,WEEKLY,18,18,WEEK #18,2026-05-03,2026-05-04 16:00:00.000,13,,progress_5yr_planted,STATE
SURVEY,CROPS,FIELD CROPS,COTTON,UPLAND,ALL PRODUCTION PRACTICES,ALL UTILIZATION PRACTICES,"PROGRESS, 5 YEAR AVG",PCT PLANTED,"COTTON, UPLAND - PROGRESS, 5 YEAR AVG, MEASURED IN PCT PLANTED",TOTAL,NOT SPECIFIED,STATE,37.0,37,NC,NORTH CAROLINA,,,,,,,,0,,,9000,UNITED STATES,NORTH CAROLINA,2026,WEEKLY,19,19,WEEK #19,2026-05-10,2026-05-11 16:00:00.000,26,,progress_5yr_planted,STATE
SURVEY,CROPS,FIELD CROPS,COTTON,UPLAND,ALL PRODUCTION PRACTICES,ALL UTILIZATION PRACTICES,"PROGRESS, 5 YEAR AVG",PCT PLANTED,"COTTON, UPLAND - PROGRESS, 5 YEAR AVG, MEASURED IN PCT PLANTED",TOTAL,NOT SPECIFIED,STATE,37.0,37,NC,NORTH CAROLINA,,,,,,,,0,,,9000,UNITED STATES,NORTH CAROLINA,2026,WEEKLY,20,20,WEEK #20,2026-05-17,2026-05-18 16:00:00.000,43,,progress_5yr_planted,STATE
SURVEY,CROPS,FIELD CROPS,COTTON,UPLAND,ALL PRODUCTION PRACTICES,ALL UTILIZATION PRACTICES,"PROGRESS, 5 YEAR AVG",PCT PLANTED,"COTTON, UPLAND - PROGRESS, 5 YEAR AVG, MEASURED IN PCT PLANTED",TOTAL,NOT SPECIFIED,STATE,37.0,37,NC,NORTH CAROLINA,,,,,,,,0,,,9000,UNITED STATES,NORTH CAROLINA,2026,WEEKLY,21,21,WEEK #21,2026-05-24,2026-05-26 16:00:00.000,63,,progress_5yr_planted,STATE
SURVEY,CROPS,FIELD CROPS,COTTON,UPLAND,ALL PRODUCTION PRACTICES,ALL UTILIZATION PRACTICES,"PROGRESS, 5 YEAR AVG",PCT PLANTED,"COTTON, UPLAND - PROGRESS, 5 YEAR AVG, MEASURED IN PCT PLANTED",TOTAL,NOT SPECIFIED,STATE,37.0,37,NC,NORTH CAROLINA,,,,,,,,0,,,9000,UNITED STATES,NORTH CAROLINA,2026,WEEKLY,22,22,WEEK #22,2026-05-31,2026-06-01 16:00:00.000,79,,progress_5yr_planted,STATE
SURVEY,CROPS,FIELD CROPS,COTTON,UPLAND,ALL PRODUCTION PRACTICES,ALL UTILIZATION PRACTICES,"PROGRESS, 5 YEAR AVG",PCT PLANTED,"COTTON, UPLAND - PROGRESS, 5 YEAR AVG, MEASURED IN PCT PLANTED",TOTAL,NOT SPECIFIED,STATE,40.0,40,OK,OKLAHOMA,,,,,,,,0,,,9000,UNITED STATES,OKLAHOMA,2026,WEEKLY,14,14,WEEK #14,2026-04-05,2026-04-06 16:00:00.000,0,,progress_5yr_planted,STATE
SURVEY,CROPS,FIELD CROPS,COTTON,UPLAND,ALL PRODUCTION PRACTICES,ALL UTILIZATION PRACTICES,"PROGRESS, 5 YEAR AVG",PCT PLANTED,"COTTON, UPLAND - PROGRESS, 5 YEAR AVG, MEASURED IN PCT PLANTED",TOTAL,NOT SPECIFIED,STATE,40.0,40,OK,OKLAHOMA,,,,,,,,0,,,9000,UNITED STATES,OKLAHOMA,2026,WEEKLY,15,15,WEEK #15,2026-04-12,2026-04-13 16:00:00.000,0,,progress_5yr_planted,STATE
SURVEY,CROPS,FIELD CROPS,COTTON,UPLAND,ALL PRODUCTION PRACTICES,ALL UTILIZATION PRACTICES,"PROGRESS, 5 YEAR AVG",PCT PLANTED,"COTTON, UPLAND - PROGRESS, 5 YEAR AVG, MEASURED IN PCT PLANTED",TOTAL,NOT SPECIFIED,STATE,40.0,40,OK,OKLAHOMA,,,,,,,,0,,,9000,UNITED STATES,OKLAHOMA,2026,WEEKLY,16,16,WEEK #16,2026-04-19,2026-04-20 16:00:00.000,0,,progress_5yr_planted,STATE
SURVEY,CROPS,FIELD CROPS,COTTON,UPLAND,ALL PRODUCTION PRACTICES,ALL UTILIZATION PRACTICES,"PROGRESS, 5 YEAR AVG",PCT PLANTED,"COTTON, UPLAND - PROGRESS, 5 YEAR AVG, MEASURED IN PCT PLANTED",TOTAL,NOT SPECIFIED,STATE,40.0,40,OK,OKLAHOMA,,,,,,,,0,,,9000,UNITED STATES,OKLAHOMA,2026,WEEKLY,17,17,WEEK #17,2026-04-26,2026-04-27 16:00:00.000,0,,progress_5yr_planted,STATE
SURVEY,CROPS,FIELD CROPS,COTTON,UPLAND,ALL PRODUCTION PRACTICES,ALL UTILIZATION PRACTICES,"PROGRESS, 5 YEAR AVG",PCT PLANTED,"COTTON, UPLAND - PROGRESS, 5 YEAR AVG, MEASURED IN PCT PLANTED",TOTAL,NOT SPECIFIED,STATE,40.0,40,OK,OKLAHOMA,,,,,,,,0,,,9000,UNITED STATES,OKLAHOMA,2026,WEEKLY,18,18,WEEK #18,2026-05-03,2026-05-04 16:00:00.000,3,,progress_5yr_planted,STATE
SURVEY,CROPS,FIELD CROPS,COTTON,UPLAND,ALL PRODUCTION PRACTICES,ALL UTILIZATION PRACTICES,"PROGRESS, 5 YEAR AVG",PCT PLANTED,"COTTON, UPLAND - PROGRESS, 5 YEAR AVG, MEASURED IN PCT PLANTED",TOTAL,NOT SPECIFIED,STATE,40.0,40,OK,OKLAHOMA,,,,,,,,0,,,9000,UNITED STATES,OKLAHOMA,2026,WEEKLY,19,19,WEEK #19,2026-05-10,2026-05-11 16:00:00.000,11,,progress_5yr_planted,STATE
SURVEY,CROPS,FIELD CROPS,COTTON,UPLAND,ALL PRODUCTION PRACTICES,ALL UTILIZATION PRACTICES,"PROGRESS, 5 YEAR AVG",PCT PLANTED,"COTTON, UPLAND - PROGRESS, 5 YEAR AVG, MEASURED IN PCT PLANTED",TOTAL,NOT SPECIFIED,STATE,40.0,40,OK,OKLAHOMA,,,,,,,,0,,,9000,UNITED STATES,OKLAHOMA,2026,WEEKLY,20,20,WEEK #20,2026-05-17,2026-05-18 16:00:00.000,22,,progress_5yr_planted,STATE
SURVEY,CROPS,FIELD CROPS,COTTON,UPLAND,ALL PRODUCTION PRACTICES,ALL UTILIZATION PRACTICES,"PROGRESS, 5 YEAR AVG",PCT PLANTED,"COTTON, UPLAND - PROGRESS, 5 YEAR AVG, MEASURED IN PCT PLANTED",TOTAL,NOT SPECIFIED,STATE,40.0,40,OK,OKLAHOMA,,,,,,,,0,,,9000,UNITED STATES,OKLAHOMA,2026,WEEKLY,21,21,WEEK #21,2026-05-24,2026-05-26 16:00:00.000,30,,progress_5yr_planted,STATE
SURVEY,CROPS,FIELD CROPS,COTTON,UPLAND,ALL PRODUCTION PRACTICES,ALL UTILIZATION PRACTICES,"PROGRESS, 5 YEAR AVG",PCT PLANTED,"COTTON, UPLAND - PROGRESS, 5 YEAR AVG, MEASURED IN PCT PLANTED",TOTAL,NOT SPECIFIED,STATE,40.0,40,OK,OKLAHOMA,,,,,,,,0,,,9000,UNITED STATES,OKLAHOMA,2026,WEEKLY,22,22,WEEK #22,2026-05-31,2026-06-01 16:00:00.000,41,,progress_5yr_planted,STATE
SURVEY,CROPS,FIELD CROPS,COTTON,UPLAND,ALL PRODUCTION PRACTICES,ALL UTILIZATION PRACTICES,"PROGRESS, 5 YEAR AVG",PCT PLANTED,"COTTON, UPLAND - PROGRESS, 5 YEAR AVG, MEASURED IN PCT PLANTED",TOTAL,NOT SPECIFIED,STATE,45.0,45,SC,SOUTH CAROLINA,,,,,,,,0,,,9000,UNITED STATES,SOUTH CAROLINA,2026,WEEKLY,14,14,WEEK #14,2026-04-05,2026-04-06 16:00:00.000,0,,progress_5yr_planted,STATE
SURVEY,CROPS,FIELD CROPS,COTTON,UPLAND,ALL PRODUCTION PRACTICES,ALL UTILIZATION PRACTICES,"PROGRESS, 5 YEAR AVG",PCT PLANTED,"COTTON, UPLAND - PROGRESS, 5 YEAR AVG, MEASURED IN PCT PLANTED",TOTAL,NOT SPECIFIED,STATE,45.0,45,SC,SOUTH CAROLINA,,,,,,,,0,,,9000,UNITED STATES,SOUTH CAROLINA,2026,WEEKLY,15,15,WEEK #15,2026-04-12,2026-04-13 16:00:00.000,0,,progress_5yr_planted,STATE
SURVEY,CROPS,FIELD CROPS,COTTON,UPLAND,ALL PRODUCTION PRACTICES,ALL UTILIZATION PRACTICES,"PROGRESS, 5 YEAR AVG",PCT PLANTED,"COTTON, UPLAND - PROGRESS, 5 YEAR AVG, MEASURED IN PCT PLANTED",TOTAL,NOT SPECIFIED,STATE,45.0,45,SC,SOUTH CAROLINA,,,,,,,,0,,,9000,UNITED STATES,SOUTH CAROLINA,2026,WEEKLY,16,16,WEEK #16,2026-04-19,2026-04-20 16:00:00.000,1,,progress_5yr_planted,STATE
SURVEY,CROPS,FIELD CROPS,COTTON,UPLAND,ALL PRODUCTION PRACTICES,ALL UTILIZATION PRACTICES,"PROGRESS, 5 YEAR AVG",PCT PLANTED,"COTTON, UPLAND - PROGRESS, 5 YEAR AVG, MEASURED IN PCT PLANTED",TOTAL,NOT SPECIFIED,STATE,45.0,45,SC,SOUTH CAROLINA,,,,,,,,0,,,9000,UNITED STATES,SOUTH CAROLINA,2026,WEEKLY,17,17,WEEK #17,2026-04-26,2026-04-27 16:00:00.000,5,,progress_5yr_planted,STATE
SURVEY,CROPS,FIELD CROPS,COTTON,UPLAND,ALL PRODUCTION PRACTICES,ALL UTILIZATION PRACTICES,"PROGRESS, 5 YEAR AVG",PCT PLANTED,"COTTON, UPLAND - PROGRESS, 5 YEAR AVG, MEASURED IN PCT PLANTED",TOTAL,NOT SPECIFIED,STATE,45.0,45,SC,SOUTH CAROLINA,,,,,,,,0,,,9000,UNITED STATES,SOUTH CAROLINA,2026,WEEKLY,18,18,WEEK #18,2026-05-03,2026-05-04 16:00:00.000,14,,progress_5yr_planted,STATE
SURVEY,CROPS,FIELD CROPS,COTTON,UPLAND,ALL PRODUCTION PRACTICES,ALL UTILIZATION PRACTICES,"PROGRESS, 5 YEAR AVG",PCT PLANTED,"COTTON, UPLAND - PROGRESS, 5 YEAR AVG, MEASURED IN PCT PLANTED",TOTAL,NOT SPECIFIED,STATE,45.0,45,SC,SOUTH CAROLINA,,,,,,,,0,,,9000,UNITED STATES,SOUTH CAROLINA,2026,WEEKLY,19,19,WEEK #19,2026-05-10,2026-05-11 16:00:00.000,30,,progress_5yr_planted,STATE
SURVEY,CROPS,FIELD CROPS,COTTON,UPLAND,ALL PRODUCTION PRACTICES,ALL UTILIZATION PRACTICES,"PROGRESS, 5 YEAR AVG",PCT PLANTED,"COTTON, UPLAND - PROGRESS, 5 YEAR AVG, MEASURED IN PCT PLANTED",TOTAL,NOT SPECIFIED,STATE,45.0,45,SC,SOUTH CAROLINA,,,,,,,,0,,,9000,UNITED STATES,SOUTH CAROLINA,2026,WEEKLY,20,20,WEEK #20,2026-05-17,2026-05-18 16:00:00.000,50,,progress_5yr_planted,STATE
SURVEY,CROPS,FIELD CROPS,COTTON,UPLAND,ALL PRODUCTION PRACTICES,ALL UTILIZATION PRACTICES,"PROGRESS, 5 YEAR AVG",PCT PLANTED,"COTTON, UPLAND - PROGRESS, 5 YEAR AVG, MEASURED IN PCT PLANTED",TOTAL,NOT SPECIFIED,STATE,45.0,45,SC,SOUTH CAROLINA,,,,,,,,0,,,9000,UNITED STATES,SOUTH CAROLINA,2026,WEEKLY,21,21,WEEK #21,2026-05-24,2026-05-26 16:00:00.000,68,,progress_5yr_planted,STATE
SURVEY,CROPS,FIELD CROPS,COTTON,UPLAND,ALL PRODUCTION PRACTICES,ALL UTILIZATION PRACTICES,"PROGRESS, 5 YEAR AVG",PCT PLANTED,"COTTON, UPLAND - PROGRESS, 5 YEAR AVG, MEASURED IN PCT PLANTED",TOTAL,NOT SPECIFIED,STATE,45.0,45,SC,SOUTH CAROLINA,,,,,,,,0,,,9000,UNITED STATES,SOUTH CAROLINA,2026,WEEKLY,22,22,WEEK #22,2026-05-31,2026-06-01 16:00:00.000,83,,progress_5yr_planted,STATE
SURVEY,CROPS,FIELD CROPS,COTTON,UPLAND,ALL PRODUCTION PRACTICES,ALL UTILIZATION PRACTICES,"PROGRESS, 5 YEAR AVG",PCT PLANTED,"COTTON, UPLAND - PROGRESS, 5 YEAR AVG, MEASURED IN PCT PLANTED",TOTAL,NOT SPECIFIED,STATE,47.0,47,TN,TENNESSEE,,,,,,,,0,,,9000,UNITED STATES,TENNESSEE,2026,WEEKLY,14,14,WEEK #14,2026-04-05,2026-04-06 16:00:00.000,0,,progress_5yr_planted,STATE
SURVEY,CROPS,FIELD CROPS,COTTON,UPLAND,ALL PRODUCTION PRACTICES,ALL UTILIZATION PRACTICES,"PROGRESS, 5 YEAR AVG",PCT PLANTED,"COTTON, UPLAND - PROGRESS, 5 YEAR AVG, MEASURED IN PCT PLANTED",TOTAL,NOT SPECIFIED,STATE,47.0,47,TN,TENNESSEE,,,,,,,,0,,,9000,UNITED STATES,TENNESSEE,2026,WEEKLY,15,15,WEEK #15,2026-04-12,2026-04-13 16:00:00.000,0,,progress_5yr_planted,STATE
SURVEY,CROPS,FIELD CROPS,COTTON,UPLAND,ALL PRODUCTION PRACTICES,ALL UTILIZATION PRACTICES,"PROGRESS, 5 YEAR AVG",PCT PLANTED,"COTTON, UPLAND - PROGRESS, 5 YEAR AVG, MEASURED IN PCT PLANTED",TOTAL,NOT SPECIFIED,STATE,47.0,47,TN,TENNESSEE,,,,,,,,0,,,9000,UNITED STATES,TENNESSEE,2026,WEEKLY,16,16,WEEK #16,2026-04-19,2026-04-20 16:00:00.000,1,,progress_5yr_planted,STATE
SURVEY,CROPS,FIELD CROPS,COTTON,UPLAND,ALL PRODUCTION PRACTICES,ALL UTILIZATION PRACTICES,"PROGRESS, 5 YEAR AVG",PCT PLANTED,"COTTON, UPLAND - PROGRESS, 5 YEAR AVG, MEASURED IN PCT PLANTED",TOTAL,NOT SPECIFIED,STATE,47.0,47,TN,TENNESSEE,,,,,,,,0,,,9000,UNITED STATES,TENNESSEE,2026,WEEKLY,17,17,WEEK #17,2026-04-26,2026-04-27 16:00:00.000,3,,progress_5yr_planted,STATE
SURVEY,CROPS,FIELD CROPS,COTTON,UPLAND,ALL PRODUCTION PRACTICES,ALL UTILIZATION PRACTICES,"PROGRESS, 5 YEAR AVG",PCT PLANTED,"COTTON, UPLAND - PROGRESS, 5 YEAR AVG, MEASURED IN PCT PLANTED",TOTAL,NOT SPECIFIED,STATE,47.0,47,TN,TENNESSEE,,,,,,,,0,,,9000,UNITED STATES,TENNESSEE,2026,WEEKLY,18,18,WEEK #18,2026-05-03,2026-05-04 16:00:00.000,8,,progress_5yr_planted,STATE
SURVEY,CROPS,FIELD CROPS,COTTON,UPLAND,ALL PRODUCTION PRACTICES,ALL UTILIZATION PRACTICES,"PROGRESS, 5 YEAR AVG",PCT PLANTED,"COTTON, UPLAND - PROGRESS, 5 YEAR AVG, MEASURED IN PCT PLANTED",TOTAL,NOT SPECIFIED,STATE,47.0,47,TN,TENNESSEE,,,,,,,,0,,,9000,UNITED STATES,TENNESSEE,2026,WEEKLY,19,19,WEEK #19,2026-05-10,2026-05-11 16:00:00.000,21,,progress_5yr_planted,STATE
SURVEY,CROPS,FIELD CROPS,COTTON,UPLAND,ALL PRODUCTION PRACTICES,ALL UTILIZATION PRACTICES,"PROGRESS, 5 YEAR AVG",PCT PLANTED,"COTTON, UPLAND - PROGRESS, 5 YEAR AVG, MEASURED IN PCT PLANTED",TOTAL,NOT SPECIFIED,STATE,47.0,47,TN,TENNESSEE,,,,,,,,0,,,9000,UNITED STATES,TENNESSEE,2026,WEEKLY,20,20,WEEK #20,2026-05-17,2026-05-18 16:00:00.000,46,,progress_5yr_planted,STATE
SURVEY,CROPS,FIELD CROPS,COTTON,UPLAND,ALL PRODUCTION PRACTICES,ALL UTILIZATION PRACTICES,"PROGRESS, 5 YEAR AVG",PCT PLANTED,"COTTON, UPLAND - PROGRESS, 5 YEAR AVG, MEASURED IN PCT PLANTED",TOTAL,NOT SPECIFIED,STATE,47.0,47,TN,TENNESSEE,,,,,,,,0,,,9000,UNITED STATES,TENNESSEE,2026,WEEKLY,21,21,WEEK #21,2026-05-24,2026-05-26 16:00:00.000,71,,progress_5yr_planted,STATE
SURVEY,CROPS,FIELD CROPS,COTTON,UPLAND,ALL PRODUCTION PRACTICES,ALL UTILIZATION PRACTICES,"PROGRESS, 5 YEAR AVG",PCT PLANTED,"COTTON, UPLAND - PROGRESS, 5 YEAR AVG, MEASURED IN PCT PLANTED",TOTAL,NOT SPECIFIED,STATE,47.0,47,TN,TENNESSEE,,,,,,,,0,,,9000,UNITED STATES,TENNESSEE,2026,WEEKLY,22,22,WEEK #22,2026-05-31,2026-06-01 16:00:00.000,86,,progress_5yr_planted,STATE
SURVEY,CROPS,FIELD CROPS,COTTON,UPLAND,ALL PRODUCTION PRACTICES,ALL UTILIZATION PRACTICES,"PROGRESS, 5 YEAR AVG",PCT PLANTED,"COTTON, UPLAND - PROGRESS, 5 YEAR AVG, MEASURED IN PCT PLANTED",TOTAL,NOT SPECIFIED,STATE,48.0,48,TX,TEXAS,,,,,,,,0,,,9000,UNITED STATES,TEXAS,2026,WEEKLY,13,13,WEEK #13,2026-03-29,2026-03-30 16:00:00.000,4,,progress_5yr_planted,STATE
SURVEY,CROPS,FIELD CROPS,COTTON,UPLAND,ALL PRODUCTION PRACTICES,ALL UTILIZATION PRACTICES,"PROGRESS, 5 YEAR AVG",PCT PLANTED,"COTTON, UPLAND - PROGRESS, 5 YEAR AVG, MEASURED IN PCT PLANTED",TOTAL,NOT SPECIFIED,STATE,48.0,48,TX,TEXAS,,,,,,,,0,,,9000,UNITED STATES,TEXAS,2026,WEEKLY,14,14,WEEK #14,2026-04-05,2026-04-06 16:00:00.000,8,,progress_5yr_planted,STATE
SURVEY,CROPS,FIELD CROPS,COTTON,UPLAND,ALL PRODUCTION PRACTICES,ALL UTILIZATION PRACTICES,"PROGRESS, 5 YEAR AVG",PCT PLANTED,"COTTON, UPLAND - PROGRESS, 5 YEAR AVG, MEASURED IN PCT PLANTED",TOTAL,NOT SPECIFIED,STATE,48.0,48,TX,TEXAS,,,,,,,,0,,,9000,UNITED STATES,TEXAS,2026,WEEKLY,15,15,WEEK #15,2026-04-12,2026-04-13 16:00:00.000,12,,progress_5yr_planted,STATE
SURVEY,CROPS,FIELD CROPS,COTTON,UPLAND,ALL PRODUCTION PRACTICES,ALL UTILIZATION PRACTICES,"PROGRESS, 5 YEAR AVG",PCT PLANTED,"COTTON, UPLAND - PROGRESS, 5 YEAR AVG, MEASURED IN PCT PLANTED",TOTAL,NOT SPECIFIED,STATE,48.0,48,TX,TEXAS,,,,,,,,0,,,9000,UNITED STATES,TEXAS,2026,WEEKLY,16,16,WEEK #16,2026-04-19,2026-04-20 16:00:00.000,16,,progress_5yr_planted,STATE
SURVEY,CROPS,FIELD CROPS,COTTON,UPLAND,ALL PRODUCTION PRACTICES,ALL UTILIZATION PRACTICES,"PROGRESS, 5 YEAR AVG",PCT PLANTED,"COTTON, UPLAND - PROGRESS, 5 YEAR AVG, MEASURED IN PCT PLANTED",TOTAL,NOT SPECIFIED,STATE,48.0,48,TX,TEXAS,,,,,,,,0,,,9000,UNITED STATES,TEXAS,2026,WEEKLY,17,17,WEEK #17,2026-04-26,2026-04-27 16:00:00.000,19,,progress_5yr_planted,STATE
SURVEY,CROPS,FIELD CROPS,COTTON,UPLAND,ALL PRODUCTION PRACTICES,ALL UTILIZATION PRACTICES,"PROGRESS, 5 YEAR AVG",PCT PLANTED,"COTTON, UPLAND - PROGRESS, 5 YEAR AVG, MEASURED IN PCT PLANTED",TOTAL,NOT SPECIFIED,STATE,48.0,48,TX,TEXAS,,,,,,,,0,,,9000,UNITED STATES,TEXAS,2026,WEEKLY,18,18,WEEK #18,2026-05-03,2026-05-04 16:00:00.000,22,,progress_5yr_planted,STATE
SURVEY,CROPS,FIELD CROPS,COTTON,UPLAND,ALL PRODUCTION PRACTICES,ALL UTILIZATION PRACTICES,"PROGRESS, 5 YEAR AVG",PCT PLANTED,"COTTON, UPLAND - PROGRESS, 5 YEAR AVG, MEASURED IN PCT PLANTED",TOTAL,NOT SPECIFIED,STATE,48.0,48,TX,TEXAS,,,,,,,,0,,,9000,UNITED STATES,TEXAS,2026,WEEKLY,19,19,WEEK #19,2026-05-10,2026-05-11 16:00:00.000,26,,progress_5yr_planted,STATE
SURVEY,CROPS,FIELD CROPS,COTTON,UPLAND,ALL PRODUCTION PRACTICES,ALL UTILIZATION PRACTICES,"PROGRESS, 5 YEAR AVG",PCT PLANTED,"COTTON, UPLAND - PROGRESS, 5 YEAR AVG, MEASURED IN PCT PLANTED",TOTAL,NOT SPECIFIED,STATE,48.0,48,TX,TEXAS,,,,,,,,0,,,9000,UNITED STATES,TEXAS,2026,WEEKLY,20,20,WEEK #20,2026-05-17,2026-05-18 16:00:00.000,34,,progress_5yr_planted,STATE
SURVEY,CROPS,FIELD CROPS,COTTON,UPLAND,ALL PRODUCTION PRACTICES,ALL UTILIZATION PRACTICES,"PROGRESS, 5 YEAR AVG",PCT PLANTED,"COTTON, UPLAND - PROGRESS, 5 YEAR AVG, MEASURED IN PCT PLANTED",TOTAL,NOT SPECIFIED,STATE,48.0,48,TX,TEXAS,,,,,,,,0,,,9000,UNITED STATES,TEXAS,2026,WEEKLY,21,21,WEEK #21,2026-05-24,2026-05-26 16:00:00.000,45,,progress_5yr_planted,STATE
SURVEY,CROPS,FIELD CROPS,COTTON,UPLAND,ALL PRODUCTION PRACTICES,ALL UTILIZATION PRACTICES,"PROGRESS, 5 YEAR AVG",PCT PLANTED,"COTTON, UPLAND - PROGRESS, 5 YEAR AVG, MEASURED IN PCT PLANTED",TOTAL,NOT SPECIFIED,STATE,48.0,48,TX,TEXAS,,,,,,,,0,,,9000,UNITED STATES,TEXAS,2026,WEEKLY,22,22,WEEK #22,2026-05-31,2026-06-01 16:00:00.000,59,,progress_5yr_planted,STATE
SURVEY,CROPS,FIELD CROPS,COTTON,UPLAND,ALL PRODUCTION PRACTICES,ALL UTILIZATION PRACTICES,"PROGRESS, 5 YEAR AVG",PCT PLANTED,"COTTON, UPLAND - PROGRESS, 5 YEAR AVG, MEASURED IN PCT PLANTED",TOTAL,NOT SPECIFIED,STATE,51.0,51,VA,VIRGINIA,,,,,,,,0,,,9000,UNITED STATES,VIRGINIA,2026,WEEKLY,14,14,WEEK #14,2026-04-05,2026-04-06 16:00:00.000,0,,progress_5yr_planted,STATE
SURVEY,CROPS,FIELD CROPS,COTTON,UPLAND,ALL PRODUCTION PRACTICES,ALL UTILIZATION PRACTICES,"PROGRESS, 5 YEAR AVG",PCT PLANTED,"COTTON, UPLAND - PROGRESS, 5 YEAR AVG, MEASURED IN PCT PLANTED",TOTAL,NOT SPECIFIED,STATE,51.0,51,VA,VIRGINIA,,,,,,,,0,,,9000,UNITED STATES,VIRGINIA,2026,WEEKLY,15,15,WEEK #15,2026-04-12,2026-04-13 16:00:00.000,1,,progress_5yr_planted,STATE
SURVEY,CROPS,FIELD CROPS,COTTON,UPLAND,ALL PRODUCTION PRACTICES,ALL UTILIZATION PRACTICES,"PROGRESS, 5 YEAR AVG",PCT PLANTED,"COTTON, UPLAND - PROGRESS, 5 YEAR AVG, MEASURED IN PCT PLANTED",TOTAL,NOT SPECIFIED,STATE,51.0,51,VA,VIRGINIA,,,,,,,,0,,,9000,UNITED STATES,VIRGINIA,2026,WEEKLY,16,16,WEEK #16,2026-04-19,2026-04-20 16:00:00.000,6,,progress_5yr_planted,STATE
SURVEY,CROPS,FIELD CROPS,COTTON,UPLAND,ALL PRODUCTION PRACTICES,ALL UTILIZATION PRACTICES,"PROGRESS, 5 YEAR AVG",PCT PLANTED,"COTTON, UPLAND - PROGRESS, 5 YEAR AVG, MEASURED IN PCT PLANTED",TOTAL,NOT SPECIFIED,STATE,51.0,51,VA,VIRGINIA,,,,,,,,0,,,9000,UNITED STATES,VIRGINIA,2026,WEEKLY,17,17,WEEK #17,2026-04-26,2026-04-27 16:00:00.000,16,,progress_5yr_planted,STATE
SURVEY,CROPS,FIELD CROPS,COTTON,UPLAND,ALL PRODUCTION PRACTICES,ALL UTILIZATION PRACTICES,"PROGRESS, 5 YEAR AVG",PCT PLANTED,"COTTON, UPLAND - PROGRESS, 5 YEAR AVG, MEASURED IN PCT PLANTED",TOTAL,NOT SPECIFIED,STATE,51.0,51,VA,VIRGINIA,,,,,,,,0,,,9000,UNITED STATES,VIRGINIA,2026,WEEKLY,18,18,WEEK #18,2026-05-03,2026-05-04 16:00:00.000,28,,progress_5yr_planted,STATE
SURVEY,CROPS,FIELD CROPS,COTTON,UPLAND,ALL PRODUCTION PRACTICES,ALL UTILIZATION PRACTICES,"PROGRESS, 5 YEAR AVG",PCT PLANTED,"COTTON, UPLAND - PROGRESS, 5 YEAR AVG, MEASURED IN PCT PLANTED",TOTAL,NOT SPECIFIED,STATE,51.0,51,VA,VIRGINIA,,,,,,,,0,,,9000,UNITED STATES,VIRGINIA,2026,WEEKLY,19,19,WEEK #19,2026-05-10,2026-05-11 16:00:00.000,42,,progress_5yr_planted,STATE
SURVEY,CROPS,FIELD CROPS,COTTON,UPLAND,ALL PRODUCTION PRACTICES,ALL UTILIZATION PRACTICES,"PROGRESS, 5 YEAR AVG",PCT PLANTED,"COTTON, UPLAND - PROGRESS, 5 YEAR AVG, MEASURED IN PCT PLANTED",TOTAL,NOT SPECIFIED,STATE,51.0,51,VA,VIRGINIA,,,,,,,,0,,,9000,UNITED STATES,VIRGINIA,2026,WEEKLY,20,20,WEEK #20,2026-05-17,2026-05-18 16:00:00.000,55,,progress_5yr_planted,STATE
SURVEY,CROPS,FIELD CROPS,COTTON,UPLAND,ALL PRODUCTION PRACTICES,ALL UTILIZATION PRACTICES,"PROGRESS, 5 YEAR AVG",PCT PLANTED,"COTTON, UPLAND - PROGRESS, 5 YEAR AVG, MEASURED IN PCT PLANTED",TOTAL,NOT SPECIFIED,STATE,51.0,51,VA,VIRGINIA,,,,,,,,0,,,9000,UNITED STATES,VIRGINIA,2026,WEEKLY,21,21,WEEK #21,2026-05-24,2026-05-26 16:00:00.000,71,,progress_5yr_planted,STATE
SURVEY,CROPS,FIELD CROPS,COTTON,UPLAND,ALL PRODUCTION PRACTICES,ALL UTILIZATION PRACTICES,"PROGRESS, 5 YEAR AVG",PCT PLANTED,"COTTON, UPLAND - PROGRESS, 5 YEAR AVG, MEASURED IN PCT PLANTED",TOTAL,NOT SPECIFIED,STATE,51.0,51,VA,VIRGINIA,,,,,,,,0,,,9000,UNITED STATES,VIRGINIA,2026,WEEKLY,22,22,WEEK #22,2026-05-31,2026-06-01 16:00:00.000,84,,progress_5yr_planted,STATE
SURVEY,CROPS,FIELD CROPS,COTTON,UPLAND,ALL PRODUCTION PRACTICES,ALL UTILIZATION PRACTICES,"PROGRESS, 5 YEAR AVG",PCT SQUARING,"COTTON, UPLAND - PROGRESS, 5 YEAR AVG, MEASURED IN PCT SQUARING",TOTAL,NOT SPECIFIED,NATIONAL,,99,US,US TOTAL,,,,,,,,0,,,9000,UNITED STATES,US TOTAL,2026,WEEKLY,22,22,WEEK #22,2026-05-31,2026-06-01 16:00:00.000,7,,progress_5yr_squaring,NATIONAL
SURVEY,CROPS,FIELD CROPS,COTTON,UPLAND,ALL PRODUCTION PRACTICES,ALL UTILIZATION PRACTICES,"PROGRESS, 5 YEAR AVG",PCT SQUARING,"COTTON, UPLAND - PROGRESS, 5 YEAR AVG, MEASURED IN PCT SQUARING",TOTAL,NOT SPECIFIED,STATE,1.0,1,AL,ALABAMA,,,,,,,,0,,,9000,UNITED STATES,ALABAMA,2026,WEEKLY,21,21,WEEK #21,2026-05-24,2026-05-26 16:00:00.000,0,,progress_5yr_squaring,STATE
SURVEY,CROPS,FIELD CROPS,COTTON,UPLAND,ALL PRODUCTION PRACTICES,ALL UTILIZATION PRACTICES,"PROGRESS, 5 YEAR AVG",PCT SQUARING,"COTTON, UPLAND - PROGRESS, 5 YEAR AVG, MEASURED IN PCT SQUARING",TOTAL,NOT SPECIFIED,STATE,1.0,1,AL,ALABAMA,,,,,,,,0,,,9000,UNITED STATES,ALABAMA,2026,WEEKLY,22,22,WEEK #22,2026-05-31,2026-06-01 16:00:00.000,2,,progress_5yr_squaring,STATE
SURVEY,CROPS,FIELD CROPS,COTTON,UPLAND,ALL PRODUCTION PRACTICES,ALL UTILIZATION PRACTICES,"PROGRESS, 5 YEAR AVG",PCT SQUARING,"COTTON, UPLAND - PROGRESS, 5 YEAR AVG, MEASURED IN PCT SQUARING",TOTAL,NOT SPECIFIED,STATE,4.0,4,AZ,ARIZONA,,,,,,,,0,,,9000,UNITED STATES,ARIZONA,2026,WEEKLY,19,19,WEEK #19,2026-05-10,2026-05-11 16:00:00.000,1,,progress_5yr_squaring,STATE
SURVEY,CROPS,FIELD CROPS,COTTON,UPLAND,ALL PRODUCTION PRACTICES,ALL UTILIZATION PRACTICES,"PROGRESS, 5 YEAR AVG",PCT SQUARING,"COTTON, UPLAND - PROGRESS, 5 YEAR AVG, MEASURED IN PCT SQUARING",TOTAL,NOT SPECIFIED,STATE,4.0,4,AZ,ARIZONA,,,,,,,,0,,,9000,UNITED STATES,ARIZONA,2026,WEEKLY,20,20,WEEK #20,2026-05-17,2026-05-18 16:00:00.000,2,,progress_5yr_squaring,STATE
SURVEY,CROPS,FIELD CROPS,COTTON,UPLAND,ALL PRODUCTION PRACTICES,ALL UTILIZATION PRACTICES,"PROGRESS, 5 YEAR AVG",PCT SQUARING,"COTTON, UPLAND - PROGRESS, 5 YEAR AVG, MEASURED IN PCT SQUARING",TOTAL,NOT SPECIFIED,STATE,4.0,4,AZ,ARIZONA,,,,,,,,0,,,9000,UNITED STATES,ARIZONA,2026,WEEKLY,21,21,WEEK #21,2026-05-24,2026-05-26 16:00:00.000,8,,progress_5yr_squaring,STATE
SURVEY,CROPS,FIELD CROPS,COTTON,UPLAND,ALL PRODUCTION PRACTICES,ALL UTILIZATION PRACTICES,"PROGRESS, 5 YEAR AVG",PCT SQUARING,"COTTON, UPLAND - PROGRESS, 5 YEAR AVG, MEASURED IN PCT SQUARING",TOTAL,NOT SPECIFIED,STATE,4.0,4,AZ,ARIZONA,,,,,,,,0,,,9000,UNITED STATES,ARIZONA,2026,WEEKLY,22,22,WEEK #22,2026-05-31,2026-06-01 16:00:00.000,19,,progress_5yr_squaring,STATE
SURVEY,CROPS,FIELD CROPS,COTTON,UPLAND,ALL PRODUCTION PRACTICES,ALL UTILIZATION PRACTICES,"PROGRESS, 5 YEAR AVG",PCT SQUARING,"COTTON, UPLAND - PROGRESS, 5 YEAR AVG, MEASURED IN PCT SQUARING",TOTAL,NOT SPECIFIED,STATE,5.0,5,AR,ARKANSAS,,,,,,,,0,,,9000,UNITED STATES,ARKANSAS,2026,WEEKLY,21,21,WEEK #21,2026-05-24,2026-05-26 16:00:00.000,0,,progress_5yr_squaring,STATE
SURVEY,CROPS,FIELD CROPS,COTTON,UPLAND,ALL PRODUCTION PRACTICES,ALL UTILIZATION PRACTICES,"PROGRESS, 5 YEAR AVG",PCT SQUARING,"COTTON, UPLAND - PROGRESS, 5 YEAR AVG, MEASURED IN PCT SQUARING",TOTAL,NOT SPECIFIED,STATE,5.0,5,AR,ARKANSAS,,,,,,,,0,,,9000,UNITED STATES,ARKANSAS,2026,WEEKLY,22,22,WEEK #22,2026-05-31,2026-06-01 16:00:00.000,0,,progress_5yr_squaring,STATE
SURVEY,CROPS,FIELD CROPS,COTTON,UPLAND,ALL PRODUCTION PRACTICES,ALL UTILIZATION PRACTICES,"PROGRESS, 5 YEAR AVG",PCT SQUARING,"COTTON, UPLAND - PROGRESS, 5 YEAR AVG, MEASURED IN PCT SQUARING",TOTAL,NOT SPECIFIED,STATE,6.0,6,CA,CALIFORNIA,,,,,,,,0,,,9000,UNITED STATES,CALIFORNIA,2026,WEEKLY,22,22,WEEK #22,2026-05-31,2026-06-01 16:00:00.000,2,,progress_5yr_squaring,STATE
SURVEY,CROPS,FIELD CROPS,COTTON,UPLAND,ALL PRODUCTION PRACTICES,ALL UTILIZATION PRACTICES,"PROGRESS, 5 YEAR AVG",PCT SQUARING,"COTTON, UPLAND - PROGRESS, 5 YEAR AVG, MEASURED IN PCT SQUARING",TOTAL,NOT SPECIFIED,STATE,12.0,12,FL,FLORIDA,,,,,,,,0,,,9000,UNITED STATES,FLORIDA,2026,WEEKLY,21,21,WEEK #21,2026-05-24,2026-05-26 16:00:00.000,0,,progress_5yr_squaring,STATE
SURVEY,CROPS,FIELD CROPS,COTTON,UPLAND,ALL PRODUCTION PRACTICES,ALL UTILIZATION PRACTICES,"PROGRESS, 5 YEAR AVG",PCT SQUARING,"COTTON, UPLAND - PROGRESS, 5 YEAR AVG, MEASURED IN PCT SQUARING",TOTAL,NOT SPECIFIED,STATE,12.0,12,FL,FLORIDA,,,,,,,,0,,,9000,UNITED STATES,FLORIDA,2026,WEEKLY,22,22,WEEK #22,2026-05-31,2026-06-01 16:00:00.000,1,,progress_5yr_squaring,STATE
SURVEY,CROPS,FIELD CROPS,COTTON,UPLAND,ALL PRODUCTION PRACTICES,ALL UTILIZATION PRACTICES,"PROGRESS, 5 YEAR AVG",PCT SQUARING,"COTTON, UPLAND - PROGRESS, 5 YEAR AVG, MEASURED IN PCT SQUARING",TOTAL,NOT SPECIFIED,STATE,13.0,13,GA,GEORGIA,,,,,,,,0,,,9000,UNITED STATES,GEORGIA,2026,WEEKLY,21,21,WEEK #21,2026-05-24,2026-05-26 16:00:00.000,0,,progress_5yr_squaring,STATE
SURVEY,CROPS,FIELD CROPS,COTTON,UPLAND,ALL PRODUCTION PRACTICES,ALL UTILIZATION PRACTICES,"PROGRESS, 5 YEAR AVG",PCT SQUARING,"COTTON, UPLAND - PROGRESS, 5 YEAR AVG, MEASURED IN PCT SQUARING",TOTAL,NOT SPECIFIED,STATE,13.0,13,GA,GEORGIA,,,,,,,,0,,,9000,UNITED STATES,GEORGIA,2026,WEEKLY,22,22,WEEK #22,2026-05-31,2026-06-01 16:00:00.000,4,,progress_5yr_squaring,STATE
SURVEY,CROPS,FIELD CROPS,COTTON,UPLAND,ALL PRODUCTION PRACTICES,ALL UTILIZATION PRACTICES,"PROGRESS, 5 YEAR AVG",PCT SQUARING,"COTTON, UPLAND - PROGRESS, 5 YEAR AVG, MEASURED IN PCT SQUARING",TOTAL,NOT SPECIFIED,STATE,20.0,20,KS,KANSAS,,,,,,,,0,,,9000,UNITED STATES,KANSAS,2026,WEEKLY,22,22,WEEK #22,2026-05-31,2026-06-01 16:00:00.000,0,,progress_5yr_squaring,STATE
SURVEY,CROPS,FIELD CROPS,COTTON,UPLAND,ALL PRODUCTION PRACTICES,ALL UTILIZATION PRACTICES,"PROGRESS, 5 YEAR AVG",PCT SQUARING,"COTTON, UPLAND - PROGRESS, 5 YEAR AVG, MEASURED IN PCT SQUARING",TOTAL,NOT SPECIFIED,STATE,22.0,22,LA,LOUISIANA,,,,,,,,0,,,9000,UNITED STATES,LOUISIANA,2026,WEEKLY,21,21,WEEK #21,2026-05-24,2026-05-26 16:00:00.000,0,,progress_5yr_squaring,STATE
SURVEY,CROPS,FIELD CROPS,COTTON,UPLAND,ALL PRODUCTION PRACTICES,ALL UTILIZATION PRACTICES,"PROGRESS, 5 YEAR AVG",PCT SQUARING,"COTTON, UPLAND - PROGRESS, 5 YEAR AVG, MEASURED IN PCT SQUARING",TOTAL,NOT SPECIFIED,STATE,22.0,22,LA,LOUISIANA,,,,,,,,0,,,9000,UNITED STATES,LOUISIANA,2026,WEEKLY,22,22,WEEK #22,2026-05-31,2026-06-01 16:00:00.000,2,,progress_5yr_squaring,STATE
SURVEY,CROPS,FIELD CROPS,COTTON,UPLAND,ALL PRODUCTION PRACTICES,ALL UTILIZATION PRACTICES,"PROGRESS, 5 YEAR AVG",PCT SQUARING,"COTTON, UPLAND - PROGRESS, 5 YEAR AVG, MEASURED IN PCT SQUARING",TOTAL,NOT SPECIFIED,STATE,28.0,28,MS,MISSISSIPPI,,,,,,,,0,,,9000,UNITED STATES,MISSISSIPPI,2026,WEEKLY,21,21,WEEK #21,2026-05-24,2026-05-26 16:00:00.000,0,,progress_5yr_squaring,STATE
SURVEY,CROPS,FIELD CROPS,COTTON,UPLAND,ALL PRODUCTION PRACTICES,ALL UTILIZATION PRACTICES,"PROGRESS, 5 YEAR AVG",PCT SQUARING,"COTTON, UPLAND - PROGRESS, 5 YEAR AVG, MEASURED IN PCT SQUARING",TOTAL,NOT SPECIFIED,STATE,28.0,28,MS,MISSISSIPPI,,,,,,,,0,,,9000,UNITED STATES,MISSISSIPPI,2026,WEEKLY,22,22,WEEK #22,2026-05-31,2026-06-01 16:00:00.000,1,,progress_5yr_squaring,STATE
SURVEY,CROPS,FIELD CROPS,COTTON,UPLAND,ALL PRODUCTION PRACTICES,ALL UTILIZATION PRACTICES,"PROGRESS, 5 YEAR AVG",PCT SQUARING,"COTTON, UPLAND - PROGRESS, 5 YEAR AVG, MEASURED IN PCT SQUARING",TOTAL,NOT SPECIFIED,STATE,29.0,29,MO,MISSOURI,,,,,,,,0,,,9000,UNITED STATES,MISSOURI,2026,WEEKLY,22,22,WEEK #22,2026-05-31,2026-06-01 16:00:00.000,1,,progress_5yr_squaring,STATE
SURVEY,CROPS,FIELD CROPS,COTTON,UPLAND,ALL PRODUCTION PRACTICES,ALL UTILIZATION PRACTICES,"PROGRESS, 5 YEAR AVG",PCT SQUARING,"COTTON, UPLAND - PROGRESS, 5 YEAR AVG, MEASURED IN PCT SQUARING",TOTAL,NOT SPECIFIED,STATE,37.0,37,NC,NORTH CAROLINA,,,,,,,,0,,,9000,UNITED STATES,NORTH CAROLINA,2026,WEEKLY,21,21,WEEK #21,2026-05-24,2026-05-26 16:00:00.000,0,,progress_5yr_squaring,STATE
SURVEY,CROPS,FIELD CROPS,COTTON,UPLAND,ALL PRODUCTION PRACTICES,ALL UTILIZATION PRACTICES,"PROGRESS, 5 YEAR AVG",PCT SQUARING,"COTTON, UPLAND - PROGRESS, 5 YEAR AVG, MEASURED IN PCT SQUARING",TOTAL,NOT SPECIFIED,STATE,37.0,37,NC,NORTH CAROLINA,,,,,,,,0,,,9000,UNITED STATES,NORTH CAROLINA,2026,WEEKLY,22,22,WEEK #22,2026-05-31,2026-06-01 16:00:00.000,0,,progress_5yr_squaring,STATE
SURVEY,CROPS,FIELD CROPS,COTTON,UPLAND,ALL PRODUCTION PRACTICES,ALL UTILIZATION PRACTICES,"PROGRESS, 5 YEAR AVG",PCT SQUARING,"COTTON, UPLAND - PROGRESS, 5 YEAR AVG, MEASURED IN PCT SQUARING",TOTAL,NOT SPECIFIED,STATE,40.0,40,OK,OKLAHOMA,,,,,,,,0,,,9000,UNITED STATES,OKLAHOMA,2026,WEEKLY,22,22,WEEK #22,2026-05-31,2026-06-01 16:00:00.000,0,,progress_5yr_squaring,STATE
SURVEY,CROPS,FIELD CROPS,COTTON,UPLAND,ALL PRODUCTION PRACTICES,ALL UTILIZATION PRACTICES,"PROGRESS, 5 YEAR AVG",PCT SQUARING,"COTTON, UPLAND - PROGRESS, 5 YEAR AVG, MEASURED IN PCT SQUARING",TOTAL,NOT SPECIFIED,STATE,45.0,45,SC,SOUTH CAROLINA,,,,,,,,0,,,9000,UNITED STATES,SOUTH CAROLINA,2026,WEEKLY,21,21,WEEK #21,2026-05-24,2026-05-26 16:00:00.000,0,,progress_5yr_squaring,STATE
SURVEY,CROPS,FIELD CROPS,COTTON,UPLAND,ALL PRODUCTION PRACTICES,ALL UTILIZATION PRACTICES,"PROGRESS, 5 YEAR AVG",PCT SQUARING,"COTTON, UPLAND - PROGRESS, 5 YEAR AVG, MEASURED IN PCT SQUARING",TOTAL,NOT SPECIFIED,STATE,45.0,45,SC,SOUTH CAROLINA,,,,,,,,0,,,9000,UNITED STATES,SOUTH CAROLINA,2026,WEEKLY,22,22,WEEK #22,2026-05-31,2026-06-01 16:00:00.000,0,,progress_5yr_squaring,STATE
SURVEY,CROPS,FIELD CROPS,COTTON,UPLAND,ALL PRODUCTION PRACTICES,ALL UTILIZATION PRACTICES,"PROGRESS, 5 YEAR AVG",PCT SQUARING,"COTTON, UPLAND - PROGRESS, 5 YEAR AVG, MEASURED IN PCT SQUARING",TOTAL,NOT SPECIFIED,STATE,47.0,47,TN,TENNESSEE,,,,,,,,0,,,9000,UNITED STATES,TENNESSEE,2026,WEEKLY,21,21,WEEK #21,2026-05-24,2026-05-26 16:00:00.000,1,,progress_5yr_squaring,STATE
SURVEY,CROPS,FIELD CROPS,COTTON,UPLAND,ALL PRODUCTION PRACTICES,ALL UTILIZATION PRACTICES,"PROGRESS, 5 YEAR AVG",PCT SQUARING,"COTTON, UPLAND - PROGRESS, 5 YEAR AVG, MEASURED IN PCT SQUARING",TOTAL,NOT SPECIFIED,STATE,47.0,47,TN,TENNESSEE,,,,,,,,0,,,9000,UNITED STATES,TENNESSEE,2026,WEEKLY,22,22,WEEK #22,2026-05-31,2026-06-01 16:00:00.000,5,,progress_5yr_squaring,STATE
SURVEY,CROPS,FIELD CROPS,COTTON,UPLAND,ALL PRODUCTION PRACTICES,ALL UTILIZATION PRACTICES,"PROGRESS, 5 YEAR AVG",PCT SQUARING,"COTTON, UPLAND - PROGRESS, 5 YEAR AVG, MEASURED IN PCT SQUARING",TOTAL,NOT SPECIFIED,STATE,48.0,48,TX,TEXAS,,,,,,,,0,,,9000,UNITED STATES,TEXAS,2026,WEEKLY,22,22,WEEK #22,2026-05-31,2026-06-01 16:00:00.000,10,,progress_5yr_squaring,STATE
SURVEY,CROPS,FIELD CROPS,COTTON,UPLAND,ALL PRODUCTION PRACTICES,ALL UTILIZATION PRACTICES,"PROGRESS, 5 YEAR AVG",PCT SQUARING,"COTTON, UPLAND - PROGRESS, 5 YEAR AVG, MEASURED IN PCT SQUARING",TOTAL,NOT SPECIFIED,STATE,51.0,51,VA,VIRGINIA,,,,,,,,0,,,9000,UNITED STATES,VIRGINIA,2026,WEEKLY,22,22,WEEK #22,2026-05-31,2026-06-01 16:00:00.000,2,,progress_5yr_squaring,STATE
SURVEY,CROPS,FIELD CROPS,COTTON,UPLAND,ALL PRODUCTION PRACTICES,ALL UTILIZATION PRACTICES,"PROGRESS, 5 YEAR AVG",PCT EMERGED,"COTTON, UPLAND - PROGRESS, 5 YEAR AVG, MEASURED IN PCT EMERGED",TOTAL,NOT SPECIFIED,STATE,4.0,4,AZ,ARIZONA,,,,,,,,0,,,9000,UNITED STATES,ARIZONA,2026,WEEKLY,14,14,WEEK #14,2026-04-05,2026-04-06 16:00:00.000,3,,progress_5yr_emerged,STATE
SURVEY,CROPS,FIELD CROPS,COTTON,UPLAND,ALL PRODUCTION PRACTICES,ALL UTILIZATION PRACTICES,"PROGRESS, 5 YEAR AVG",PCT EMERGED,"COTTON, UPLAND - PROGRESS, 5 YEAR AVG, MEASURED IN PCT EMERGED",TOTAL,NOT SPECIFIED,STATE,4.0,4,AZ,ARIZONA,,,,,,,,0,,,9000,UNITED STATES,ARIZONA,2026,WEEKLY,15,15,WEEK #15,2026-04-12,2026-04-13 16:00:00.000,7,,progress_5yr_emerged,STATE
SURVEY,CROPS,FIELD CROPS,COTTON,UPLAND,ALL PRODUCTION PRACTICES,ALL UTILIZATION PRACTICES,"PROGRESS, 5 YEAR AVG",PCT EMERGED,"COTTON, UPLAND - PROGRESS, 5 YEAR AVG, MEASURED IN PCT EMERGED",TOTAL,NOT SPECIFIED,STATE,4.0,4,AZ,ARIZONA,,,,,,,,0,,,9000,UNITED STATES,ARIZONA,2026,WEEKLY,16,16,WEEK #16,2026-04-19,2026-04-20 16:00:00.000,14,,progress_5yr_emerged,STATE
SURVEY,CROPS,FIELD CROPS,COTTON,UPLAND,ALL PRODUCTION PRACTICES,ALL UTILIZATION PRACTICES,"PROGRESS, 5 YEAR AVG",PCT EMERGED,"COTTON, UPLAND - PROGRESS, 5 YEAR AVG, MEASURED IN PCT EMERGED",TOTAL,NOT SPECIFIED,STATE,4.0,4,AZ,ARIZONA,,,,,,,,0,,,9000,UNITED STATES,ARIZONA,2026,WEEKLY,17,17,WEEK #17,2026-04-26,2026-04-27 16:00:00.000,27,,progress_5yr_emerged,STATE
SURVEY,CROPS,FIELD CROPS,COTTON,UPLAND,ALL PRODUCTION PRACTICES,ALL UTILIZATION PRACTICES,"PROGRESS, 5 YEAR AVG",PCT EMERGED,"COTTON, UPLAND - PROGRESS, 5 YEAR AVG, MEASURED IN PCT EMERGED",TOTAL,NOT SPECIFIED,STATE,4.0,4,AZ,ARIZONA,,,,,,,,0,,,9000,UNITED STATES,ARIZONA,2026,WEEKLY,18,18,WEEK #18,2026-05-03,2026-05-04 16:00:00.000,42,,progress_5yr_emerged,STATE
SURVEY,CROPS,FIELD CROPS,COTTON,UPLAND,ALL PRODUCTION PRACTICES,ALL UTILIZATION PRACTICES,"PROGRESS, 5 YEAR AVG",PCT EMERGED,"COTTON, UPLAND - PROGRESS, 5 YEAR AVG, MEASURED IN PCT EMERGED",TOTAL,NOT SPECIFIED,STATE,4.0,4,AZ,ARIZONA,,,,,,,,0,,,9000,UNITED STATES,ARIZONA,2026,WEEKLY,19,19,WEEK #19,2026-05-10,2026-05-11 16:00:00.000,56,,progress_5yr_emerged,STATE
SURVEY,CROPS,FIELD CROPS,COTTON,UPLAND,ALL PRODUCTION PRACTICES,ALL UTILIZATION PRACTICES,"PROGRESS, 5 YEAR AVG",PCT EMERGED,"COTTON, UPLAND - PROGRESS, 5 YEAR AVG, MEASURED IN PCT EMERGED",TOTAL,NOT SPECIFIED,STATE,4.0,4,AZ,ARIZONA,,,,,,,,0,,,9000,UNITED STATES,ARIZONA,2026,WEEKLY,20,20,WEEK #20,2026-05-17,2026-05-18 16:00:00.000,72,,progress_5yr_emerged,STATE
SURVEY,CROPS,FIELD CROPS,COTTON,UPLAND,ALL PRODUCTION PRACTICES,ALL UTILIZATION PRACTICES,"PROGRESS, 5 YEAR AVG",PCT EMERGED,"COTTON, UPLAND - PROGRESS, 5 YEAR AVG, MEASURED IN PCT EMERGED",TOTAL,NOT SPECIFIED,STATE,4.0,4,AZ,ARIZONA,,,,,,,,0,,,9000,UNITED STATES,ARIZONA,2026,WEEKLY,21,21,WEEK #21,2026-05-24,2026-05-26 16:00:00.000,84,,progress_5yr_emerged,STATE
SURVEY,CROPS,FIELD CROPS,COTTON,UPLAND,ALL PRODUCTION PRACTICES,ALL UTILIZATION PRACTICES,"PROGRESS, 5 YEAR AVG",PCT EMERGED,"COTTON, UPLAND - PROGRESS, 5 YEAR AVG, MEASURED IN PCT EMERGED",TOTAL,NOT SPECIFIED,STATE,4.0,4,AZ,ARIZONA,,,,,,,,0,,,9000,UNITED STATES,ARIZONA,2026,WEEKLY,22,22,WEEK #22,2026-05-31,2026-06-01 16:00:00.000,93,,progress_5yr_emerged,STATE
SURVEY,CROPS,FIELD CROPS,COTTON,UPLAND,ALL PRODUCTION PRACTICES,ALL UTILIZATION PRACTICES,"PROGRESS, 5 YEAR AVG",PCT EMERGED,"COTTON, UPLAND - PROGRESS, 5 YEAR AVG, MEASURED IN PCT EMERGED",TOTAL,NOT SPECIFIED,STATE,5.0,5,AR,ARKANSAS,,,,,,,,0,,,9000,UNITED STATES,ARKANSAS,2026,WEEKLY,16,16,WEEK #16,2026-04-19,2026-04-20 16:00:00.000,0,,progress_5yr_emerged,STATE
SURVEY,CROPS,FIELD CROPS,COTTON,UPLAND,ALL PRODUCTION PRACTICES,ALL UTILIZATION PRACTICES,"PROGRESS, 5 YEAR AVG",PCT EMERGED,"COTTON, UPLAND - PROGRESS, 5 YEAR AVG, MEASURED IN PCT EMERGED",TOTAL,NOT SPECIFIED,STATE,5.0,5,AR,ARKANSAS,,,,,,,,0,,,9000,UNITED STATES,ARKANSAS,2026,WEEKLY,17,17,WEEK #17,2026-04-26,2026-04-27 16:00:00.000,1,,progress_5yr_emerged,STATE
SURVEY,CROPS,FIELD CROPS,COTTON,UPLAND,ALL PRODUCTION PRACTICES,ALL UTILIZATION PRACTICES,"PROGRESS, 5 YEAR AVG",PCT EMERGED,"COTTON, UPLAND - PROGRESS, 5 YEAR AVG, MEASURED IN PCT EMERGED",TOTAL,NOT SPECIFIED,STATE,5.0,5,AR,ARKANSAS,,,,,,,,0,,,9000,UNITED STATES,ARKANSAS,2026,WEEKLY,18,18,WEEK #18,2026-05-03,2026-05-04 16:00:00.000,4,,progress_5yr_emerged,STATE
SURVEY,CROPS,FIELD CROPS,COTTON,UPLAND,ALL PRODUCTION PRACTICES,ALL UTILIZATION PRACTICES,"PROGRESS, 5 YEAR AVG",PCT EMERGED,"COTTON, UPLAND - PROGRESS, 5 YEAR AVG, MEASURED IN PCT EMERGED",TOTAL,NOT SPECIFIED,STATE,5.0,5,AR,ARKANSAS,,,,,,,,0,,,9000,UNITED STATES,ARKANSAS,2026,WEEKLY,19,19,WEEK #19,2026-05-10,2026-05-11 16:00:00.000,13,,progress_5yr_emerged,STATE
SURVEY,CROPS,FIELD CROPS,COTTON,UPLAND,ALL PRODUCTION PRACTICES,ALL UTILIZATION PRACTICES,"PROGRESS, 5 YEAR AVG",PCT EMERGED,"COTTON, UPLAND - PROGRESS, 5 YEAR AVG, MEASURED IN PCT EMERGED",TOTAL,NOT SPECIFIED,STATE,5.0,5,AR,ARKANSAS,,,,,,,,0,,,9000,UNITED STATES,ARKANSAS,2026,WEEKLY,20,20,WEEK #20,2026-05-17,2026-05-18 16:00:00.000,30,,progress_5yr_emerged,STATE
SURVEY,CROPS,FIELD CROPS,COTTON,UPLAND,ALL PRODUCTION PRACTICES,ALL UTILIZATION PRACTICES,"PROGRESS, 5 YEAR AVG",PCT EMERGED,"COTTON, UPLAND - PROGRESS, 5 YEAR AVG, MEASURED IN PCT EMERGED",TOTAL,NOT SPECIFIED,STATE,5.0,5,AR,ARKANSAS,,,,,,,,0,,,9000,UNITED STATES,ARKANSAS,2026,WEEKLY,21,21,WEEK #21,2026-05-24,2026-05-26 16:00:00.000,50,,progress_5yr_emerged,STATE
SURVEY,CROPS,FIELD CROPS,COTTON,UPLAND,ALL PRODUCTION PRACTICES,ALL UTILIZATION PRACTICES,"PROGRESS, 5 YEAR AVG",PCT EMERGED,"COTTON, UPLAND - PROGRESS, 5 YEAR AVG, MEASURED IN PCT EMERGED",TOTAL,NOT SPECIFIED,STATE,5.0,5,AR,ARKANSAS,,,,,,,,0,,,9000,UNITED STATES,ARKANSAS,2026,WEEKLY,22,22,WEEK #22,2026-05-31,2026-06-01 16:00:00.000,73,,progress_5yr_emerged,STATE
SURVEY,CROPS,FIELD CROPS,COTTON,UPLAND,ALL PRODUCTION PRACTICES,ALL UTILIZATION PRACTICES,"PROGRESS, 5 YEAR AVG",PCT EMERGED,"COTTON, UPLAND - PROGRESS, 5 YEAR AVG, MEASURED IN PCT EMERGED",TOTAL,NOT SPECIFIED,STATE,22.0,22,LA,LOUISIANA,,,,,,,,0,,,9000,UNITED STATES,LOUISIANA,2026,WEEKLY,16,16,WEEK #16,2026-04-19,2026-04-20 16:00:00.000,0,,progress_5yr_emerged,STATE
SURVEY,CROPS,FIELD CROPS,COTTON,UPLAND,ALL PRODUCTION PRACTICES,ALL UTILIZATION PRACTICES,"PROGRESS, 5 YEAR AVG",PCT EMERGED,"COTTON, UPLAND - PROGRESS, 5 YEAR AVG, MEASURED IN PCT EMERGED",TOTAL,NOT SPECIFIED,STATE,22.0,22,LA,LOUISIANA,,,,,,,,0,,,9000,UNITED STATES,LOUISIANA,2026,WEEKLY,17,17,WEEK #17,2026-04-26,2026-04-27 16:00:00.000,2,,progress_5yr_emerged,STATE
SURVEY,CROPS,FIELD CROPS,COTTON,UPLAND,ALL PRODUCTION PRACTICES,ALL UTILIZATION PRACTICES,"PROGRESS, 5 YEAR AVG",PCT EMERGED,"COTTON, UPLAND - PROGRESS, 5 YEAR AVG, MEASURED IN PCT EMERGED",TOTAL,NOT SPECIFIED,STATE,22.0,22,LA,LOUISIANA,,,,,,,,0,,,9000,UNITED STATES,LOUISIANA,2026,WEEKLY,18,18,WEEK #18,2026-05-03,2026-05-04 16:00:00.000,9,,progress_5yr_emerged,STATE
SURVEY,CROPS,FIELD CROPS,COTTON,UPLAND,ALL PRODUCTION PRACTICES,ALL UTILIZATION PRACTICES,"PROGRESS, 5 YEAR AVG",PCT EMERGED,"COTTON, UPLAND - PROGRESS, 5 YEAR AVG, MEASURED IN PCT EMERGED",TOTAL,NOT SPECIFIED,STATE,22.0,22,LA,LOUISIANA,,,,,,,,0,,,9000,UNITED STATES,LOUISIANA,2026,WEEKLY,19,19,WEEK #19,2026-05-10,2026-05-11 16:00:00.000,23,,progress_5yr_emerged,STATE
SURVEY,CROPS,FIELD CROPS,COTTON,UPLAND,ALL PRODUCTION PRACTICES,ALL UTILIZATION PRACTICES,"PROGRESS, 5 YEAR AVG",PCT EMERGED,"COTTON, UPLAND - PROGRESS, 5 YEAR AVG, MEASURED IN PCT EMERGED",TOTAL,NOT SPECIFIED,STATE,22.0,22,LA,LOUISIANA,,,,,,,,0,,,9000,UNITED STATES,LOUISIANA,2026,WEEKLY,20,20,WEEK #20,2026-05-17,2026-05-18 16:00:00.000,41,,progress_5yr_emerged,STATE
SURVEY,CROPS,FIELD CROPS,COTTON,UPLAND,ALL PRODUCTION PRACTICES,ALL UTILIZATION PRACTICES,"PROGRESS, 5 YEAR AVG",PCT EMERGED,"COTTON, UPLAND - PROGRESS, 5 YEAR AVG, MEASURED IN PCT EMERGED",TOTAL,NOT SPECIFIED,STATE,22.0,22,LA,LOUISIANA,,,,,,,,0,,,9000,UNITED STATES,LOUISIANA,2026,WEEKLY,21,21,WEEK #21,2026-05-24,2026-05-26 16:00:00.000,58,,progress_5yr_emerged,STATE
SURVEY,CROPS,FIELD CROPS,COTTON,UPLAND,ALL PRODUCTION PRACTICES,ALL UTILIZATION PRACTICES,"PROGRESS, 5 YEAR AVG",PCT EMERGED,"COTTON, UPLAND - PROGRESS, 5 YEAR AVG, MEASURED IN PCT EMERGED",TOTAL,NOT SPECIFIED,STATE,22.0,22,LA,LOUISIANA,,,,,,,,0,,,9000,UNITED STATES,LOUISIANA,2026,WEEKLY,22,22,WEEK #22,2026-05-31,2026-06-01 16:00:00.000,70,,progress_5yr_emerged,STATE
SURVEY,CROPS,FIELD CROPS,COTTON,UPLAND,ALL PRODUCTION PRACTICES,ALL UTILIZATION PRACTICES,"PROGRESS, 5 YEAR AVG",PCT EMERGED,"COTTON, UPLAND - PROGRESS, 5 YEAR AVG, MEASURED IN PCT EMERGED",TOTAL,NOT SPECIFIED,STATE,28.0,28,MS,MISSISSIPPI,,,,,,,,0,,,9000,UNITED STATES,MISSISSIPPI,2026,WEEKLY,16,16,WEEK #16,2026-04-19,2026-04-20 16:00:00.000,0,,progress_5yr_emerged,STATE
SURVEY,CROPS,FIELD CROPS,COTTON,UPLAND,ALL PRODUCTION PRACTICES,ALL UTILIZATION PRACTICES,"PROGRESS, 5 YEAR AVG",PCT EMERGED,"COTTON, UPLAND - PROGRESS, 5 YEAR AVG, MEASURED IN PCT EMERGED",TOTAL,NOT SPECIFIED,STATE,28.0,28,MS,MISSISSIPPI,,,,,,,,0,,,9000,UNITED STATES,MISSISSIPPI,2026,WEEKLY,17,17,WEEK #17,2026-04-26,2026-04-27 16:00:00.000,0,,progress_5yr_emerged,STATE
SURVEY,CROPS,FIELD CROPS,COTTON,UPLAND,ALL PRODUCTION PRACTICES,ALL UTILIZATION PRACTICES,"PROGRESS, 5 YEAR AVG",PCT EMERGED,"COTTON, UPLAND - PROGRESS, 5 YEAR AVG, MEASURED IN PCT EMERGED",TOTAL,NOT SPECIFIED,STATE,28.0,28,MS,MISSISSIPPI,,,,,,,,0,,,9000,UNITED STATES,MISSISSIPPI,2026,WEEKLY,18,18,WEEK #18,2026-05-03,2026-05-04 16:00:00.000,2,,progress_5yr_emerged,STATE
SURVEY,CROPS,FIELD CROPS,COTTON,UPLAND,ALL PRODUCTION PRACTICES,ALL UTILIZATION PRACTICES,"PROGRESS, 5 YEAR AVG",PCT EMERGED,"COTTON, UPLAND - PROGRESS, 5 YEAR AVG, MEASURED IN PCT EMERGED",TOTAL,NOT SPECIFIED,STATE,28.0,28,MS,MISSISSIPPI,,,,,,,,0,,,9000,UNITED STATES,MISSISSIPPI,2026,WEEKLY,19,19,WEEK #19,2026-05-10,2026-05-11 16:00:00.000,12,,progress_5yr_emerged,STATE
SURVEY,CROPS,FIELD CROPS,COTTON,UPLAND,ALL PRODUCTION PRACTICES,ALL UTILIZATION PRACTICES,"PROGRESS, 5 YEAR AVG",PCT EMERGED,"COTTON, UPLAND - PROGRESS, 5 YEAR AVG, MEASURED IN PCT EMERGED",TOTAL,NOT SPECIFIED,STATE,28.0,28,MS,MISSISSIPPI,,,,,,,,0,,,9000,UNITED STATES,MISSISSIPPI,2026,WEEKLY,20,20,WEEK #20,2026-05-17,2026-05-18 16:00:00.000,29,,progress_5yr_emerged,STATE
SURVEY,CROPS,FIELD CROPS,COTTON,UPLAND,ALL PRODUCTION PRACTICES,ALL UTILIZATION PRACTICES,"PROGRESS, 5 YEAR AVG",PCT EMERGED,"COTTON, UPLAND - PROGRESS, 5 YEAR AVG, MEASURED IN PCT EMERGED",TOTAL,NOT SPECIFIED,STATE,28.0,28,MS,MISSISSIPPI,,,,,,,,0,,,9000,UNITED STATES,MISSISSIPPI,2026,WEEKLY,21,21,WEEK #21,2026-05-24,2026-05-26 16:00:00.000,48,,progress_5yr_emerged,STATE
SURVEY,CROPS,FIELD CROPS,COTTON,UPLAND,ALL PRODUCTION PRACTICES,ALL UTILIZATION PRACTICES,"PROGRESS, 5 YEAR AVG",PCT EMERGED,"COTTON, UPLAND - PROGRESS, 5 YEAR AVG, MEASURED IN PCT EMERGED",TOTAL,NOT SPECIFIED,STATE,28.0,28,MS,MISSISSIPPI,,,,,,,,0,,,9000,UNITED STATES,MISSISSIPPI,2026,WEEKLY,22,22,WEEK #22,2026-05-31,2026-06-01 16:00:00.000,65,,progress_5yr_emerged,STATE
SURVEY,CROPS,FIELD CROPS,COTTON,UPLAND,ALL PRODUCTION PRACTICES,ALL UTILIZATION PRACTICES,"PROGRESS, 5 YEAR AVG",PCT EMERGED,"COTTON, UPLAND - PROGRESS, 5 YEAR AVG, MEASURED IN PCT EMERGED",TOTAL,NOT SPECIFIED,STATE,29.0,29,MO,MISSOURI,,,,,,,,0,,,9000,UNITED STATES,MISSOURI,2026,WEEKLY,17,17,WEEK #17,2026-04-26,2026-04-27 16:00:00.000,1,,progress_5yr_emerged,STATE
SURVEY,CROPS,FIELD CROPS,COTTON,UPLAND,ALL PRODUCTION PRACTICES,ALL UTILIZATION PRACTICES,"PROGRESS, 5 YEAR AVG",PCT EMERGED,"COTTON, UPLAND - PROGRESS, 5 YEAR AVG, MEASURED IN PCT EMERGED",TOTAL,NOT SPECIFIED,STATE,35.0,35,NM,NEW MEXICO,,,,,,,,0,,,9000,UNITED STATES,NEW MEXICO,2026,WEEKLY,18,18,WEEK #18,2026-05-03,2026-05-04 16:00:00.000,7,,progress_5yr_emerged,STATE
SURVEY,CROPS,FIELD CROPS,COTTON,UPLAND,ALL PRODUCTION PRACTICES,ALL UTILIZATION PRACTICES,"PROGRESS, 5 YEAR AVG",PCT EMERGED,"COTTON, UPLAND - PROGRESS, 5 YEAR AVG, MEASURED IN PCT EMERGED",TOTAL,NOT SPECIFIED,STATE,35.0,35,NM,NEW MEXICO,,,,,,,,0,,,9000,UNITED STATES,NEW MEXICO,2026,WEEKLY,19,19,WEEK #19,2026-05-10,2026-05-11 16:00:00.000,14,,progress_5yr_emerged,STATE
SURVEY,CROPS,FIELD CROPS,COTTON,UPLAND,ALL PRODUCTION PRACTICES,ALL UTILIZATION PRACTICES,"PROGRESS, 5 YEAR AVG",PCT EMERGED,"COTTON, UPLAND - PROGRESS, 5 YEAR AVG, MEASURED IN PCT EMERGED",TOTAL,NOT SPECIFIED,STATE,35.0,35,NM,NEW MEXICO,,,,,,,,0,,,9000,UNITED STATES,NEW MEXICO,2026,WEEKLY,20,20,WEEK #20,2026-05-17,2026-05-18 16:00:00.000,21,,progress_5yr_emerged,STATE
SURVEY,CROPS,FIELD CROPS,COTTON,UPLAND,ALL PRODUCTION PRACTICES,ALL UTILIZATION PRACTICES,"PROGRESS, 5 YEAR AVG",PCT EMERGED,"COTTON, UPLAND - PROGRESS, 5 YEAR AVG, MEASURED IN PCT EMERGED",TOTAL,NOT SPECIFIED,STATE,35.0,35,NM,NEW MEXICO,,,,,,,,0,,,9000,UNITED STATES,NEW MEXICO,2026,WEEKLY,21,21,WEEK #21,2026-05-24,2026-05-26 16:00:00.000,30,,progress_5yr_emerged,STATE
SURVEY,CROPS,FIELD CROPS,COTTON,UPLAND,ALL PRODUCTION PRACTICES,ALL UTILIZATION PRACTICES,"PROGRESS, 5 YEAR AVG",PCT EMERGED,"COTTON, UPLAND - PROGRESS, 5 YEAR AVG, MEASURED IN PCT EMERGED",TOTAL,NOT SPECIFIED,STATE,35.0,35,NM,NEW MEXICO,,,,,,,,0,,,9000,UNITED STATES,NEW MEXICO,2026,WEEKLY,22,22,WEEK #22,2026-05-31,2026-06-01 16:00:00.000,37,,progress_5yr_emerged,STATE
SURVEY,CROPS,FIELD CROPS,COTTON,UPLAND,ALL PRODUCTION PRACTICES,ALL UTILIZATION PRACTICES,"PROGRESS, PREVIOUS YEAR",PCT HARVESTED,"COTTON, UPLAND - PROGRESS, PREVIOUS YEAR, MEASURED IN PCT HARVESTED",TOTAL,NOT SPECIFIED,STATE,4.0,4,AZ,ARIZONA,,,,,,,,0,,,9000,UNITED STATES,ARIZONA,2026,WEEKLY,1,1,WEEK #01,2026-01-04,2026-01-05 16:00:00.000,98,,progress_prev_harvested,STATE
SURVEY,CROPS,FIELD CROPS,COTTON,UPLAND,ALL PRODUCTION PRACTICES,ALL UTILIZATION PRACTICES,"PROGRESS, PREVIOUS YEAR",PCT HARVESTED,"COTTON, UPLAND - PROGRESS, PREVIOUS YEAR, MEASURED IN PCT HARVESTED",TOTAL,NOT SPECIFIED,STATE,48.0,48,TX,TEXAS,,,,,,,,0,,,9000,UNITED STATES,TEXAS,2026,WEEKLY,1,1,WEEK #01,2026-01-04,2026-01-05 16:00:00.000,90,,progress_prev_harvested,STATE
SURVEY,CROPS,FIELD CROPS,COTTON,UPLAND,ALL PRODUCTION PRACTICES,ALL UTILIZATION PRACTICES,"PROGRESS, PREVIOUS YEAR",PCT HARVESTED,"COTTON, UPLAND - PROGRESS, PREVIOUS YEAR, MEASURED IN PCT HARVESTED",TOTAL,NOT SPECIFIED,STATE,48.0,48,TX,TEXAS,,,,,,,,0,,,9000,UNITED STATES,TEXAS,2026,WEEKLY,3,3,WEEK #03,2026-01-18,2026-01-19 16:00:00.000,90,,progress_prev_harvested,STATE
SURVEY,CROPS,FIELD CROPS,COTTON,UPLAND,ALL PRODUCTION PRACTICES,ALL UTILIZATION PRACTICES,"PROGRESS, PREVIOUS YEAR",PCT PLANTED,"COTTON, UPLAND - PROGRESS, PREVIOUS YEAR, MEASURED IN PCT PLANTED",TOTAL,NOT SPECIFIED,NATIONAL,,99,US,US TOTAL,,,,,,,,0,,,9000,UNITED STATES,US TOTAL,2026,WEEKLY,14,14,WEEK #14,2026-04-05,2026-04-06 16:00:00.000,4,,progress_prev_planted,NATIONAL
SURVEY,CROPS,FIELD CROPS,COTTON,UPLAND,ALL PRODUCTION PRACTICES,ALL UTILIZATION PRACTICES,"PROGRESS, PREVIOUS YEAR",PCT PLANTED,"COTTON, UPLAND - PROGRESS, PREVIOUS YEAR, MEASURED IN PCT PLANTED",TOTAL,NOT SPECIFIED,NATIONAL,,99,US,US TOTAL,,,,,,,,0,,,9000,UNITED STATES,US TOTAL,2026,WEEKLY,15,15,WEEK #15,2026-04-12,2026-04-13 16:00:00.000,5,,progress_prev_planted,NATIONAL
SURVEY,CROPS,FIELD CROPS,COTTON,UPLAND,ALL PRODUCTION PRACTICES,ALL UTILIZATION PRACTICES,"PROGRESS, PREVIOUS YEAR",PCT PLANTED,"COTTON, UPLAND - PROGRESS, PREVIOUS YEAR, MEASURED IN PCT PLANTED",TOTAL,NOT SPECIFIED,NATIONAL,,99,US,US TOTAL,,,,,,,,0,,,9000,UNITED STATES,US TOTAL,2026,WEEKLY,16,16,WEEK #16,2026-04-19,2026-04-20 16:00:00.000,10,,progress_prev_planted,NATIONAL
SURVEY,CROPS,FIELD CROPS,COTTON,UPLAND,ALL PRODUCTION PRACTICES,ALL UTILIZATION PRACTICES,"PROGRESS, PREVIOUS YEAR",PCT PLANTED,"COTTON, UPLAND - PROGRESS, PREVIOUS YEAR, MEASURED IN PCT PLANTED",TOTAL,NOT SPECIFIED,NATIONAL,,99,US,US TOTAL,,,,,,,,0,,,9000,UNITED STATES,US TOTAL,2026,WEEKLY,17,17,WEEK #17,2026-04-26,2026-04-27 16:00:00.000,14,,progress_prev_planted,NATIONAL
SURVEY,CROPS,FIELD CROPS,COTTON,UPLAND,ALL PRODUCTION PRACTICES,ALL UTILIZATION PRACTICES,"PROGRESS, PREVIOUS YEAR",PCT PLANTED,"COTTON, UPLAND - PROGRESS, PREVIOUS YEAR, MEASURED IN PCT PLANTED",TOTAL,NOT SPECIFIED,NATIONAL,,99,US,US TOTAL,,,,,,,,0,,,9000,UNITED STATES,US TOTAL,2026,WEEKLY,18,18,WEEK #18,2026-05-03,2026-05-04 16:00:00.000,20,,progress_prev_planted,NATIONAL
SURVEY,CROPS,FIELD CROPS,COTTON,UPLAND,ALL PRODUCTION PRACTICES,ALL UTILIZATION PRACTICES,"PROGRESS, PREVIOUS YEAR",PCT PLANTED,"COTTON, UPLAND - PROGRESS, PREVIOUS YEAR, MEASURED IN PCT PLANTED",TOTAL,NOT SPECIFIED,NATIONAL,,99,US,US TOTAL,,,,,,,,0,,,9000,UNITED STATES,US TOTAL,2026,WEEKLY,19,19,WEEK #19,2026-05-10,2026-05-11 16:00:00.000,27,,progress_prev_planted,NATIONAL
SURVEY,CROPS,FIELD CROPS,COTTON,UPLAND,ALL PRODUCTION PRACTICES,ALL UTILIZATION PRACTICES,"PROGRESS, PREVIOUS YEAR",PCT PLANTED,"COTTON, UPLAND - PROGRESS, PREVIOUS YEAR, MEASURED IN PCT PLANTED",TOTAL,NOT SPECIFIED,NATIONAL,,99,US,US TOTAL,,,,,,,,0,,,9000,UNITED STATES,US TOTAL,2026,WEEKLY,20,20,WEEK #20,2026-05-17,2026-05-18 16:00:00.000,38,,progress_prev_planted,NATIONAL
SURVEY,CROPS,FIELD CROPS,COTTON,UPLAND,ALL PRODUCTION PRACTICES,ALL UTILIZATION PRACTICES,"PROGRESS, PREVIOUS YEAR",PCT PLANTED,"COTTON, UPLAND - PROGRESS, PREVIOUS YEAR, MEASURED IN PCT PLANTED",TOTAL,NOT SPECIFIED,NATIONAL,,99,US,US TOTAL,,,,,,,,0,,,9000,UNITED STATES,US TOTAL,2026,WEEKLY,21,21,WEEK #21,2026-05-24,2026-05-26 16:00:00.000,50,,progress_prev_planted,NATIONAL
SURVEY,CROPS,FIELD CROPS,COTTON,UPLAND,ALL PRODUCTION PRACTICES,ALL UTILIZATION PRACTICES,"PROGRESS, PREVIOUS YEAR",PCT PLANTED,"COTTON, UPLAND - PROGRESS, PREVIOUS YEAR, MEASURED IN PCT PLANTED",TOTAL,NOT SPECIFIED,NATIONAL,,99,US,US TOTAL,,,,,,,,0,,,9000,UNITED STATES,US TOTAL,2026,WEEKLY,22,22,WEEK #22,2026-05-31,2026-06-01 16:00:00.000,64,,progress_prev_planted,NATIONAL
SURVEY,CROPS,FIELD CROPS,COTTON,UPLAND,ALL PRODUCTION PRACTICES,ALL UTILIZATION PRACTICES,"PROGRESS, PREVIOUS YEAR",PCT PLANTED,"COTTON, UPLAND - PROGRESS, PREVIOUS YEAR, MEASURED IN PCT PLANTED",TOTAL,NOT SPECIFIED,STATE,1.0,1,AL,ALABAMA,,,,,,,,0,,,9000,UNITED STATES,ALABAMA,2026,WEEKLY,14,14,WEEK #14,2026-04-05,2026-04-06 16:00:00.000,0,,progress_prev_planted,STATE
SURVEY,CROPS,FIELD CROPS,COTTON,UPLAND,ALL PRODUCTION PRACTICES,ALL UTILIZATION PRACTICES,"PROGRESS, PREVIOUS YEAR",PCT PLANTED,"COTTON, UPLAND - PROGRESS, PREVIOUS YEAR, MEASURED IN PCT PLANTED",TOTAL,NOT SPECIFIED,STATE,1.0,1,AL,ALABAMA,,,,,,,,0,,,9000,UNITED STATES,ALABAMA,2026,WEEKLY,15,15,WEEK #15,2026-04-12,2026-04-13 16:00:00.000,2,,progress_prev_planted,STATE
SURVEY,CROPS,FIELD CROPS,COTTON,UPLAND,ALL PRODUCTION PRACTICES,ALL UTILIZATION PRACTICES,"PROGRESS, PREVIOUS YEAR",PCT PLANTED,"COTTON, UPLAND - PROGRESS, PREVIOUS YEAR, MEASURED IN PCT PLANTED",TOTAL,NOT SPECIFIED,STATE,1.0,1,AL,ALABAMA,,,,,,,,0,,,9000,UNITED STATES,ALABAMA,2026,WEEKLY,16,16,WEEK #16,2026-04-19,2026-04-20 16:00:00.000,5,,progress_prev_planted,STATE
SURVEY,CROPS,FIELD CROPS,COTTON,UPLAND,ALL PRODUCTION PRACTICES,ALL UTILIZATION PRACTICES,"PROGRESS, PREVIOUS YEAR",PCT PLANTED,"COTTON, UPLAND - PROGRESS, PREVIOUS YEAR, MEASURED IN PCT PLANTED",TOTAL,NOT SPECIFIED,STATE,1.0,1,AL,ALABAMA,,,,,,,,0,,,9000,UNITED STATES,ALABAMA,2026,WEEKLY,17,17,WEEK #17,2026-04-26,2026-04-27 16:00:00.000,11,,progress_prev_planted,STATE
SURVEY,CROPS,FIELD CROPS,COTTON,UPLAND,ALL PRODUCTION PRACTICES,ALL UTILIZATION PRACTICES,"PROGRESS, PREVIOUS YEAR",PCT PLANTED,"COTTON, UPLAND - PROGRESS, PREVIOUS YEAR, MEASURED IN PCT PLANTED",TOTAL,NOT SPECIFIED,STATE,1.0,1,AL,ALABAMA,,,,,,,,0,,,9000,UNITED STATES,ALABAMA,2026,WEEKLY,18,18,WEEK #18,2026-05-03,2026-05-04 16:00:00.000,18,,progress_prev_planted,STATE
SURVEY,CROPS,FIELD CROPS,COTTON,UPLAND,ALL PRODUCTION PRACTICES,ALL UTILIZATION PRACTICES,"PROGRESS, PREVIOUS YEAR",PCT PLANTED,"COTTON, UPLAND - PROGRESS, PREVIOUS YEAR, MEASURED IN PCT PLANTED",TOTAL,NOT SPECIFIED,STATE,1.0,1,AL,ALABAMA,,,,,,,,0,,,9000,UNITED STATES,ALABAMA,2026,WEEKLY,19,19,WEEK #19,2026-05-10,2026-05-11 16:00:00.000,28,,progress_prev_planted,STATE
SURVEY,CROPS,FIELD CROPS,COTTON,UPLAND,ALL PRODUCTION PRACTICES,ALL UTILIZATION PRACTICES,"PROGRESS, PREVIOUS YEAR",PCT PLANTED,"COTTON, UPLAND - PROGRESS, PREVIOUS YEAR, MEASURED IN PCT PLANTED",TOTAL,NOT SPECIFIED,STATE,1.0,1,AL,ALABAMA,,,,,,,,0,,,9000,UNITED STATES,ALABAMA,2026,WEEKLY,20,20,WEEK #20,2026-05-17,2026-05-18 16:00:00.000,40,,progress_prev_planted,STATE
SURVEY,CROPS,FIELD CROPS,COTTON,UPLAND,ALL PRODUCTION PRACTICES,ALL UTILIZATION PRACTICES,"PROGRESS, PREVIOUS YEAR",PCT PLANTED,"COTTON, UPLAND - PROGRESS, PREVIOUS YEAR, MEASURED IN PCT PLANTED",TOTAL,NOT SPECIFIED,STATE,1.0,1,AL,ALABAMA,,,,,,,,0,,,9000,UNITED STATES,ALABAMA,2026,WEEKLY,21,21,WEEK #21,2026-05-24,2026-05-26 16:00:00.000,53,,progress_prev_planted,STATE
SURVEY,CROPS,FIELD CROPS,COTTON,UPLAND,ALL PRODUCTION PRACTICES,ALL UTILIZATION PRACTICES,"PROGRESS, PREVIOUS YEAR",PCT PLANTED,"COTTON, UPLAND - PROGRESS, PREVIOUS YEAR, MEASURED IN PCT PLANTED",TOTAL,NOT SPECIFIED,STATE,1.0,1,AL,ALABAMA,,,,,,,,0,,,9000,UNITED STATES,ALABAMA,2026,WEEKLY,22,22,WEEK #22,2026-05-31,2026-06-01 16:00:00.000,65,,progress_prev_planted,STATE
SURVEY,CROPS,FIELD CROPS,COTTON,UPLAND,ALL PRODUCTION PRACTICES,ALL UTILIZATION PRACTICES,"PROGRESS, PREVIOUS YEAR",PCT PLANTED,"COTTON, UPLAND - PROGRESS, PREVIOUS YEAR, MEASURED IN PCT PLANTED",TOTAL,NOT SPECIFIED,STATE,4.0,4,AZ,ARIZONA,,,,,,,,0,,,9000,UNITED STATES,ARIZONA,2026,WEEKLY,11,11,WEEK #11,2026-03-15,2026-03-16 16:00:00.000,5,,progress_prev_planted,STATE
SURVEY,CROPS,FIELD CROPS,COTTON,UPLAND,ALL PRODUCTION PRACTICES,ALL UTILIZATION PRACTICES,"PROGRESS, PREVIOUS YEAR",PCT PLANTED,"COTTON, UPLAND - PROGRESS, PREVIOUS YEAR, MEASURED IN PCT PLANTED",TOTAL,NOT SPECIFIED,STATE,4.0,4,AZ,ARIZONA,,,,,,,,0,,,9000,UNITED STATES,ARIZONA,2026,WEEKLY,12,12,WEEK #12,2026-03-22,2026-03-23 16:00:00.000,7,,progress_prev_planted,STATE
SURVEY,CROPS,FIELD CROPS,COTTON,UPLAND,ALL PRODUCTION PRACTICES,ALL UTILIZATION PRACTICES,"PROGRESS, PREVIOUS YEAR",PCT PLANTED,"COTTON, UPLAND - PROGRESS, PREVIOUS YEAR, MEASURED IN PCT PLANTED",TOTAL,NOT SPECIFIED,STATE,4.0,4,AZ,ARIZONA,,,,,,,,0,,,9000,UNITED STATES,ARIZONA,2026,WEEKLY,13,13,WEEK #13,2026-03-29,2026-03-30 16:00:00.000,11,,progress_prev_planted,STATE
SURVEY,CROPS,FIELD CROPS,COTTON,UPLAND,ALL PRODUCTION PRACTICES,ALL UTILIZATION PRACTICES,"PROGRESS, PREVIOUS YEAR",PCT PLANTED,"COTTON, UPLAND - PROGRESS, PREVIOUS YEAR, MEASURED IN PCT PLANTED",TOTAL,NOT SPECIFIED,STATE,4.0,4,AZ,ARIZONA,,,,,,,,0,,,9000,UNITED STATES,ARIZONA,2026,WEEKLY,14,14,WEEK #14,2026-04-05,2026-04-06 16:00:00.000,13,,progress_prev_planted,STATE
SURVEY,CROPS,FIELD CROPS,COTTON,UPLAND,ALL PRODUCTION PRACTICES,ALL UTILIZATION PRACTICES,"PROGRESS, PREVIOUS YEAR",PCT PLANTED,"COTTON, UPLAND - PROGRESS, PREVIOUS YEAR, MEASURED IN PCT PLANTED",TOTAL,NOT SPECIFIED,STATE,4.0,4,AZ,ARIZONA,,,,,,,,0,,,9000,UNITED STATES,ARIZONA,2026,WEEKLY,15,15,WEEK #15,2026-04-12,2026-04-13 16:00:00.000,27,,progress_prev_planted,STATE
SURVEY,CROPS,FIELD CROPS,COTTON,UPLAND,ALL PRODUCTION PRACTICES,ALL UTILIZATION PRACTICES,"PROGRESS, PREVIOUS YEAR",PCT PLANTED,"COTTON, UPLAND - PROGRESS, PREVIOUS YEAR, MEASURED IN PCT PLANTED",TOTAL,NOT SPECIFIED,STATE,4.0,4,AZ,ARIZONA,,,,,,,,0,,,9000,UNITED STATES,ARIZONA,2026,WEEKLY,16,16,WEEK #16,2026-04-19,2026-04-20 16:00:00.000,39,,progress_prev_planted,STATE
SURVEY,CROPS,FIELD CROPS,COTTON,UPLAND,ALL PRODUCTION PRACTICES,ALL UTILIZATION PRACTICES,"PROGRESS, PREVIOUS YEAR",PCT PLANTED,"COTTON, UPLAND - PROGRESS, PREVIOUS YEAR, MEASURED IN PCT PLANTED",TOTAL,NOT SPECIFIED,STATE,4.0,4,AZ,ARIZONA,,,,,,,,0,,,9000,UNITED STATES,ARIZONA,2026,WEEKLY,17,17,WEEK #17,2026-04-26,2026-04-27 16:00:00.000,43,,progress_prev_planted,STATE
SURVEY,CROPS,FIELD CROPS,COTTON,UPLAND,ALL PRODUCTION PRACTICES,ALL UTILIZATION PRACTICES,"PROGRESS, PREVIOUS YEAR",PCT PLANTED,"COTTON, UPLAND - PROGRESS, PREVIOUS YEAR, MEASURED IN PCT PLANTED",TOTAL,NOT SPECIFIED,STATE,4.0,4,AZ,ARIZONA,,,,,,,,0,,,9000,UNITED STATES,ARIZONA,2026,WEEKLY,18,18,WEEK #18,2026-05-03,2026-05-04 16:00:00.000,59,,progress_prev_planted,STATE
SURVEY,CROPS,FIELD CROPS,COTTON,UPLAND,ALL PRODUCTION PRACTICES,ALL UTILIZATION PRACTICES,"PROGRESS, PREVIOUS YEAR",PCT PLANTED,"COTTON, UPLAND - PROGRESS, PREVIOUS YEAR, MEASURED IN PCT PLANTED",TOTAL,NOT SPECIFIED,STATE,4.0,4,AZ,ARIZONA,,,,,,,,0,,,9000,UNITED STATES,ARIZONA,2026,WEEKLY,19,19,WEEK #19,2026-05-10,2026-05-11 16:00:00.000,82,,progress_prev_planted,STATE
SURVEY,CROPS,FIELD CROPS,COTTON,UPLAND,ALL PRODUCTION PRACTICES,ALL UTILIZATION PRACTICES,"PROGRESS, PREVIOUS YEAR",PCT PLANTED,"COTTON, UPLAND - PROGRESS, PREVIOUS YEAR, MEASURED IN PCT PLANTED",TOTAL,NOT SPECIFIED,STATE,4.0,4,AZ,ARIZONA,,,,,,,,0,,,9000,UNITED STATES,ARIZONA,2026,WEEKLY,20,20,WEEK #20,2026-05-17,2026-05-18 16:00:00.000,94,,progress_prev_planted,STATE
SURVEY,CROPS,FIELD CROPS,COTTON,UPLAND,ALL PRODUCTION PRACTICES,ALL UTILIZATION PRACTICES,"PROGRESS, PREVIOUS YEAR",PCT PLANTED,"COTTON, UPLAND - PROGRESS, PREVIOUS YEAR, MEASURED IN PCT PLANTED",TOTAL,NOT SPECIFIED,STATE,4.0,4,AZ,ARIZONA,,,,,,,,0,,,9000,UNITED STATES,ARIZONA,2026,WEEKLY,21,21,WEEK #21,2026-05-24,2026-05-26 16:00:00.000,98,,progress_prev_planted,STATE
SURVEY,CROPS,FIELD CROPS,COTTON,UPLAND,ALL PRODUCTION PRACTICES,ALL UTILIZATION PRACTICES,"PROGRESS, PREVIOUS YEAR",PCT PLANTED,"COTTON, UPLAND - PROGRESS, PREVIOUS YEAR, MEASURED IN PCT PLANTED",TOTAL,NOT SPECIFIED,STATE,4.0,4,AZ,ARIZONA,,,,,,,,0,,,9000,UNITED STATES,ARIZONA,2026,WEEKLY,22,22,WEEK #22,2026-05-31,2026-06-01 16:00:00.000,99,,progress_prev_planted,STATE
SURVEY,CROPS,FIELD CROPS,COTTON,UPLAND,ALL PRODUCTION PRACTICES,ALL UTILIZATION PRACTICES,"PROGRESS, PREVIOUS YEAR",PCT PLANTED,"COTTON, UPLAND - PROGRESS, PREVIOUS YEAR, MEASURED IN PCT PLANTED",TOTAL,NOT SPECIFIED,STATE,5.0,5,AR,ARKANSAS,,,,,,,,0,,,9000,UNITED STATES,ARKANSAS,2026,WEEKLY,14,14,WEEK #14,2026-04-05,2026-04-06 16:00:00.000,0,,progress_prev_planted,STATE
SURVEY,CROPS,FIELD CROPS,COTTON,UPLAND,ALL PRODUCTION PRACTICES,ALL UTILIZATION PRACTICES,"PROGRESS, PREVIOUS YEAR",PCT PLANTED,"COTTON, UPLAND - PROGRESS, PREVIOUS YEAR, MEASURED IN PCT PLANTED",TOTAL,NOT SPECIFIED,STATE,5.0,5,AR,ARKANSAS,,,,,,,,0,,,9000,UNITED STATES,ARKANSAS,2026,WEEKLY,15,15,WEEK #15,2026-04-12,2026-04-13 16:00:00.000,0,,progress_prev_planted,STATE
SURVEY,CROPS,FIELD CROPS,COTTON,UPLAND,ALL PRODUCTION PRACTICES,ALL UTILIZATION PRACTICES,"PROGRESS, PREVIOUS YEAR",PCT PLANTED,"COTTON, UPLAND - PROGRESS, PREVIOUS YEAR, MEASURED IN PCT PLANTED",TOTAL,NOT SPECIFIED,STATE,5.0,5,AR,ARKANSAS,,,,,,,,0,,,9000,UNITED STATES,ARKANSAS,2026,WEEKLY,16,16,WEEK #16,2026-04-19,2026-04-20 16:00:00.000,2,,progress_prev_planted,STATE
SURVEY,CROPS,FIELD CROPS,COTTON,UPLAND,ALL PRODUCTION PRACTICES,ALL UTILIZATION PRACTICES,"PROGRESS, PREVIOUS YEAR",PCT PLANTED,"COTTON, UPLAND - PROGRESS, PREVIOUS YEAR, MEASURED IN PCT PLANTED",TOTAL,NOT SPECIFIED,STATE,5.0,5,AR,ARKANSAS,,,,,,,,0,,,9000,UNITED STATES,ARKANSAS,2026,WEEKLY,17,17,WEEK #17,2026-04-26,2026-04-27 16:00:00.000,5,,progress_prev_planted,STATE
SURVEY,CROPS,FIELD CROPS,COTTON,UPLAND,ALL PRODUCTION PRACTICES,ALL UTILIZATION PRACTICES,"PROGRESS, PREVIOUS YEAR",PCT PLANTED,"COTTON, UPLAND - PROGRESS, PREVIOUS YEAR, MEASURED IN PCT PLANTED",TOTAL,NOT SPECIFIED,STATE,5.0,5,AR,ARKANSAS,,,,,,,,0,,,9000,UNITED STATES,ARKANSAS,2026,WEEKLY,18,18,WEEK #18,2026-05-03,2026-05-04 16:00:00.000,12,,progress_prev_planted,STATE
SURVEY,CROPS,FIELD CROPS,COTTON,UPLAND,ALL PRODUCTION PRACTICES,ALL UTILIZATION PRACTICES,"PROGRESS, PREVIOUS YEAR",PCT PLANTED,"COTTON, UPLAND - PROGRESS, PREVIOUS YEAR, MEASURED IN PCT PLANTED",TOTAL,NOT SPECIFIED,STATE,5.0,5,AR,ARKANSAS,,,,,,,,0,,,9000,UNITED STATES,ARKANSAS,2026,WEEKLY,19,19,WEEK #19,2026-05-10,2026-05-11 16:00:00.000,33,,progress_prev_planted,STATE
SURVEY,CROPS,FIELD CROPS,COTTON,UPLAND,ALL PRODUCTION PRACTICES,ALL UTILIZATION PRACTICES,"PROGRESS, PREVIOUS YEAR",PCT PLANTED,"COTTON, UPLAND - PROGRESS, PREVIOUS YEAR, MEASURED IN PCT PLANTED",TOTAL,NOT SPECIFIED,STATE,5.0,5,AR,ARKANSAS,,,,,,,,0,,,9000,UNITED STATES,ARKANSAS,2026,WEEKLY,20,20,WEEK #20,2026-05-17,2026-05-18 16:00:00.000,57,,progress_prev_planted,STATE
SURVEY,CROPS,FIELD CROPS,COTTON,UPLAND,ALL PRODUCTION PRACTICES,ALL UTILIZATION PRACTICES,"PROGRESS, PREVIOUS YEAR",PCT PLANTED,"COTTON, UPLAND - PROGRESS, PREVIOUS YEAR, MEASURED IN PCT PLANTED",TOTAL,NOT SPECIFIED,STATE,5.0,5,AR,ARKANSAS,,,,,,,,0,,,9000,UNITED STATES,ARKANSAS,2026,WEEKLY,21,21,WEEK #21,2026-05-24,2026-05-26 16:00:00.000,72,,progress_prev_planted,STATE
SURVEY,CROPS,FIELD CROPS,COTTON,UPLAND,ALL PRODUCTION PRACTICES,ALL UTILIZATION PRACTICES,"PROGRESS, PREVIOUS YEAR",PCT PLANTED,"COTTON, UPLAND - PROGRESS, PREVIOUS YEAR, MEASURED IN PCT PLANTED",TOTAL,NOT SPECIFIED,STATE,5.0,5,AR,ARKANSAS,,,,,,,,0,,,9000,UNITED STATES,ARKANSAS,2026,WEEKLY,22,22,WEEK #22,2026-05-31,2026-06-01 16:00:00.000,83,,progress_prev_planted,STATE
SURVEY,CROPS,FIELD CROPS,COTTON,UPLAND,ALL PRODUCTION PRACTICES,ALL UTILIZATION PRACTICES,"PROGRESS, PREVIOUS YEAR",PCT PLANTED,"COTTON, UPLAND - PROGRESS, PREVIOUS YEAR, MEASURED IN PCT PLANTED",TOTAL,NOT SPECIFIED,STATE,6.0,6,CA,CALIFORNIA,,,,,,,,0,,,9000,UNITED STATES,CALIFORNIA,2026,WEEKLY,14,14,WEEK #14,2026-04-05,2026-04-06 16:00:00.000,0,,progress_prev_planted,STATE
SURVEY,CROPS,FIELD CROPS,COTTON,UPLAND,ALL PRODUCTION PRACTICES,ALL UTILIZATION PRACTICES,"PROGRESS, PREVIOUS YEAR",PCT PLANTED,"COTTON, UPLAND - PROGRESS, PREVIOUS YEAR, MEASURED IN PCT PLANTED",TOTAL,NOT SPECIFIED,STATE,6.0,6,CA,CALIFORNIA,,,,,,,,0,,,9000,UNITED STATES,CALIFORNIA,2026,WEEKLY,15,15,WEEK #15,2026-04-12,2026-04-13 16:00:00.000,9,,progress_prev_planted,STATE
SURVEY,CROPS,FIELD CROPS,COTTON,UPLAND,ALL PRODUCTION PRACTICES,ALL UTILIZATION PRACTICES,"PROGRESS, PREVIOUS YEAR",PCT PLANTED,"COTTON, UPLAND - PROGRESS, PREVIOUS YEAR, MEASURED IN PCT PLANTED",TOTAL,NOT SPECIFIED,STATE,6.0,6,CA,CALIFORNIA,,,,,,,,0,,,9000,UNITED STATES,CALIFORNIA,2026,WEEKLY,16,16,WEEK #16,2026-04-19,2026-04-20 16:00:00.000,27,,progress_prev_planted,STATE
SURVEY,CROPS,FIELD CROPS,COTTON,UPLAND,ALL PRODUCTION PRACTICES,ALL UTILIZATION PRACTICES,"PROGRESS, PREVIOUS YEAR",PCT PLANTED,"COTTON, UPLAND - PROGRESS, PREVIOUS YEAR, MEASURED IN PCT PLANTED",TOTAL,NOT SPECIFIED,STATE,6.0,6,CA,CALIFORNIA,,,,,,,,0,,,9000,UNITED STATES,CALIFORNIA,2026,WEEKLY,17,17,WEEK #17,2026-04-26,2026-04-27 16:00:00.000,47,,progress_prev_planted,STATE
SURVEY,CROPS,FIELD CROPS,COTTON,UPLAND,ALL PRODUCTION PRACTICES,ALL UTILIZATION PRACTICES,"PROGRESS, PREVIOUS YEAR",PCT PLANTED,"COTTON, UPLAND - PROGRESS, PREVIOUS YEAR, MEASURED IN PCT PLANTED",TOTAL,NOT SPECIFIED,STATE,6.0,6,CA,CALIFORNIA,,,,,,,,0,,,9000,UNITED STATES,CALIFORNIA,2026,WEEKLY,18,18,WEEK #18,2026-05-03,2026-05-04 16:00:00.000,63,,progress_prev_planted,STATE
SURVEY,CROPS,FIELD CROPS,COTTON,UPLAND,ALL PRODUCTION PRACTICES,ALL UTILIZATION PRACTICES,"PROGRESS, PREVIOUS YEAR",PCT PLANTED,"COTTON, UPLAND - PROGRESS, PREVIOUS YEAR, MEASURED IN PCT PLANTED",TOTAL,NOT SPECIFIED,STATE,6.0,6,CA,CALIFORNIA,,,,,,,,0,,,9000,UNITED STATES,CALIFORNIA,2026,WEEKLY,19,19,WEEK #19,2026-05-10,2026-05-11 16:00:00.000,74,,progress_prev_planted,STATE
SURVEY,CROPS,FIELD CROPS,COTTON,UPLAND,ALL PRODUCTION PRACTICES,ALL UTILIZATION PRACTICES,"PROGRESS, PREVIOUS YEAR",PCT PLANTED,"COTTON, UPLAND - PROGRESS, PREVIOUS YEAR, MEASURED IN PCT PLANTED",TOTAL,NOT SPECIFIED,STATE,6.0,6,CA,CALIFORNIA,,,,,,,,0,,,9000,UNITED STATES,CALIFORNIA,2026,WEEKLY,20,20,WEEK #20,2026-05-17,2026-05-18 16:00:00.000,79,,progress_prev_planted,STATE
SURVEY,CROPS,FIELD CROPS,COTTON,UPLAND,ALL PRODUCTION PRACTICES,ALL UTILIZATION PRACTICES,"PROGRESS, PREVIOUS YEAR",PCT PLANTED,"COTTON, UPLAND - PROGRESS, PREVIOUS YEAR, MEASURED IN PCT PLANTED",TOTAL,NOT SPECIFIED,STATE,6.0,6,CA,CALIFORNIA,,,,,,,,0,,,9000,UNITED STATES,CALIFORNIA,2026,WEEKLY,21,21,WEEK #21,2026-05-24,2026-05-26 16:00:00.000,89,,progress_prev_planted,STATE
SURVEY,CROPS,FIELD CROPS,COTTON,UPLAND,ALL PRODUCTION PRACTICES,ALL UTILIZATION PRACTICES,"PROGRESS, PREVIOUS YEAR",PCT PLANTED,"COTTON, UPLAND - PROGRESS, PREVIOUS YEAR, MEASURED IN PCT PLANTED",TOTAL,NOT SPECIFIED,STATE,6.0,6,CA,CALIFORNIA,,,,,,,,0,,,9000,UNITED STATES,CALIFORNIA,2026,WEEKLY,22,22,WEEK #22,2026-05-31,2026-06-01 16:00:00.000,99,,progress_prev_planted,STATE
SURVEY,CROPS,FIELD CROPS,COTTON,UPLAND,ALL PRODUCTION PRACTICES,ALL UTILIZATION PRACTICES,"PROGRESS, PREVIOUS YEAR",PCT PLANTED,"COTTON, UPLAND - PROGRESS, PREVIOUS YEAR, MEASURED IN PCT PLANTED",TOTAL,NOT SPECIFIED,STATE,12.0,12,FL,FLORIDA,,,,,,,,0,,,9000,UNITED STATES,FLORIDA,2026,WEEKLY,14,14,WEEK #14,2026-04-05,2026-04-06 16:00:00.000,0,,progress_prev_planted,STATE
SURVEY,CROPS,FIELD CROPS,COTTON,UPLAND,ALL PRODUCTION PRACTICES,ALL UTILIZATION PRACTICES,"PROGRESS, PREVIOUS YEAR",PCT PLANTED,"COTTON, UPLAND - PROGRESS, PREVIOUS YEAR, MEASURED IN PCT PLANTED",TOTAL,NOT SPECIFIED,STATE,12.0,12,FL,FLORIDA,,,,,,,,0,,,9000,UNITED STATES,FLORIDA,2026,WEEKLY,15,15,WEEK #15,2026-04-12,2026-04-13 16:00:00.000,0,,progress_prev_planted,STATE
SURVEY,CROPS,FIELD CROPS,COTTON,UPLAND,ALL PRODUCTION PRACTICES,ALL UTILIZATION PRACTICES,"PROGRESS, PREVIOUS YEAR",PCT PLANTED,"COTTON, UPLAND - PROGRESS, PREVIOUS YEAR, MEASURED IN PCT PLANTED",TOTAL,NOT SPECIFIED,STATE,12.0,12,FL,FLORIDA,,,,,,,,0,,,9000,UNITED STATES,FLORIDA,2026,WEEKLY,16,16,WEEK #16,2026-04-19,2026-04-20 16:00:00.000,8,,progress_prev_planted,STATE
SURVEY,CROPS,FIELD CROPS,COTTON,UPLAND,ALL PRODUCTION PRACTICES,ALL UTILIZATION PRACTICES,"PROGRESS, PREVIOUS YEAR",PCT PLANTED,"COTTON, UPLAND - PROGRESS, PREVIOUS YEAR, MEASURED IN PCT PLANTED",TOTAL,NOT SPECIFIED,STATE,12.0,12,FL,FLORIDA,,,,,,,,0,,,9000,UNITED STATES,FLORIDA,2026,WEEKLY,17,17,WEEK #17,2026-04-26,2026-04-27 16:00:00.000,18,,progress_prev_planted,STATE
SURVEY,CROPS,FIELD CROPS,COTTON,UPLAND,ALL PRODUCTION PRACTICES,ALL UTILIZATION PRACTICES,"PROGRESS, PREVIOUS YEAR",PCT PLANTED,"COTTON, UPLAND - PROGRESS, PREVIOUS YEAR, MEASURED IN PCT PLANTED",TOTAL,NOT SPECIFIED,STATE,12.0,12,FL,FLORIDA,,,,,,,,0,,,9000,UNITED STATES,FLORIDA,2026,WEEKLY,18,18,WEEK #18,2026-05-03,2026-05-04 16:00:00.000,29,,progress_prev_planted,STATE
SURVEY,CROPS,FIELD CROPS,COTTON,UPLAND,ALL PRODUCTION PRACTICES,ALL UTILIZATION PRACTICES,"PROGRESS, PREVIOUS YEAR",PCT PLANTED,"COTTON, UPLAND - PROGRESS, PREVIOUS YEAR, MEASURED IN PCT PLANTED",TOTAL,NOT SPECIFIED,STATE,12.0,12,FL,FLORIDA,,,,,,,,0,,,9000,UNITED STATES,FLORIDA,2026,WEEKLY,19,19,WEEK #19,2026-05-10,2026-05-11 16:00:00.000,36,,progress_prev_planted,STATE
SURVEY,CROPS,FIELD CROPS,COTTON,UPLAND,ALL PRODUCTION PRACTICES,ALL UTILIZATION PRACTICES,"PROGRESS, PREVIOUS YEAR",PCT PLANTED,"COTTON, UPLAND - PROGRESS, PREVIOUS YEAR, MEASURED IN PCT PLANTED",TOTAL,NOT SPECIFIED,STATE,12.0,12,FL,FLORIDA,,,,,,,,0,,,9000,UNITED STATES,FLORIDA,2026,WEEKLY,20,20,WEEK #20,2026-05-17,2026-05-18 16:00:00.000,44,,progress_prev_planted,STATE
SURVEY,CROPS,FIELD CROPS,COTTON,UPLAND,ALL PRODUCTION PRACTICES,ALL UTILIZATION PRACTICES,"PROGRESS, PREVIOUS YEAR",PCT PLANTED,"COTTON, UPLAND - PROGRESS, PREVIOUS YEAR, MEASURED IN PCT PLANTED",TOTAL,NOT SPECIFIED,STATE,12.0,12,FL,FLORIDA,,,,,,,,0,,,9000,UNITED STATES,FLORIDA,2026,WEEKLY,21,21,WEEK #21,2026-05-24,2026-05-26 16:00:00.000,61,,progress_prev_planted,STATE
SURVEY,CROPS,FIELD CROPS,COTTON,UPLAND,ALL PRODUCTION PRACTICES,ALL UTILIZATION PRACTICES,"PROGRESS, PREVIOUS YEAR",PCT PLANTED,"COTTON, UPLAND - PROGRESS, PREVIOUS YEAR, MEASURED IN PCT PLANTED",TOTAL,NOT SPECIFIED,STATE,12.0,12,FL,FLORIDA,,,,,,,,0,,,9000,UNITED STATES,FLORIDA,2026,WEEKLY,22,22,WEEK #22,2026-05-31,2026-06-01 16:00:00.000,79,,progress_prev_planted,STATE
SURVEY,CROPS,FIELD CROPS,COTTON,UPLAND,ALL PRODUCTION PRACTICES,ALL UTILIZATION PRACTICES,"PROGRESS, PREVIOUS YEAR",PCT PLANTED,"COTTON, UPLAND - PROGRESS, PREVIOUS YEAR, MEASURED IN PCT PLANTED",TOTAL,NOT SPECIFIED,STATE,13.0,13,GA,GEORGIA,,,,,,,,0,,,9000,UNITED STATES,GEORGIA,2026,WEEKLY,14,14,WEEK #14,2026-04-05,2026-04-06 16:00:00.000,0,,progress_prev_planted,STATE
SURVEY,CROPS,FIELD CROPS,COTTON,UPLAND,ALL PRODUCTION PRACTICES,ALL UTILIZATION PRACTICES,"PROGRESS, PREVIOUS YEAR",PCT PLANTED,"COTTON, UPLAND - PROGRESS, PREVIOUS YEAR, MEASURED IN PCT PLANTED",TOTAL,NOT SPECIFIED,STATE,13.0,13,GA,GEORGIA,,,,,,,,0,,,9000,UNITED STATES,GEORGIA,2026,WEEKLY,15,15,WEEK #15,2026-04-12,2026-04-13 16:00:00.000,1,,progress_prev_planted,STATE
SURVEY,CROPS,FIELD CROPS,COTTON,UPLAND,ALL PRODUCTION PRACTICES,ALL UTILIZATION PRACTICES,"PROGRESS, PREVIOUS YEAR",PCT PLANTED,"COTTON, UPLAND - PROGRESS, PREVIOUS YEAR, MEASURED IN PCT PLANTED",TOTAL,NOT SPECIFIED,STATE,13.0,13,GA,GEORGIA,,,,,,,,0,,,9000,UNITED STATES,GEORGIA,2026,WEEKLY,16,16,WEEK #16,2026-04-19,2026-04-20 16:00:00.000,3,,progress_prev_planted,STATE
SURVEY,CROPS,FIELD CROPS,COTTON,UPLAND,ALL PRODUCTION PRACTICES,ALL UTILIZATION PRACTICES,"PROGRESS, PREVIOUS YEAR",PCT PLANTED,"COTTON, UPLAND - PROGRESS, PREVIOUS YEAR, MEASURED IN PCT PLANTED",TOTAL,NOT SPECIFIED,STATE,13.0,13,GA,GEORGIA,,,,,,,,0,,,9000,UNITED STATES,GEORGIA,2026,WEEKLY,17,17,WEEK #17,2026-04-26,2026-04-27 16:00:00.000,6,,progress_prev_planted,STATE
SURVEY,CROPS,FIELD CROPS,COTTON,UPLAND,ALL PRODUCTION PRACTICES,ALL UTILIZATION PRACTICES,"PROGRESS, PREVIOUS YEAR",PCT PLANTED,"COTTON, UPLAND - PROGRESS, PREVIOUS YEAR, MEASURED IN PCT PLANTED",TOTAL,NOT SPECIFIED,STATE,13.0,13,GA,GEORGIA,,,,,,,,0,,,9000,UNITED STATES,GEORGIA,2026,WEEKLY,18,18,WEEK #18,2026-05-03,2026-05-04 16:00:00.000,12,,progress_prev_planted,STATE
SURVEY,CROPS,FIELD CROPS,COTTON,UPLAND,ALL PRODUCTION PRACTICES,ALL UTILIZATION PRACTICES,"PROGRESS, PREVIOUS YEAR",PCT PLANTED,"COTTON, UPLAND - PROGRESS, PREVIOUS YEAR, MEASURED IN PCT PLANTED",TOTAL,NOT SPECIFIED,STATE,13.0,13,GA,GEORGIA,,,,,,,,0,,,9000,UNITED STATES,GEORGIA,2026,WEEKLY,19,19,WEEK #19,2026-05-10,2026-05-11 16:00:00.000,22,,progress_prev_planted,STATE
SURVEY,CROPS,FIELD CROPS,COTTON,UPLAND,ALL PRODUCTION PRACTICES,ALL UTILIZATION PRACTICES,"PROGRESS, PREVIOUS YEAR",PCT PLANTED,"COTTON, UPLAND - PROGRESS, PREVIOUS YEAR, MEASURED IN PCT PLANTED",TOTAL,NOT SPECIFIED,STATE,13.0,13,GA,GEORGIA,,,,,,,,0,,,9000,UNITED STATES,GEORGIA,2026,WEEKLY,20,20,WEEK #20,2026-05-17,2026-05-18 16:00:00.000,39,,progress_prev_planted,STATE
SURVEY,CROPS,FIELD CROPS,COTTON,UPLAND,ALL PRODUCTION PRACTICES,ALL UTILIZATION PRACTICES,"PROGRESS, PREVIOUS YEAR",PCT PLANTED,"COTTON, UPLAND - PROGRESS, PREVIOUS YEAR, MEASURED IN PCT PLANTED",TOTAL,NOT SPECIFIED,STATE,13.0,13,GA,GEORGIA,,,,,,,,0,,,9000,UNITED STATES,GEORGIA,2026,WEEKLY,21,21,WEEK #21,2026-05-24,2026-05-26 16:00:00.000,56,,progress_prev_planted,STATE
SURVEY,CROPS,FIELD CROPS,COTTON,UPLAND,ALL PRODUCTION PRACTICES,ALL UTILIZATION PRACTICES,"PROGRESS, PREVIOUS YEAR",PCT PLANTED,"COTTON, UPLAND - PROGRESS, PREVIOUS YEAR, MEASURED IN PCT PLANTED",TOTAL,NOT SPECIFIED,STATE,13.0,13,GA,GEORGIA,,,,,,,,0,,,9000,UNITED STATES,GEORGIA,2026,WEEKLY,22,22,WEEK #22,2026-05-31,2026-06-01 16:00:00.000,72,,progress_prev_planted,STATE
SURVEY,CROPS,FIELD CROPS,COTTON,UPLAND,ALL PRODUCTION PRACTICES,ALL UTILIZATION PRACTICES,"PROGRESS, PREVIOUS YEAR",PCT PLANTED,"COTTON, UPLAND - PROGRESS, PREVIOUS YEAR, MEASURED IN PCT PLANTED",TOTAL,NOT SPECIFIED,STATE,20.0,20,KS,KANSAS,,,,,,,,0,,,9000,UNITED STATES,KANSAS,2026,WEEKLY,14,14,WEEK #14,2026-04-05,2026-04-06 16:00:00.000,0,,progress_prev_planted,STATE
SURVEY,CROPS,FIELD CROPS,COTTON,UPLAND,ALL PRODUCTION PRACTICES,ALL UTILIZATION PRACTICES,"PROGRESS, PREVIOUS YEAR",PCT PLANTED,"COTTON, UPLAND - PROGRESS, PREVIOUS YEAR, MEASURED IN PCT PLANTED",TOTAL,NOT SPECIFIED,STATE,20.0,20,KS,KANSAS,,,,,,,,0,,,9000,UNITED STATES,KANSAS,2026,WEEKLY,15,15,WEEK #15,2026-04-12,2026-04-13 16:00:00.000,0,,progress_prev_planted,STATE
SURVEY,CROPS,FIELD CROPS,COTTON,UPLAND,ALL PRODUCTION PRACTICES,ALL UTILIZATION PRACTICES,"PROGRESS, PREVIOUS YEAR",PCT PLANTED,"COTTON, UPLAND - PROGRESS, PREVIOUS YEAR, MEASURED IN PCT PLANTED",TOTAL,NOT SPECIFIED,STATE,20.0,20,KS,KANSAS,,,,,,,,0,,,9000,UNITED STATES,KANSAS,2026,WEEKLY,16,16,WEEK #16,2026-04-19,2026-04-20 16:00:00.000,0,,progress_prev_planted,STATE
SURVEY,CROPS,FIELD CROPS,COTTON,UPLAND,ALL PRODUCTION PRACTICES,ALL UTILIZATION PRACTICES,"PROGRESS, PREVIOUS YEAR",PCT PLANTED,"COTTON, UPLAND - PROGRESS, PREVIOUS YEAR, MEASURED IN PCT PLANTED",TOTAL,NOT SPECIFIED,STATE,20.0,20,KS,KANSAS,,,,,,,,0,,,9000,UNITED STATES,KANSAS,2026,WEEKLY,17,17,WEEK #17,2026-04-26,2026-04-27 16:00:00.000,0,,progress_prev_planted,STATE
SURVEY,CROPS,FIELD CROPS,COTTON,UPLAND,ALL PRODUCTION PRACTICES,ALL UTILIZATION PRACTICES,"PROGRESS, PREVIOUS YEAR",PCT PLANTED,"COTTON, UPLAND - PROGRESS, PREVIOUS YEAR, MEASURED IN PCT PLANTED",TOTAL,NOT SPECIFIED,STATE,20.0,20,KS,KANSAS,,,,,,,,0,,,9000,UNITED STATES,KANSAS,2026,WEEKLY,18,18,WEEK #18,2026-05-03,2026-05-04 16:00:00.000,0,,progress_prev_planted,STATE
SURVEY,CROPS,FIELD CROPS,COTTON,UPLAND,ALL PRODUCTION PRACTICES,ALL UTILIZATION PRACTICES,"PROGRESS, PREVIOUS YEAR",PCT PLANTED,"COTTON, UPLAND - PROGRESS, PREVIOUS YEAR, MEASURED IN PCT PLANTED",TOTAL,NOT SPECIFIED,STATE,20.0,20,KS,KANSAS,,,,,,,,0,,,9000,UNITED STATES,KANSAS,2026,WEEKLY,19,19,WEEK #19,2026-05-10,2026-05-11 16:00:00.000,4,,progress_prev_planted,STATE
SURVEY,CROPS,FIELD CROPS,COTTON,UPLAND,ALL PRODUCTION PRACTICES,ALL UTILIZATION PRACTICES,"PROGRESS, PREVIOUS YEAR",PCT PLANTED,"COTTON, UPLAND - PROGRESS, PREVIOUS YEAR, MEASURED IN PCT PLANTED",TOTAL,NOT SPECIFIED,STATE,20.0,20,KS,KANSAS,,,,,,,,0,,,9000,UNITED STATES,KANSAS,2026,WEEKLY,20,20,WEEK #20,2026-05-17,2026-05-18 16:00:00.000,42,,progress_prev_planted,STATE
SURVEY,CROPS,FIELD CROPS,COTTON,UPLAND,ALL PRODUCTION PRACTICES,ALL UTILIZATION PRACTICES,"PROGRESS, PREVIOUS YEAR",PCT PLANTED,"COTTON, UPLAND - PROGRESS, PREVIOUS YEAR, MEASURED IN PCT PLANTED",TOTAL,NOT SPECIFIED,STATE,20.0,20,KS,KANSAS,,,,,,,,0,,,9000,UNITED STATES,KANSAS,2026,WEEKLY,21,21,WEEK #21,2026-05-24,2026-05-26 16:00:00.000,70,,progress_prev_planted,STATE
SURVEY,CROPS,FIELD CROPS,COTTON,UPLAND,ALL PRODUCTION PRACTICES,ALL UTILIZATION PRACTICES,"PROGRESS, PREVIOUS YEAR",PCT PLANTED,"COTTON, UPLAND - PROGRESS, PREVIOUS YEAR, MEASURED IN PCT PLANTED",TOTAL,NOT SPECIFIED,STATE,20.0,20,KS,KANSAS,,,,,,,,0,,,9000,UNITED STATES,KANSAS,2026,WEEKLY,22,22,WEEK #22,2026-05-31,2026-06-01 16:00:00.000,81,,progress_prev_planted,STATE
SURVEY,CROPS,FIELD CROPS,COTTON,UPLAND,ALL PRODUCTION PRACTICES,ALL UTILIZATION PRACTICES,"PROGRESS, PREVIOUS YEAR",PCT PLANTED,"COTTON, UPLAND - PROGRESS, PREVIOUS YEAR, MEASURED IN PCT PLANTED",TOTAL,NOT SPECIFIED,STATE,22.0,22,LA,LOUISIANA,,,,,,,,0,,,9000,UNITED STATES,LOUISIANA,2026,WEEKLY,14,14,WEEK #14,2026-04-05,2026-04-06 16:00:00.000,0,,progress_prev_planted,STATE
SURVEY,CROPS,FIELD CROPS,COTTON,UPLAND,ALL PRODUCTION PRACTICES,ALL UTILIZATION PRACTICES,"PROGRESS, PREVIOUS YEAR",PCT PLANTED,"COTTON, UPLAND - PROGRESS, PREVIOUS YEAR, MEASURED IN PCT PLANTED",TOTAL,NOT SPECIFIED,STATE,22.0,22,LA,LOUISIANA,,,,,,,,0,,,9000,UNITED STATES,LOUISIANA,2026,WEEKLY,15,15,WEEK #15,2026-04-12,2026-04-13 16:00:00.000,0,,progress_prev_planted,STATE
SURVEY,CROPS,FIELD CROPS,COTTON,UPLAND,ALL PRODUCTION PRACTICES,ALL UTILIZATION PRACTICES,"PROGRESS, PREVIOUS YEAR",PCT PLANTED,"COTTON, UPLAND - PROGRESS, PREVIOUS YEAR, MEASURED IN PCT PLANTED",TOTAL,NOT SPECIFIED,STATE,22.0,22,LA,LOUISIANA,,,,,,,,0,,,9000,UNITED STATES,LOUISIANA,2026,WEEKLY,16,16,WEEK #16,2026-04-19,2026-04-20 16:00:00.000,2,,progress_prev_planted,STATE
SURVEY,CROPS,FIELD CROPS,COTTON,UPLAND,ALL PRODUCTION PRACTICES,ALL UTILIZATION PRACTICES,"PROGRESS, PREVIOUS YEAR",PCT PLANTED,"COTTON, UPLAND - PROGRESS, PREVIOUS YEAR, MEASURED IN PCT PLANTED",TOTAL,NOT SPECIFIED,STATE,22.0,22,LA,LOUISIANA,,,,,,,,0,,,9000,UNITED STATES,LOUISIANA,2026,WEEKLY,17,17,WEEK #17,2026-04-26,2026-04-27 16:00:00.000,7,,progress_prev_planted,STATE
SURVEY,CROPS,FIELD CROPS,COTTON,UPLAND,ALL PRODUCTION PRACTICES,ALL UTILIZATION PRACTICES,"PROGRESS, PREVIOUS YEAR",PCT PLANTED,"COTTON, UPLAND - PROGRESS, PREVIOUS YEAR, MEASURED IN PCT PLANTED",TOTAL,NOT SPECIFIED,STATE,22.0,22,LA,LOUISIANA,,,,,,,,0,,,9000,UNITED STATES,LOUISIANA,2026,WEEKLY,18,18,WEEK #18,2026-05-03,2026-05-04 16:00:00.000,17,,progress_prev_planted,STATE
SURVEY,CROPS,FIELD CROPS,COTTON,UPLAND,ALL PRODUCTION PRACTICES,ALL UTILIZATION PRACTICES,"PROGRESS, PREVIOUS YEAR",PCT PLANTED,"COTTON, UPLAND - PROGRESS, PREVIOUS YEAR, MEASURED IN PCT PLANTED",TOTAL,NOT SPECIFIED,STATE,22.0,22,LA,LOUISIANA,,,,,,,,0,,,9000,UNITED STATES,LOUISIANA,2026,WEEKLY,19,19,WEEK #19,2026-05-10,2026-05-11 16:00:00.000,33,,progress_prev_planted,STATE
SURVEY,CROPS,FIELD CROPS,COTTON,UPLAND,ALL PRODUCTION PRACTICES,ALL UTILIZATION PRACTICES,"PROGRESS, PREVIOUS YEAR",PCT PLANTED,"COTTON, UPLAND - PROGRESS, PREVIOUS YEAR, MEASURED IN PCT PLANTED",TOTAL,NOT SPECIFIED,STATE,22.0,22,LA,LOUISIANA,,,,,,,,0,,,9000,UNITED STATES,LOUISIANA,2026,WEEKLY,20,20,WEEK #20,2026-05-17,2026-05-18 16:00:00.000,55,,progress_prev_planted,STATE
SURVEY,CROPS,FIELD CROPS,COTTON,UPLAND,ALL PRODUCTION PRACTICES,ALL UTILIZATION PRACTICES,"PROGRESS, PREVIOUS YEAR",PCT PLANTED,"COTTON, UPLAND - PROGRESS, PREVIOUS YEAR, MEASURED IN PCT PLANTED",TOTAL,NOT SPECIFIED,STATE,22.0,22,LA,LOUISIANA,,,,,,,,0,,,9000,UNITED STATES,LOUISIANA,2026,WEEKLY,21,21,WEEK #21,2026-05-24,2026-05-26 16:00:00.000,77,,progress_prev_planted,STATE
SURVEY,CROPS,FIELD CROPS,COTTON,UPLAND,ALL PRODUCTION PRACTICES,ALL UTILIZATION PRACTICES,"PROGRESS, PREVIOUS YEAR",PCT PLANTED,"COTTON, UPLAND - PROGRESS, PREVIOUS YEAR, MEASURED IN PCT PLANTED",TOTAL,NOT SPECIFIED,STATE,22.0,22,LA,LOUISIANA,,,,,,,,0,,,9000,UNITED STATES,LOUISIANA,2026,WEEKLY,22,22,WEEK #22,2026-05-31,2026-06-01 16:00:00.000,87,,progress_prev_planted,STATE
SURVEY,CROPS,FIELD CROPS,COTTON,UPLAND,ALL PRODUCTION PRACTICES,ALL UTILIZATION PRACTICES,"PROGRESS, PREVIOUS YEAR",PCT PLANTED,"COTTON, UPLAND - PROGRESS, PREVIOUS YEAR, MEASURED IN PCT PLANTED",TOTAL,NOT SPECIFIED,STATE,28.0,28,MS,MISSISSIPPI,,,,,,,,0,,,9000,UNITED STATES,MISSISSIPPI,2026,WEEKLY,14,14,WEEK #14,2026-04-05,2026-04-06 16:00:00.000,0,,progress_prev_planted,STATE
SURVEY,CROPS,FIELD CROPS,COTTON,UPLAND,ALL PRODUCTION PRACTICES,ALL UTILIZATION PRACTICES,"PROGRESS, PREVIOUS YEAR",PCT PLANTED,"COTTON, UPLAND - PROGRESS, PREVIOUS YEAR, MEASURED IN PCT PLANTED",TOTAL,NOT SPECIFIED,STATE,28.0,28,MS,MISSISSIPPI,,,,,,,,0,,,9000,UNITED STATES,MISSISSIPPI,2026,WEEKLY,15,15,WEEK #15,2026-04-12,2026-04-13 16:00:00.000,0,,progress_prev_planted,STATE
SURVEY,CROPS,FIELD CROPS,COTTON,UPLAND,ALL PRODUCTION PRACTICES,ALL UTILIZATION PRACTICES,"PROGRESS, PREVIOUS YEAR",PCT PLANTED,"COTTON, UPLAND - PROGRESS, PREVIOUS YEAR, MEASURED IN PCT PLANTED",TOTAL,NOT SPECIFIED,STATE,28.0,28,MS,MISSISSIPPI,,,,,,,,0,,,9000,UNITED STATES,MISSISSIPPI,2026,WEEKLY,16,16,WEEK #16,2026-04-19,2026-04-20 16:00:00.000,1,,progress_prev_planted,STATE
SURVEY,CROPS,FIELD CROPS,COTTON,UPLAND,ALL PRODUCTION PRACTICES,ALL UTILIZATION PRACTICES,"PROGRESS, PREVIOUS YEAR",PCT PLANTED,"COTTON, UPLAND - PROGRESS, PREVIOUS YEAR, MEASURED IN PCT PLANTED",TOTAL,NOT SPECIFIED,STATE,28.0,28,MS,MISSISSIPPI,,,,,,,,0,,,9000,UNITED STATES,MISSISSIPPI,2026,WEEKLY,17,17,WEEK #17,2026-04-26,2026-04-27 16:00:00.000,4,,progress_prev_planted,STATE
SURVEY,CROPS,FIELD CROPS,COTTON,UPLAND,ALL PRODUCTION PRACTICES,ALL UTILIZATION PRACTICES,"PROGRESS, PREVIOUS YEAR",PCT PLANTED,"COTTON, UPLAND - PROGRESS, PREVIOUS YEAR, MEASURED IN PCT PLANTED",TOTAL,NOT SPECIFIED,STATE,28.0,28,MS,MISSISSIPPI,,,,,,,,0,,,9000,UNITED STATES,MISSISSIPPI,2026,WEEKLY,18,18,WEEK #18,2026-05-03,2026-05-04 16:00:00.000,16,,progress_prev_planted,STATE
SURVEY,CROPS,FIELD CROPS,COTTON,UPLAND,ALL PRODUCTION PRACTICES,ALL UTILIZATION PRACTICES,"PROGRESS, PREVIOUS YEAR",PCT PLANTED,"COTTON, UPLAND - PROGRESS, PREVIOUS YEAR, MEASURED IN PCT PLANTED",TOTAL,NOT SPECIFIED,STATE,28.0,28,MS,MISSISSIPPI,,,,,,,,0,,,9000,UNITED STATES,MISSISSIPPI,2026,WEEKLY,19,19,WEEK #19,2026-05-10,2026-05-11 16:00:00.000,24,,progress_prev_planted,STATE
SURVEY,CROPS,FIELD CROPS,COTTON,UPLAND,ALL PRODUCTION PRACTICES,ALL UTILIZATION PRACTICES,"PROGRESS, PREVIOUS YEAR",PCT PLANTED,"COTTON, UPLAND - PROGRESS, PREVIOUS YEAR, MEASURED IN PCT PLANTED",TOTAL,NOT SPECIFIED,STATE,28.0,28,MS,MISSISSIPPI,,,,,,,,0,,,9000,UNITED STATES,MISSISSIPPI,2026,WEEKLY,20,20,WEEK #20,2026-05-17,2026-05-18 16:00:00.000,30,,progress_prev_planted,STATE
SURVEY,CROPS,FIELD CROPS,COTTON,UPLAND,ALL PRODUCTION PRACTICES,ALL UTILIZATION PRACTICES,"PROGRESS, PREVIOUS YEAR",PCT PLANTED,"COTTON, UPLAND - PROGRESS, PREVIOUS YEAR, MEASURED IN PCT PLANTED",TOTAL,NOT SPECIFIED,STATE,28.0,28,MS,MISSISSIPPI,,,,,,,,0,,,9000,UNITED STATES,MISSISSIPPI,2026,WEEKLY,21,21,WEEK #21,2026-05-24,2026-05-26 16:00:00.000,41,,progress_prev_planted,STATE
SURVEY,CROPS,FIELD CROPS,COTTON,UPLAND,ALL PRODUCTION PRACTICES,ALL UTILIZATION PRACTICES,"PROGRESS, PREVIOUS YEAR",PCT PLANTED,"COTTON, UPLAND - PROGRESS, PREVIOUS YEAR, MEASURED IN PCT PLANTED",TOTAL,NOT SPECIFIED,STATE,28.0,28,MS,MISSISSIPPI,,,,,,,,0,,,9000,UNITED STATES,MISSISSIPPI,2026,WEEKLY,22,22,WEEK #22,2026-05-31,2026-06-01 16:00:00.000,52,,progress_prev_planted,STATE
SURVEY,CROPS,FIELD CROPS,COTTON,UPLAND,ALL PRODUCTION PRACTICES,ALL UTILIZATION PRACTICES,"PROGRESS, PREVIOUS YEAR",PCT PLANTED,"COTTON, UPLAND - PROGRESS, PREVIOUS YEAR, MEASURED IN PCT PLANTED",TOTAL,NOT SPECIFIED,STATE,29.0,29,MO,MISSOURI,,,,,,,,0,,,9000,UNITED STATES,MISSOURI,2026,WEEKLY,14,14,WEEK #14,2026-04-05,2026-04-06 16:00:00.000,0,,progress_prev_planted,STATE
SURVEY,CROPS,FIELD CROPS,COTTON,UPLAND,ALL PRODUCTION PRACTICES,ALL UTILIZATION PRACTICES,"PROGRESS, PREVIOUS YEAR",PCT PLANTED,"COTTON, UPLAND - PROGRESS, PREVIOUS YEAR, MEASURED IN PCT PLANTED",TOTAL,NOT SPECIFIED,STATE,29.0,29,MO,MISSOURI,,,,,,,,0,,,9000,UNITED STATES,MISSOURI,2026,WEEKLY,15,15,WEEK #15,2026-04-12,2026-04-13 16:00:00.000,1,,progress_prev_planted,STATE
SURVEY,CROPS,FIELD CROPS,COTTON,UPLAND,ALL PRODUCTION PRACTICES,ALL UTILIZATION PRACTICES,"PROGRESS, PREVIOUS YEAR",PCT PLANTED,"COTTON, UPLAND - PROGRESS, PREVIOUS YEAR, MEASURED IN PCT PLANTED",TOTAL,NOT SPECIFIED,STATE,29.0,29,MO,MISSOURI,,,,,,,,0,,,9000,UNITED STATES,MISSOURI,2026,WEEKLY,16,16,WEEK #16,2026-04-19,2026-04-20 16:00:00.000,2,,progress_prev_planted,STATE
SURVEY,CROPS,FIELD CROPS,COTTON,UPLAND,ALL PRODUCTION PRACTICES,ALL UTILIZATION PRACTICES,"PROGRESS, PREVIOUS YEAR",PCT PLANTED,"COTTON, UPLAND - PROGRESS, PREVIOUS YEAR, MEASURED IN PCT PLANTED",TOTAL,NOT SPECIFIED,STATE,29.0,29,MO,MISSOURI,,,,,,,,0,,,9000,UNITED STATES,MISSOURI,2026,WEEKLY,17,17,WEEK #17,2026-04-26,2026-04-27 16:00:00.000,5,,progress_prev_planted,STATE
SURVEY,CROPS,FIELD CROPS,COTTON,UPLAND,ALL PRODUCTION PRACTICES,ALL UTILIZATION PRACTICES,"PROGRESS, PREVIOUS YEAR",PCT PLANTED,"COTTON, UPLAND - PROGRESS, PREVIOUS YEAR, MEASURED IN PCT PLANTED",TOTAL,NOT SPECIFIED,STATE,29.0,29,MO,MISSOURI,,,,,,,,0,,,9000,UNITED STATES,MISSOURI,2026,WEEKLY,18,18,WEEK #18,2026-05-03,2026-05-04 16:00:00.000,15,,progress_prev_planted,STATE
SURVEY,CROPS,FIELD CROPS,COTTON,UPLAND,ALL PRODUCTION PRACTICES,ALL UTILIZATION PRACTICES,"PROGRESS, PREVIOUS YEAR",PCT PLANTED,"COTTON, UPLAND - PROGRESS, PREVIOUS YEAR, MEASURED IN PCT PLANTED",TOTAL,NOT SPECIFIED,STATE,29.0,29,MO,MISSOURI,,,,,,,,0,,,9000,UNITED STATES,MISSOURI,2026,WEEKLY,19,19,WEEK #19,2026-05-10,2026-05-11 16:00:00.000,49,,progress_prev_planted,STATE
SURVEY,CROPS,FIELD CROPS,COTTON,UPLAND,ALL PRODUCTION PRACTICES,ALL UTILIZATION PRACTICES,"PROGRESS, PREVIOUS YEAR",PCT PLANTED,"COTTON, UPLAND - PROGRESS, PREVIOUS YEAR, MEASURED IN PCT PLANTED",TOTAL,NOT SPECIFIED,STATE,29.0,29,MO,MISSOURI,,,,,,,,0,,,9000,UNITED STATES,MISSOURI,2026,WEEKLY,20,20,WEEK #20,2026-05-17,2026-05-18 16:00:00.000,64,,progress_prev_planted,STATE
SURVEY,CROPS,FIELD CROPS,COTTON,UPLAND,ALL PRODUCTION PRACTICES,ALL UTILIZATION PRACTICES,"PROGRESS, PREVIOUS YEAR",PCT PLANTED,"COTTON, UPLAND - PROGRESS, PREVIOUS YEAR, MEASURED IN PCT PLANTED",TOTAL,NOT SPECIFIED,STATE,29.0,29,MO,MISSOURI,,,,,,,,0,,,9000,UNITED STATES,MISSOURI,2026,WEEKLY,21,21,WEEK #21,2026-05-24,2026-05-26 16:00:00.000,71,,progress_prev_planted,STATE
SURVEY,CROPS,FIELD CROPS,COTTON,UPLAND,ALL PRODUCTION PRACTICES,ALL UTILIZATION PRACTICES,"PROGRESS, PREVIOUS YEAR",PCT PLANTED,"COTTON, UPLAND - PROGRESS, PREVIOUS YEAR, MEASURED IN PCT PLANTED",TOTAL,NOT SPECIFIED,STATE,29.0,29,MO,MISSOURI,,,,,,,,0,,,9000,UNITED STATES,MISSOURI,2026,WEEKLY,22,22,WEEK #22,2026-05-31,2026-06-01 16:00:00.000,93,,progress_prev_planted,STATE
SURVEY,CROPS,FIELD CROPS,COTTON,UPLAND,ALL PRODUCTION PRACTICES,ALL UTILIZATION PRACTICES,"PROGRESS, PREVIOUS YEAR",PCT PLANTED,"COTTON, UPLAND - PROGRESS, PREVIOUS YEAR, MEASURED IN PCT PLANTED",TOTAL,NOT SPECIFIED,STATE,35.0,35,NM,NEW MEXICO,,,,,,,,0,,,9000,UNITED STATES,NEW MEXICO,2026,WEEKLY,15,15,WEEK #15,2026-04-12,2026-04-13 16:00:00.000,10,,progress_prev_planted,STATE
SURVEY,CROPS,FIELD CROPS,COTTON,UPLAND,ALL PRODUCTION PRACTICES,ALL UTILIZATION PRACTICES,"PROGRESS, PREVIOUS YEAR",PCT PLANTED,"COTTON, UPLAND - PROGRESS, PREVIOUS YEAR, MEASURED IN PCT PLANTED",TOTAL,NOT SPECIFIED,STATE,35.0,35,NM,NEW MEXICO,,,,,,,,0,,,9000,UNITED STATES,NEW MEXICO,2026,WEEKLY,16,16,WEEK #16,2026-04-19,2026-04-20 16:00:00.000,17,,progress_prev_planted,STATE
SURVEY,CROPS,FIELD CROPS,COTTON,UPLAND,ALL PRODUCTION PRACTICES,ALL UTILIZATION PRACTICES,"PROGRESS, PREVIOUS YEAR",PCT PLANTED,"COTTON, UPLAND - PROGRESS, PREVIOUS YEAR, MEASURED IN PCT PLANTED",TOTAL,NOT SPECIFIED,STATE,35.0,35,NM,NEW MEXICO,,,,,,,,0,,,9000,UNITED STATES,NEW MEXICO,2026,WEEKLY,17,17,WEEK #17,2026-04-26,2026-04-27 16:00:00.000,33,,progress_prev_planted,STATE
SURVEY,CROPS,FIELD CROPS,COTTON,UPLAND,ALL PRODUCTION PRACTICES,ALL UTILIZATION PRACTICES,"PROGRESS, PREVIOUS YEAR",PCT PLANTED,"COTTON, UPLAND - PROGRESS, PREVIOUS YEAR, MEASURED IN PCT PLANTED",TOTAL,NOT SPECIFIED,STATE,35.0,35,NM,NEW MEXICO,,,,,,,,0,,,9000,UNITED STATES,NEW MEXICO,2026,WEEKLY,18,18,WEEK #18,2026-05-03,2026-05-04 16:00:00.000,51,,progress_prev_planted,STATE
SURVEY,CROPS,FIELD CROPS,COTTON,UPLAND,ALL PRODUCTION PRACTICES,ALL UTILIZATION PRACTICES,"PROGRESS, PREVIOUS YEAR",PCT PLANTED,"COTTON, UPLAND - PROGRESS, PREVIOUS YEAR, MEASURED IN PCT PLANTED",TOTAL,NOT SPECIFIED,STATE,35.0,35,NM,NEW MEXICO,,,,,,,,0,,,9000,UNITED STATES,NEW MEXICO,2026,WEEKLY,19,19,WEEK #19,2026-05-10,2026-05-11 16:00:00.000,57,,progress_prev_planted,STATE
SURVEY,CROPS,FIELD CROPS,COTTON,UPLAND,ALL PRODUCTION PRACTICES,ALL UTILIZATION PRACTICES,"PROGRESS, PREVIOUS YEAR",PCT PLANTED,"COTTON, UPLAND - PROGRESS, PREVIOUS YEAR, MEASURED IN PCT PLANTED",TOTAL,NOT SPECIFIED,STATE,35.0,35,NM,NEW MEXICO,,,,,,,,0,,,9000,UNITED STATES,NEW MEXICO,2026,WEEKLY,20,20,WEEK #20,2026-05-17,2026-05-18 16:00:00.000,60,,progress_prev_planted,STATE
SURVEY,CROPS,FIELD CROPS,COTTON,UPLAND,ALL PRODUCTION PRACTICES,ALL UTILIZATION PRACTICES,"PROGRESS, PREVIOUS YEAR",PCT PLANTED,"COTTON, UPLAND - PROGRESS, PREVIOUS YEAR, MEASURED IN PCT PLANTED",TOTAL,NOT SPECIFIED,STATE,35.0,35,NM,NEW MEXICO,,,,,,,,0,,,9000,UNITED STATES,NEW MEXICO,2026,WEEKLY,21,21,WEEK #21,2026-05-24,2026-05-26 16:00:00.000,62,,progress_prev_planted,STATE
SURVEY,CROPS,FIELD CROPS,COTTON,UPLAND,ALL PRODUCTION PRACTICES,ALL UTILIZATION PRACTICES,"PROGRESS, PREVIOUS YEAR",PCT PLANTED,"COTTON, UPLAND - PROGRESS, PREVIOUS YEAR, MEASURED IN PCT PLANTED",TOTAL,NOT SPECIFIED,STATE,35.0,35,NM,NEW MEXICO,,,,,,,,0,,,9000,UNITED STATES,NEW MEXICO,2026,WEEKLY,22,22,WEEK #22,2026-05-31,2026-06-01 16:00:00.000,74,,progress_prev_planted,STATE
SURVEY,CROPS,FIELD CROPS,COTTON,UPLAND,ALL PRODUCTION PRACTICES,ALL UTILIZATION PRACTICES,"PROGRESS, PREVIOUS YEAR",PCT PLANTED,"COTTON, UPLAND - PROGRESS, PREVIOUS YEAR, MEASURED IN PCT PLANTED",TOTAL,NOT SPECIFIED,STATE,37.0,37,NC,NORTH CAROLINA,,,,,,,,0,,,9000,UNITED STATES,NORTH CAROLINA,2026,WEEKLY,14,14,WEEK #14,2026-04-05,2026-04-06 16:00:00.000,0,,progress_prev_planted,STATE
SURVEY,CROPS,FIELD CROPS,COTTON,UPLAND,ALL PRODUCTION PRACTICES,ALL UTILIZATION PRACTICES,"PROGRESS, PREVIOUS YEAR",PCT PLANTED,"COTTON, UPLAND - PROGRESS, PREVIOUS YEAR, MEASURED IN PCT PLANTED",TOTAL,NOT SPECIFIED,STATE,37.0,37,NC,NORTH CAROLINA,,,,,,,,0,,,9000,UNITED STATES,NORTH CAROLINA,2026,WEEKLY,15,15,WEEK #15,2026-04-12,2026-04-13 16:00:00.000,0,,progress_prev_planted,STATE
SURVEY,CROPS,FIELD CROPS,COTTON,UPLAND,ALL PRODUCTION PRACTICES,ALL UTILIZATION PRACTICES,"PROGRESS, PREVIOUS YEAR",PCT PLANTED,"COTTON, UPLAND - PROGRESS, PREVIOUS YEAR, MEASURED IN PCT PLANTED",TOTAL,NOT SPECIFIED,STATE,37.0,37,NC,NORTH CAROLINA,,,,,,,,0,,,9000,UNITED STATES,NORTH CAROLINA,2026,WEEKLY,16,16,WEEK #16,2026-04-19,2026-04-20 16:00:00.000,3,,progress_prev_planted,STATE
SURVEY,CROPS,FIELD CROPS,COTTON,UPLAND,ALL PRODUCTION PRACTICES,ALL UTILIZATION PRACTICES,"PROGRESS, PREVIOUS YEAR",PCT PLANTED,"COTTON, UPLAND - PROGRESS, PREVIOUS YEAR, MEASURED IN PCT PLANTED",TOTAL,NOT SPECIFIED,STATE,37.0,37,NC,NORTH CAROLINA,,,,,,,,0,,,9000,UNITED STATES,NORTH CAROLINA,2026,WEEKLY,17,17,WEEK #17,2026-04-26,2026-04-27 16:00:00.000,6,,progress_prev_planted,STATE
SURVEY,CROPS,FIELD CROPS,COTTON,UPLAND,ALL PRODUCTION PRACTICES,ALL UTILIZATION PRACTICES,"PROGRESS, PREVIOUS YEAR",PCT PLANTED,"COTTON, UPLAND - PROGRESS, PREVIOUS YEAR, MEASURED IN PCT PLANTED",TOTAL,NOT SPECIFIED,STATE,37.0,37,NC,NORTH CAROLINA,,,,,,,,0,,,9000,UNITED STATES,NORTH CAROLINA,2026,WEEKLY,18,18,WEEK #18,2026-05-03,2026-05-04 16:00:00.000,14,,progress_prev_planted,STATE
SURVEY,CROPS,FIELD CROPS,COTTON,UPLAND,ALL PRODUCTION PRACTICES,ALL UTILIZATION PRACTICES,"PROGRESS, PREVIOUS YEAR",PCT PLANTED,"COTTON, UPLAND - PROGRESS, PREVIOUS YEAR, MEASURED IN PCT PLANTED",TOTAL,NOT SPECIFIED,STATE,37.0,37,NC,NORTH CAROLINA,,,,,,,,0,,,9000,UNITED STATES,NORTH CAROLINA,2026,WEEKLY,19,19,WEEK #19,2026-05-10,2026-05-11 16:00:00.000,23,,progress_prev_planted,STATE
SURVEY,CROPS,FIELD CROPS,COTTON,UPLAND,ALL PRODUCTION PRACTICES,ALL UTILIZATION PRACTICES,"PROGRESS, PREVIOUS YEAR",PCT PLANTED,"COTTON, UPLAND - PROGRESS, PREVIOUS YEAR, MEASURED IN PCT PLANTED",TOTAL,NOT SPECIFIED,STATE,37.0,37,NC,NORTH CAROLINA,,,,,,,,0,,,9000,UNITED STATES,NORTH CAROLINA,2026,WEEKLY,20,20,WEEK #20,2026-05-17,2026-05-18 16:00:00.000,38,,progress_prev_planted,STATE
SURVEY,CROPS,FIELD CROPS,COTTON,UPLAND,ALL PRODUCTION PRACTICES,ALL UTILIZATION PRACTICES,"PROGRESS, PREVIOUS YEAR",PCT PLANTED,"COTTON, UPLAND - PROGRESS, PREVIOUS YEAR, MEASURED IN PCT PLANTED",TOTAL,NOT SPECIFIED,STATE,37.0,37,NC,NORTH CAROLINA,,,,,,,,0,,,9000,UNITED STATES,NORTH CAROLINA,2026,WEEKLY,21,21,WEEK #21,2026-05-24,2026-05-26 16:00:00.000,57,,progress_prev_planted,STATE
SURVEY,CROPS,FIELD CROPS,COTTON,UPLAND,ALL PRODUCTION PRACTICES,ALL UTILIZATION PRACTICES,"PROGRESS, PREVIOUS YEAR",PCT PLANTED,"COTTON, UPLAND - PROGRESS, PREVIOUS YEAR, MEASURED IN PCT PLANTED",TOTAL,NOT SPECIFIED,STATE,37.0,37,NC,NORTH CAROLINA,,,,,,,,0,,,9000,UNITED STATES,NORTH CAROLINA,2026,WEEKLY,22,22,WEEK #22,2026-05-31,2026-06-01 16:00:00.000,72,,progress_prev_planted,STATE
SURVEY,CROPS,FIELD CROPS,COTTON,UPLAND,ALL PRODUCTION PRACTICES,ALL UTILIZATION PRACTICES,"PROGRESS, PREVIOUS YEAR",PCT PLANTED,"COTTON, UPLAND - PROGRESS, PREVIOUS YEAR, MEASURED IN PCT PLANTED",TOTAL,NOT SPECIFIED,STATE,40.0,40,OK,OKLAHOMA,,,,,,,,0,,,9000,UNITED STATES,OKLAHOMA,2026,WEEKLY,14,14,WEEK #14,2026-04-05,2026-04-06 16:00:00.000,0,,progress_prev_planted,STATE
SURVEY,CROPS,FIELD CROPS,COTTON,UPLAND,ALL PRODUCTION PRACTICES,ALL UTILIZATION PRACTICES,"PROGRESS, PREVIOUS YEAR",PCT PLANTED,"COTTON, UPLAND - PROGRESS, PREVIOUS YEAR, MEASURED IN PCT PLANTED",TOTAL,NOT SPECIFIED,STATE,40.0,40,OK,OKLAHOMA,,,,,,,,0,,,9000,UNITED STATES,OKLAHOMA,2026,WEEKLY,15,15,WEEK #15,2026-04-12,2026-04-13 16:00:00.000,0,,progress_prev_planted,STATE
SURVEY,CROPS,FIELD CROPS,COTTON,UPLAND,ALL PRODUCTION PRACTICES,ALL UTILIZATION PRACTICES,"PROGRESS, PREVIOUS YEAR",PCT PLANTED,"COTTON, UPLAND - PROGRESS, PREVIOUS YEAR, MEASURED IN PCT PLANTED",TOTAL,NOT SPECIFIED,STATE,40.0,40,OK,OKLAHOMA,,,,,,,,0,,,9000,UNITED STATES,OKLAHOMA,2026,WEEKLY,16,16,WEEK #16,2026-04-19,2026-04-20 16:00:00.000,0,,progress_prev_planted,STATE
SURVEY,CROPS,FIELD CROPS,COTTON,UPLAND,ALL PRODUCTION PRACTICES,ALL UTILIZATION PRACTICES,"PROGRESS, PREVIOUS YEAR",PCT PLANTED,"COTTON, UPLAND - PROGRESS, PREVIOUS YEAR, MEASURED IN PCT PLANTED",TOTAL,NOT SPECIFIED,STATE,40.0,40,OK,OKLAHOMA,,,,,,,,0,,,9000,UNITED STATES,OKLAHOMA,2026,WEEKLY,17,17,WEEK #17,2026-04-26,2026-04-27 16:00:00.000,0,,progress_prev_planted,STATE
SURVEY,CROPS,FIELD CROPS,COTTON,UPLAND,ALL PRODUCTION PRACTICES,ALL UTILIZATION PRACTICES,"PROGRESS, PREVIOUS YEAR",PCT PLANTED,"COTTON, UPLAND - PROGRESS, PREVIOUS YEAR, MEASURED IN PCT PLANTED",TOTAL,NOT SPECIFIED,STATE,40.0,40,OK,OKLAHOMA,,,,,,,,0,,,9000,UNITED STATES,OKLAHOMA,2026,WEEKLY,18,18,WEEK #18,2026-05-03,2026-05-04 16:00:00.000,3,,progress_prev_planted,STATE
SURVEY,CROPS,FIELD CROPS,COTTON,UPLAND,ALL PRODUCTION PRACTICES,ALL UTILIZATION PRACTICES,"PROGRESS, PREVIOUS YEAR",PCT PLANTED,"COTTON, UPLAND - PROGRESS, PREVIOUS YEAR, MEASURED IN PCT PLANTED",TOTAL,NOT SPECIFIED,STATE,40.0,40,OK,OKLAHOMA,,,,,,,,0,,,9000,UNITED STATES,OKLAHOMA,2026,WEEKLY,19,19,WEEK #19,2026-05-10,2026-05-11 16:00:00.000,8,,progress_prev_planted,STATE
SURVEY,CROPS,FIELD CROPS,COTTON,UPLAND,ALL PRODUCTION PRACTICES,ALL UTILIZATION PRACTICES,"PROGRESS, PREVIOUS YEAR",PCT PLANTED,"COTTON, UPLAND - PROGRESS, PREVIOUS YEAR, MEASURED IN PCT PLANTED",TOTAL,NOT SPECIFIED,STATE,40.0,40,OK,OKLAHOMA,,,,,,,,0,,,9000,UNITED STATES,OKLAHOMA,2026,WEEKLY,20,20,WEEK #20,2026-05-17,2026-05-18 16:00:00.000,25,,progress_prev_planted,STATE
SURVEY,CROPS,FIELD CROPS,COTTON,UPLAND,ALL PRODUCTION PRACTICES,ALL UTILIZATION PRACTICES,"PROGRESS, PREVIOUS YEAR",PCT PLANTED,"COTTON, UPLAND - PROGRESS, PREVIOUS YEAR, MEASURED IN PCT PLANTED",TOTAL,NOT SPECIFIED,STATE,40.0,40,OK,OKLAHOMA,,,,,,,,0,,,9000,UNITED STATES,OKLAHOMA,2026,WEEKLY,21,21,WEEK #21,2026-05-24,2026-05-26 16:00:00.000,31,,progress_prev_planted,STATE
SURVEY,CROPS,FIELD CROPS,COTTON,UPLAND,ALL PRODUCTION PRACTICES,ALL UTILIZATION PRACTICES,"PROGRESS, PREVIOUS YEAR",PCT PLANTED,"COTTON, UPLAND - PROGRESS, PREVIOUS YEAR, MEASURED IN PCT PLANTED",TOTAL,NOT SPECIFIED,STATE,40.0,40,OK,OKLAHOMA,,,,,,,,0,,,9000,UNITED STATES,OKLAHOMA,2026,WEEKLY,22,22,WEEK #22,2026-05-31,2026-06-01 16:00:00.000,39,,progress_prev_planted,STATE
SURVEY,CROPS,FIELD CROPS,COTTON,UPLAND,ALL PRODUCTION PRACTICES,ALL UTILIZATION PRACTICES,"PROGRESS, PREVIOUS YEAR",PCT PLANTED,"COTTON, UPLAND - PROGRESS, PREVIOUS YEAR, MEASURED IN PCT PLANTED",TOTAL,NOT SPECIFIED,STATE,45.0,45,SC,SOUTH CAROLINA,,,,,,,,0,,,9000,UNITED STATES,SOUTH CAROLINA,2026,WEEKLY,14,14,WEEK #14,2026-04-05,2026-04-06 16:00:00.000,0,,progress_prev_planted,STATE
SURVEY,CROPS,FIELD CROPS,COTTON,UPLAND,ALL PRODUCTION PRACTICES,ALL UTILIZATION PRACTICES,"PROGRESS, PREVIOUS YEAR",PCT PLANTED,"COTTON, UPLAND - PROGRESS, PREVIOUS YEAR, MEASURED IN PCT PLANTED",TOTAL,NOT SPECIFIED,STATE,45.0,45,SC,SOUTH CAROLINA,,,,,,,,0,,,9000,UNITED STATES,SOUTH CAROLINA,2026,WEEKLY,15,15,WEEK #15,2026-04-12,2026-04-13 16:00:00.000,0,,progress_prev_planted,STATE
SURVEY,CROPS,FIELD CROPS,COTTON,UPLAND,ALL PRODUCTION PRACTICES,ALL UTILIZATION PRACTICES,"PROGRESS, PREVIOUS YEAR",PCT PLANTED,"COTTON, UPLAND - PROGRESS, PREVIOUS YEAR, MEASURED IN PCT PLANTED",TOTAL,NOT SPECIFIED,STATE,45.0,45,SC,SOUTH CAROLINA,,,,,,,,0,,,9000,UNITED STATES,SOUTH CAROLINA,2026,WEEKLY,16,16,WEEK #16,2026-04-19,2026-04-20 16:00:00.000,1,,progress_prev_planted,STATE
SURVEY,CROPS,FIELD CROPS,COTTON,UPLAND,ALL PRODUCTION PRACTICES,ALL UTILIZATION PRACTICES,"PROGRESS, PREVIOUS YEAR",PCT PLANTED,"COTTON, UPLAND - PROGRESS, PREVIOUS YEAR, MEASURED IN PCT PLANTED",TOTAL,NOT SPECIFIED,STATE,45.0,45,SC,SOUTH CAROLINA,,,,,,,,0,,,9000,UNITED STATES,SOUTH CAROLINA,2026,WEEKLY,17,17,WEEK #17,2026-04-26,2026-04-27 16:00:00.000,4,,progress_prev_planted,STATE
SURVEY,CROPS,FIELD CROPS,COTTON,UPLAND,ALL PRODUCTION PRACTICES,ALL UTILIZATION PRACTICES,"PROGRESS, PREVIOUS YEAR",PCT PLANTED,"COTTON, UPLAND - PROGRESS, PREVIOUS YEAR, MEASURED IN PCT PLANTED",TOTAL,NOT SPECIFIED,STATE,45.0,45,SC,SOUTH CAROLINA,,,,,,,,0,,,9000,UNITED STATES,SOUTH CAROLINA,2026,WEEKLY,18,18,WEEK #18,2026-05-03,2026-05-04 16:00:00.000,12,,progress_prev_planted,STATE
SURVEY,CROPS,FIELD CROPS,COTTON,UPLAND,ALL PRODUCTION PRACTICES,ALL UTILIZATION PRACTICES,"PROGRESS, PREVIOUS YEAR",PCT PLANTED,"COTTON, UPLAND - PROGRESS, PREVIOUS YEAR, MEASURED IN PCT PLANTED",TOTAL,NOT SPECIFIED,STATE,45.0,45,SC,SOUTH CAROLINA,,,,,,,,0,,,9000,UNITED STATES,SOUTH CAROLINA,2026,WEEKLY,19,19,WEEK #19,2026-05-10,2026-05-11 16:00:00.000,26,,progress_prev_planted,STATE
SURVEY,CROPS,FIELD CROPS,COTTON,UPLAND,ALL PRODUCTION PRACTICES,ALL UTILIZATION PRACTICES,"PROGRESS, PREVIOUS YEAR",PCT PLANTED,"COTTON, UPLAND - PROGRESS, PREVIOUS YEAR, MEASURED IN PCT PLANTED",TOTAL,NOT SPECIFIED,STATE,45.0,45,SC,SOUTH CAROLINA,,,,,,,,0,,,9000,UNITED STATES,SOUTH CAROLINA,2026,WEEKLY,20,20,WEEK #20,2026-05-17,2026-05-18 16:00:00.000,51,,progress_prev_planted,STATE
SURVEY,CROPS,FIELD CROPS,COTTON,UPLAND,ALL PRODUCTION PRACTICES,ALL UTILIZATION PRACTICES,"PROGRESS, PREVIOUS YEAR",PCT PLANTED,"COTTON, UPLAND - PROGRESS, PREVIOUS YEAR, MEASURED IN PCT PLANTED",TOTAL,NOT SPECIFIED,STATE,45.0,45,SC,SOUTH CAROLINA,,,,,,,,0,,,9000,UNITED STATES,SOUTH CAROLINA,2026,WEEKLY,21,21,WEEK #21,2026-05-24,2026-05-26 16:00:00.000,70,,progress_prev_planted,STATE
SURVEY,CROPS,FIELD CROPS,COTTON,UPLAND,ALL PRODUCTION PRACTICES,ALL UTILIZATION PRACTICES,"PROGRESS, PREVIOUS YEAR",PCT PLANTED,"COTTON, UPLAND - PROGRESS, PREVIOUS YEAR, MEASURED IN PCT PLANTED",TOTAL,NOT SPECIFIED,STATE,45.0,45,SC,SOUTH CAROLINA,,,,,,,,0,,,9000,UNITED STATES,SOUTH CAROLINA,2026,WEEKLY,22,22,WEEK #22,2026-05-31,2026-06-01 16:00:00.000,89,,progress_prev_planted,STATE
SURVEY,CROPS,FIELD CROPS,COTTON,UPLAND,ALL PRODUCTION PRACTICES,ALL UTILIZATION PRACTICES,"PROGRESS, PREVIOUS YEAR",PCT PLANTED,"COTTON, UPLAND - PROGRESS, PREVIOUS YEAR, MEASURED IN PCT PLANTED",TOTAL,NOT SPECIFIED,STATE,47.0,47,TN,TENNESSEE,,,,,,,,0,,,9000,UNITED STATES,TENNESSEE,2026,WEEKLY,14,14,WEEK #14,2026-04-05,2026-04-06 16:00:00.000,0,,progress_prev_planted,STATE
SURVEY,CROPS,FIELD CROPS,COTTON,UPLAND,ALL PRODUCTION PRACTICES,ALL UTILIZATION PRACTICES,"PROGRESS, PREVIOUS YEAR",PCT PLANTED,"COTTON, UPLAND - PROGRESS, PREVIOUS YEAR, MEASURED IN PCT PLANTED",TOTAL,NOT SPECIFIED,STATE,47.0,47,TN,TENNESSEE,,,,,,,,0,,,9000,UNITED STATES,TENNESSEE,2026,WEEKLY,15,15,WEEK #15,2026-04-12,2026-04-13 16:00:00.000,1,,progress_prev_planted,STATE
SURVEY,CROPS,FIELD CROPS,COTTON,UPLAND,ALL PRODUCTION PRACTICES,ALL UTILIZATION PRACTICES,"PROGRESS, PREVIOUS YEAR",PCT PLANTED,"COTTON, UPLAND - PROGRESS, PREVIOUS YEAR, MEASURED IN PCT PLANTED",TOTAL,NOT SPECIFIED,STATE,47.0,47,TN,TENNESSEE,,,,,,,,0,,,9000,UNITED STATES,TENNESSEE,2026,WEEKLY,16,16,WEEK #16,2026-04-19,2026-04-20 16:00:00.000,2,,progress_prev_planted,STATE
SURVEY,CROPS,FIELD CROPS,COTTON,UPLAND,ALL PRODUCTION PRACTICES,ALL UTILIZATION PRACTICES,"PROGRESS, PREVIOUS YEAR",PCT PLANTED,"COTTON, UPLAND - PROGRESS, PREVIOUS YEAR, MEASURED IN PCT PLANTED",TOTAL,NOT SPECIFIED,STATE,47.0,47,TN,TENNESSEE,,,,,,,,0,,,9000,UNITED STATES,TENNESSEE,2026,WEEKLY,17,17,WEEK #17,2026-04-26,2026-04-27 16:00:00.000,5,,progress_prev_planted,STATE
SURVEY,CROPS,FIELD CROPS,COTTON,UPLAND,ALL PRODUCTION PRACTICES,ALL UTILIZATION PRACTICES,"PROGRESS, PREVIOUS YEAR",PCT PLANTED,"COTTON, UPLAND - PROGRESS, PREVIOUS YEAR, MEASURED IN PCT PLANTED",TOTAL,NOT SPECIFIED,STATE,47.0,47,TN,TENNESSEE,,,,,,,,0,,,9000,UNITED STATES,TENNESSEE,2026,WEEKLY,18,18,WEEK #18,2026-05-03,2026-05-04 16:00:00.000,12,,progress_prev_planted,STATE
SURVEY,CROPS,FIELD CROPS,COTTON,UPLAND,ALL PRODUCTION PRACTICES,ALL UTILIZATION PRACTICES,"PROGRESS, PREVIOUS YEAR",PCT PLANTED,"COTTON, UPLAND - PROGRESS, PREVIOUS YEAR, MEASURED IN PCT PLANTED",TOTAL,NOT SPECIFIED,STATE,47.0,47,TN,TENNESSEE,,,,,,,,0,,,9000,UNITED STATES,TENNESSEE,2026,WEEKLY,19,19,WEEK #19,2026-05-10,2026-05-11 16:00:00.000,27,,progress_prev_planted,STATE
SURVEY,CROPS,FIELD CROPS,COTTON,UPLAND,ALL PRODUCTION PRACTICES,ALL UTILIZATION PRACTICES,"PROGRESS, PREVIOUS YEAR",PCT PLANTED,"COTTON, UPLAND - PROGRESS, PREVIOUS YEAR, MEASURED IN PCT PLANTED",TOTAL,NOT SPECIFIED,STATE,47.0,47,TN,TENNESSEE,,,,,,,,0,,,9000,UNITED STATES,TENNESSEE,2026,WEEKLY,20,20,WEEK #20,2026-05-17,2026-05-18 16:00:00.000,46,,progress_prev_planted,STATE
SURVEY,CROPS,FIELD CROPS,COTTON,UPLAND,ALL PRODUCTION PRACTICES,ALL UTILIZATION PRACTICES,"PROGRESS, PREVIOUS YEAR",PCT PLANTED,"COTTON, UPLAND - PROGRESS, PREVIOUS YEAR, MEASURED IN PCT PLANTED",TOTAL,NOT SPECIFIED,STATE,47.0,47,TN,TENNESSEE,,,,,,,,0,,,9000,UNITED STATES,TENNESSEE,2026,WEEKLY,21,21,WEEK #21,2026-05-24,2026-05-26 16:00:00.000,64,,progress_prev_planted,STATE
SURVEY,CROPS,FIELD CROPS,COTTON,UPLAND,ALL PRODUCTION PRACTICES,ALL UTILIZATION PRACTICES,"PROGRESS, PREVIOUS YEAR",PCT PLANTED,"COTTON, UPLAND - PROGRESS, PREVIOUS YEAR, MEASURED IN PCT PLANTED",TOTAL,NOT SPECIFIED,STATE,47.0,47,TN,TENNESSEE,,,,,,,,0,,,9000,UNITED STATES,TENNESSEE,2026,WEEKLY,22,22,WEEK #22,2026-05-31,2026-06-01 16:00:00.000,79,,progress_prev_planted,STATE
SURVEY,CROPS,FIELD CROPS,COTTON,UPLAND,ALL PRODUCTION PRACTICES,ALL UTILIZATION PRACTICES,"PROGRESS, PREVIOUS YEAR",PCT PLANTED,"COTTON, UPLAND - PROGRESS, PREVIOUS YEAR, MEASURED IN PCT PLANTED",TOTAL,NOT SPECIFIED,STATE,48.0,48,TX,TEXAS,,,,,,,,0,,,9000,UNITED STATES,TEXAS,2026,WEEKLY,13,13,WEEK #13,2026-03-29,2026-03-30 16:00:00.000,3,,progress_prev_planted,STATE
SURVEY,CROPS,FIELD CROPS,COTTON,UPLAND,ALL PRODUCTION PRACTICES,ALL UTILIZATION PRACTICES,"PROGRESS, PREVIOUS YEAR",PCT PLANTED,"COTTON, UPLAND - PROGRESS, PREVIOUS YEAR, MEASURED IN PCT PLANTED",TOTAL,NOT SPECIFIED,STATE,48.0,48,TX,TEXAS,,,,,,,,0,,,9000,UNITED STATES,TEXAS,2026,WEEKLY,14,14,WEEK #14,2026-04-05,2026-04-06 16:00:00.000,6,,progress_prev_planted,STATE
SURVEY,CROPS,FIELD CROPS,COTTON,UPLAND,ALL PRODUCTION PRACTICES,ALL UTILIZATION PRACTICES,"PROGRESS, PREVIOUS YEAR",PCT PLANTED,"COTTON, UPLAND - PROGRESS, PREVIOUS YEAR, MEASURED IN PCT PLANTED",TOTAL,NOT SPECIFIED,STATE,48.0,48,TX,TEXAS,,,,,,,,0,,,9000,UNITED STATES,TEXAS,2026,WEEKLY,15,15,WEEK #15,2026-04-12,2026-04-13 16:00:00.000,8,,progress_prev_planted,STATE
SURVEY,CROPS,FIELD CROPS,COTTON,UPLAND,ALL PRODUCTION PRACTICES,ALL UTILIZATION PRACTICES,"PROGRESS, PREVIOUS YEAR",PCT PLANTED,"COTTON, UPLAND - PROGRESS, PREVIOUS YEAR, MEASURED IN PCT PLANTED",TOTAL,NOT SPECIFIED,STATE,48.0,48,TX,TEXAS,,,,,,,,0,,,9000,UNITED STATES,TEXAS,2026,WEEKLY,16,16,WEEK #16,2026-04-19,2026-04-20 16:00:00.000,15,,progress_prev_planted,STATE
SURVEY,CROPS,FIELD CROPS,COTTON,UPLAND,ALL PRODUCTION PRACTICES,ALL UTILIZATION PRACTICES,"PROGRESS, PREVIOUS YEAR",PCT PLANTED,"COTTON, UPLAND - PROGRESS, PREVIOUS YEAR, MEASURED IN PCT PLANTED",TOTAL,NOT SPECIFIED,STATE,48.0,48,TX,TEXAS,,,,,,,,0,,,9000,UNITED STATES,TEXAS,2026,WEEKLY,17,17,WEEK #17,2026-04-26,2026-04-27 16:00:00.000,20,,progress_prev_planted,STATE
SURVEY,CROPS,FIELD CROPS,COTTON,UPLAND,ALL PRODUCTION PRACTICES,ALL UTILIZATION PRACTICES,"PROGRESS, PREVIOUS YEAR",PCT PLANTED,"COTTON, UPLAND - PROGRESS, PREVIOUS YEAR, MEASURED IN PCT PLANTED",TOTAL,NOT SPECIFIED,STATE,48.0,48,TX,TEXAS,,,,,,,,0,,,9000,UNITED STATES,TEXAS,2026,WEEKLY,18,18,WEEK #18,2026-05-03,2026-05-04 16:00:00.000,24,,progress_prev_planted,STATE
SURVEY,CROPS,FIELD CROPS,COTTON,UPLAND,ALL PRODUCTION PRACTICES,ALL UTILIZATION PRACTICES,"PROGRESS, PREVIOUS YEAR",PCT PLANTED,"COTTON, UPLAND - PROGRESS, PREVIOUS YEAR, MEASURED IN PCT PLANTED",TOTAL,NOT SPECIFIED,STATE,48.0,48,TX,TEXAS,,,,,,,,0,,,9000,UNITED STATES,TEXAS,2026,WEEKLY,19,19,WEEK #19,2026-05-10,2026-05-11 16:00:00.000,27,,progress_prev_planted,STATE
SURVEY,CROPS,FIELD CROPS,COTTON,UPLAND,ALL PRODUCTION PRACTICES,ALL UTILIZATION PRACTICES,"PROGRESS, PREVIOUS YEAR",PCT PLANTED,"COTTON, UPLAND - PROGRESS, PREVIOUS YEAR, MEASURED IN PCT PLANTED",TOTAL,NOT SPECIFIED,STATE,48.0,48,TX,TEXAS,,,,,,,,0,,,9000,UNITED STATES,TEXAS,2026,WEEKLY,20,20,WEEK #20,2026-05-17,2026-05-18 16:00:00.000,34,,progress_prev_planted,STATE
SURVEY,CROPS,FIELD CROPS,COTTON,UPLAND,ALL PRODUCTION PRACTICES,ALL UTILIZATION PRACTICES,"PROGRESS, PREVIOUS YEAR",PCT PLANTED,"COTTON, UPLAND - PROGRESS, PREVIOUS YEAR, MEASURED IN PCT PLANTED",TOTAL,NOT SPECIFIED,STATE,48.0,48,TX,TEXAS,,,,,,,,0,,,9000,UNITED STATES,TEXAS,2026,WEEKLY,21,21,WEEK #21,2026-05-24,2026-05-26 16:00:00.000,45,,progress_prev_planted,STATE
SURVEY,CROPS,FIELD CROPS,COTTON,UPLAND,ALL PRODUCTION PRACTICES,ALL UTILIZATION PRACTICES,"PROGRESS, PREVIOUS YEAR",PCT PLANTED,"COTTON, UPLAND - PROGRESS, PREVIOUS YEAR, MEASURED IN PCT PLANTED",TOTAL,NOT SPECIFIED,STATE,48.0,48,TX,TEXAS,,,,,,,,0,,,9000,UNITED STATES,TEXAS,2026,WEEKLY,22,22,WEEK #22,2026-05-31,2026-06-01 16:00:00.000,59,,progress_prev_planted,STATE
SURVEY,CROPS,FIELD CROPS,COTTON,UPLAND,ALL PRODUCTION PRACTICES,ALL UTILIZATION PRACTICES,"PROGRESS, PREVIOUS YEAR",PCT PLANTED,"COTTON, UPLAND - PROGRESS, PREVIOUS YEAR, MEASURED IN PCT PLANTED",TOTAL,NOT SPECIFIED,STATE,51.0,51,VA,VIRGINIA,,,,,,,,0,,,9000,UNITED STATES,VIRGINIA,2026,WEEKLY,14,14,WEEK #14,2026-04-05,2026-04-06 16:00:00.000,0,,progress_prev_planted,STATE
SURVEY,CROPS,FIELD CROPS,COTTON,UPLAND,ALL PRODUCTION PRACTICES,ALL UTILIZATION PRACTICES,"PROGRESS, PREVIOUS YEAR",PCT PLANTED,"COTTON, UPLAND - PROGRESS, PREVIOUS YEAR, MEASURED IN PCT PLANTED",TOTAL,NOT SPECIFIED,STATE,51.0,51,VA,VIRGINIA,,,,,,,,0,,,9000,UNITED STATES,VIRGINIA,2026,WEEKLY,15,15,WEEK #15,2026-04-12,2026-04-13 16:00:00.000,0,,progress_prev_planted,STATE
SURVEY,CROPS,FIELD CROPS,COTTON,UPLAND,ALL PRODUCTION PRACTICES,ALL UTILIZATION PRACTICES,"PROGRESS, PREVIOUS YEAR",PCT PLANTED,"COTTON, UPLAND - PROGRESS, PREVIOUS YEAR, MEASURED IN PCT PLANTED",TOTAL,NOT SPECIFIED,STATE,51.0,51,VA,VIRGINIA,,,,,,,,0,,,9000,UNITED STATES,VIRGINIA,2026,WEEKLY,16,16,WEEK #16,2026-04-19,2026-04-20 16:00:00.000,3,,progress_prev_planted,STATE
SURVEY,CROPS,FIELD CROPS,COTTON,UPLAND,ALL PRODUCTION PRACTICES,ALL UTILIZATION PRACTICES,"PROGRESS, PREVIOUS YEAR",PCT PLANTED,"COTTON, UPLAND - PROGRESS, PREVIOUS YEAR, MEASURED IN PCT PLANTED",TOTAL,NOT SPECIFIED,STATE,51.0,51,VA,VIRGINIA,,,,,,,,0,,,9000,UNITED STATES,VIRGINIA,2026,WEEKLY,17,17,WEEK #17,2026-04-26,2026-04-27 16:00:00.000,13,,progress_prev_planted,STATE
SURVEY,CROPS,FIELD CROPS,COTTON,UPLAND,ALL PRODUCTION PRACTICES,ALL UTILIZATION PRACTICES,"PROGRESS, PREVIOUS YEAR",PCT PLANTED,"COTTON, UPLAND - PROGRESS, PREVIOUS YEAR, MEASURED IN PCT PLANTED",TOTAL,NOT SPECIFIED,STATE,51.0,51,VA,VIRGINIA,,,,,,,,0,,,9000,UNITED STATES,VIRGINIA,2026,WEEKLY,18,18,WEEK #18,2026-05-03,2026-05-04 16:00:00.000,27,,progress_prev_planted,STATE
SURVEY,CROPS,FIELD CROPS,COTTON,UPLAND,ALL PRODUCTION PRACTICES,ALL UTILIZATION PRACTICES,"PROGRESS, PREVIOUS YEAR",PCT PLANTED,"COTTON, UPLAND - PROGRESS, PREVIOUS YEAR, MEASURED IN PCT PLANTED",TOTAL,NOT SPECIFIED,STATE,51.0,51,VA,VIRGINIA,,,,,,,,0,,,9000,UNITED STATES,VIRGINIA,2026,WEEKLY,19,19,WEEK #19,2026-05-10,2026-05-11 16:00:00.000,40,,progress_prev_planted,STATE
SURVEY,CROPS,FIELD CROPS,COTTON,UPLAND,ALL PRODUCTION PRACTICES,ALL UTILIZATION PRACTICES,"PROGRESS, PREVIOUS YEAR",PCT PLANTED,"COTTON, UPLAND - PROGRESS, PREVIOUS YEAR, MEASURED IN PCT PLANTED",TOTAL,NOT SPECIFIED,STATE,51.0,51,VA,VIRGINIA,,,,,,,,0,,,9000,UNITED STATES,VIRGINIA,2026,WEEKLY,20,20,WEEK #20,2026-05-17,2026-05-18 16:00:00.000,51,,progress_prev_planted,STATE
SURVEY,CROPS,FIELD CROPS,COTTON,UPLAND,ALL PRODUCTION PRACTICES,ALL UTILIZATION PRACTICES,"PROGRESS, PREVIOUS YEAR",PCT PLANTED,"COTTON, UPLAND - PROGRESS, PREVIOUS YEAR, MEASURED IN PCT PLANTED",TOTAL,NOT SPECIFIED,STATE,51.0,51,VA,VIRGINIA,,,,,,,,0,,,9000,UNITED STATES,VIRGINIA,2026,WEEKLY,21,21,WEEK #21,2026-05-24,2026-05-26 16:00:00.000,69,,progress_prev_planted,STATE
SURVEY,CROPS,FIELD CROPS,COTTON,UPLAND,ALL PRODUCTION PRACTICES,ALL UTILIZATION PRACTICES,"PROGRESS, PREVIOUS YEAR",PCT PLANTED,"COTTON, UPLAND - PROGRESS, PREVIOUS YEAR, MEASURED IN PCT PLANTED",TOTAL,NOT SPECIFIED,STATE,51.0,51,VA,VIRGINIA,,,,,,,,0,,,9000,UNITED STATES,VIRGINIA,2026,WEEKLY,22,22,WEEK #22,2026-05-31,2026-06-01 16:00:00.000,83,,progress_prev_planted,STATE
SURVEY,CROPS,FIELD CROPS,COTTON,UPLAND,ALL PRODUCTION PRACTICES,ALL UTILIZATION PRACTICES,"PROGRESS, PREVIOUS YEAR",PCT SQUARING,"COTTON, UPLAND - PROGRESS, PREVIOUS YEAR, MEASURED IN PCT SQUARING",TOTAL,NOT SPECIFIED,NATIONAL,,99,US,US TOTAL,,,,,,,,0,,,9000,UNITED STATES,US TOTAL,2026,WEEKLY,22,22,WEEK #22,2026-05-31,2026-06-01 16:00:00.000,7,,progress_prev_squaring,NATIONAL
SURVEY,CROPS,FIELD CROPS,COTTON,UPLAND,ALL PRODUCTION PRACTICES,ALL UTILIZATION PRACTICES,"PROGRESS, PREVIOUS YEAR",PCT SQUARING,"COTTON, UPLAND - PROGRESS, PREVIOUS YEAR, MEASURED IN PCT SQUARING",TOTAL,NOT SPECIFIED,STATE,1.0,1,AL,ALABAMA,,,,,,,,0,,,9000,UNITED STATES,ALABAMA,2026,WEEKLY,21,21,WEEK #21,2026-05-24,2026-05-26 16:00:00.000,0,,progress_prev_squaring,STATE
SURVEY,CROPS,FIELD CROPS,COTTON,UPLAND,ALL PRODUCTION PRACTICES,ALL UTILIZATION PRACTICES,"PROGRESS, PREVIOUS YEAR",PCT SQUARING,"COTTON, UPLAND - PROGRESS, PREVIOUS YEAR, MEASURED IN PCT SQUARING",TOTAL,NOT SPECIFIED,STATE,1.0,1,AL,ALABAMA,,,,,,,,0,,,9000,UNITED STATES,ALABAMA,2026,WEEKLY,22,22,WEEK #22,2026-05-31,2026-06-01 16:00:00.000,2,,progress_prev_squaring,STATE
SURVEY,CROPS,FIELD CROPS,COTTON,UPLAND,ALL PRODUCTION PRACTICES,ALL UTILIZATION PRACTICES,"PROGRESS, PREVIOUS YEAR",PCT SQUARING,"COTTON, UPLAND - PROGRESS, PREVIOUS YEAR, MEASURED IN PCT SQUARING",TOTAL,NOT SPECIFIED,STATE,4.0,4,AZ,ARIZONA,,,,,,,,0,,,9000,UNITED STATES,ARIZONA,2026,WEEKLY,19,19,WEEK #19,2026-05-10,2026-05-11 16:00:00.000,0,,progress_prev_squaring,STATE
SURVEY,CROPS,FIELD CROPS,COTTON,UPLAND,ALL PRODUCTION PRACTICES,ALL UTILIZATION PRACTICES,"PROGRESS, PREVIOUS YEAR",PCT SQUARING,"COTTON, UPLAND - PROGRESS, PREVIOUS YEAR, MEASURED IN PCT SQUARING",TOTAL,NOT SPECIFIED,STATE,4.0,4,AZ,ARIZONA,,,,,,,,0,,,9000,UNITED STATES,ARIZONA,2026,WEEKLY,20,20,WEEK #20,2026-05-17,2026-05-18 16:00:00.000,0,,progress_prev_squaring,STATE
SURVEY,CROPS,FIELD CROPS,COTTON,UPLAND,ALL PRODUCTION PRACTICES,ALL UTILIZATION PRACTICES,"PROGRESS, PREVIOUS YEAR",PCT SQUARING,"COTTON, UPLAND - PROGRESS, PREVIOUS YEAR, MEASURED IN PCT SQUARING",TOTAL,NOT SPECIFIED,STATE,4.0,4,AZ,ARIZONA,,,,,,,,0,,,9000,UNITED STATES,ARIZONA,2026,WEEKLY,21,21,WEEK #21,2026-05-24,2026-05-26 16:00:00.000,9,,progress_prev_squaring,STATE
SURVEY,CROPS,FIELD CROPS,COTTON,UPLAND,ALL PRODUCTION PRACTICES,ALL UTILIZATION PRACTICES,"PROGRESS, PREVIOUS YEAR",PCT SQUARING,"COTTON, UPLAND - PROGRESS, PREVIOUS YEAR, MEASURED IN PCT SQUARING",TOTAL,NOT SPECIFIED,STATE,4.0,4,AZ,ARIZONA,,,,,,,,0,,,9000,UNITED STATES,ARIZONA,2026,WEEKLY,22,22,WEEK #22,2026-05-31,2026-06-01 16:00:00.000,13,,progress_prev_squaring,STATE
SURVEY,CROPS,FIELD CROPS,COTTON,UPLAND,ALL PRODUCTION PRACTICES,ALL UTILIZATION PRACTICES,"PROGRESS, PREVIOUS YEAR",PCT SQUARING,"COTTON, UPLAND - PROGRESS, PREVIOUS YEAR, MEASURED IN PCT SQUARING",TOTAL,NOT SPECIFIED,STATE,5.0,5,AR,ARKANSAS,,,,,,,,0,,,9000,UNITED STATES,ARKANSAS,2026,WEEKLY,21,21,WEEK #21,2026-05-24,2026-05-26 16:00:00.000,0,,progress_prev_squaring,STATE
SURVEY,CROPS,FIELD CROPS,COTTON,UPLAND,ALL PRODUCTION PRACTICES,ALL UTILIZATION PRACTICES,"PROGRESS, PREVIOUS YEAR",PCT SQUARING,"COTTON, UPLAND - PROGRESS, PREVIOUS YEAR, MEASURED IN PCT SQUARING",TOTAL,NOT SPECIFIED,STATE,5.0,5,AR,ARKANSAS,,,,,,,,0,,,9000,UNITED STATES,ARKANSAS,2026,WEEKLY,22,22,WEEK #22,2026-05-31,2026-06-01 16:00:00.000,0,,progress_prev_squaring,STATE
SURVEY,CROPS,FIELD CROPS,COTTON,UPLAND,ALL PRODUCTION PRACTICES,ALL UTILIZATION PRACTICES,"PROGRESS, PREVIOUS YEAR",PCT SQUARING,"COTTON, UPLAND - PROGRESS, PREVIOUS YEAR, MEASURED IN PCT SQUARING",TOTAL,NOT SPECIFIED,STATE,6.0,6,CA,CALIFORNIA,,,,,,,,0,,,9000,UNITED STATES,CALIFORNIA,2026,WEEKLY,22,22,WEEK #22,2026-05-31,2026-06-01 16:00:00.000,4,,progress_prev_squaring,STATE
SURVEY,CROPS,FIELD CROPS,COTTON,UPLAND,ALL PRODUCTION PRACTICES,ALL UTILIZATION PRACTICES,"PROGRESS, PREVIOUS YEAR",PCT SQUARING,"COTTON, UPLAND - PROGRESS, PREVIOUS YEAR, MEASURED IN PCT SQUARING",TOTAL,NOT SPECIFIED,STATE,12.0,12,FL,FLORIDA,,,,,,,,0,,,9000,UNITED STATES,FLORIDA,2026,WEEKLY,21,21,WEEK #21,2026-05-24,2026-05-26 16:00:00.000,0,,progress_prev_squaring,STATE
SURVEY,CROPS,FIELD CROPS,COTTON,UPLAND,ALL PRODUCTION PRACTICES,ALL UTILIZATION PRACTICES,"PROGRESS, PREVIOUS YEAR",PCT SQUARING,"COTTON, UPLAND - PROGRESS, PREVIOUS YEAR, MEASURED IN PCT SQUARING",TOTAL,NOT SPECIFIED,STATE,12.0,12,FL,FLORIDA,,,,,,,,0,,,9000,UNITED STATES,FLORIDA,2026,WEEKLY,22,22,WEEK #22,2026-05-31,2026-06-01 16:00:00.000,3,,progress_prev_squaring,STATE
SURVEY,CROPS,FIELD CROPS,COTTON,UPLAND,ALL PRODUCTION PRACTICES,ALL UTILIZATION PRACTICES,"PROGRESS, PREVIOUS YEAR",PCT SQUARING,"COTTON, UPLAND - PROGRESS, PREVIOUS YEAR, MEASURED IN PCT SQUARING",TOTAL,NOT SPECIFIED,STATE,13.0,13,GA,GEORGIA,,,,,,,,0,,,9000,UNITED STATES,GEORGIA,2026,WEEKLY,21,21,WEEK #21,2026-05-24,2026-05-26 16:00:00.000,1,,progress_prev_squaring,STATE
SURVEY,CROPS,FIELD CROPS,COTTON,UPLAND,ALL PRODUCTION PRACTICES,ALL UTILIZATION PRACTICES,"PROGRESS, PREVIOUS YEAR",PCT SQUARING,"COTTON, UPLAND - PROGRESS, PREVIOUS YEAR, MEASURED IN PCT SQUARING",TOTAL,NOT SPECIFIED,STATE,13.0,13,GA,GEORGIA,,,,,,,,0,,,9000,UNITED STATES,GEORGIA,2026,WEEKLY,22,22,WEEK #22,2026-05-31,2026-06-01 16:00:00.000,7,,progress_prev_squaring,STATE
SURVEY,CROPS,FIELD CROPS,COTTON,UPLAND,ALL PRODUCTION PRACTICES,ALL UTILIZATION PRACTICES,"PROGRESS, PREVIOUS YEAR",PCT SQUARING,"COTTON, UPLAND - PROGRESS, PREVIOUS YEAR, MEASURED IN PCT SQUARING",TOTAL,NOT SPECIFIED,STATE,20.0,20,KS,KANSAS,,,,,,,,0,,,9000,UNITED STATES,KANSAS,2026,WEEKLY,22,22,WEEK #22,2026-05-31,2026-06-01 16:00:00.000,0,,progress_prev_squaring,STATE
SURVEY,CROPS,FIELD CROPS,COTTON,UPLAND,ALL PRODUCTION PRACTICES,ALL UTILIZATION PRACTICES,"PROGRESS, PREVIOUS YEAR",PCT SQUARING,"COTTON, UPLAND - PROGRESS, PREVIOUS YEAR, MEASURED IN PCT SQUARING",TOTAL,NOT SPECIFIED,STATE,22.0,22,LA,LOUISIANA,,,,,,,,0,,,9000,UNITED STATES,LOUISIANA,2026,WEEKLY,21,21,WEEK #21,2026-05-24,2026-05-26 16:00:00.000,0,,progress_prev_squaring,STATE
SURVEY,CROPS,FIELD CROPS,COTTON,UPLAND,ALL PRODUCTION PRACTICES,ALL UTILIZATION PRACTICES,"PROGRESS, PREVIOUS YEAR",PCT SQUARING,"COTTON, UPLAND - PROGRESS, PREVIOUS YEAR, MEASURED IN PCT SQUARING",TOTAL,NOT SPECIFIED,STATE,22.0,22,LA,LOUISIANA,,,,,,,,0,,,9000,UNITED STATES,LOUISIANA,2026,WEEKLY,22,22,WEEK #22,2026-05-31,2026-06-01 16:00:00.000,0,,progress_prev_squaring,STATE
SURVEY,CROPS,FIELD CROPS,COTTON,UPLAND,ALL PRODUCTION PRACTICES,ALL UTILIZATION PRACTICES,"PROGRESS, PREVIOUS YEAR",PCT SQUARING,"COTTON, UPLAND - PROGRESS, PREVIOUS YEAR, MEASURED IN PCT SQUARING",TOTAL,NOT SPECIFIED,STATE,28.0,28,MS,MISSISSIPPI,,,,,,,,0,,,9000,UNITED STATES,MISSISSIPPI,2026,WEEKLY,21,21,WEEK #21,2026-05-24,2026-05-26 16:00:00.000,0,,progress_prev_squaring,STATE
SURVEY,CROPS,FIELD CROPS,COTTON,UPLAND,ALL PRODUCTION PRACTICES,ALL UTILIZATION PRACTICES,"PROGRESS, PREVIOUS YEAR",PCT SQUARING,"COTTON, UPLAND - PROGRESS, PREVIOUS YEAR, MEASURED IN PCT SQUARING",TOTAL,NOT SPECIFIED,STATE,28.0,28,MS,MISSISSIPPI,,,,,,,,0,,,9000,UNITED STATES,MISSISSIPPI,2026,WEEKLY,22,22,WEEK #22,2026-05-31,2026-06-01 16:00:00.000,0,,progress_prev_squaring,STATE
SURVEY,CROPS,FIELD CROPS,COTTON,UPLAND,ALL PRODUCTION PRACTICES,ALL UTILIZATION PRACTICES,"PROGRESS, PREVIOUS YEAR",PCT SQUARING,"COTTON, UPLAND - PROGRESS, PREVIOUS YEAR, MEASURED IN PCT SQUARING",TOTAL,NOT SPECIFIED,STATE,29.0,29,MO,MISSOURI,,,,,,,,0,,,9000,UNITED STATES,MISSOURI,2026,WEEKLY,22,22,WEEK #22,2026-05-31,2026-06-01 16:00:00.000,0,,progress_prev_squaring,STATE
SURVEY,CROPS,FIELD CROPS,COTTON,UPLAND,ALL PRODUCTION PRACTICES,ALL UTILIZATION PRACTICES,"PROGRESS, PREVIOUS YEAR",PCT SQUARING,"COTTON, UPLAND - PROGRESS, PREVIOUS YEAR, MEASURED IN PCT SQUARING",TOTAL,NOT SPECIFIED,STATE,37.0,37,NC,NORTH CAROLINA,,,,,,,,0,,,9000,UNITED STATES,NORTH CAROLINA,2026,WEEKLY,21,21,WEEK #21,2026-05-24,2026-05-26 16:00:00.000,0,,progress_prev_squaring,STATE
SURVEY,CROPS,FIELD CROPS,COTTON,UPLAND,ALL PRODUCTION PRACTICES,ALL UTILIZATION PRACTICES,"PROGRESS, PREVIOUS YEAR",PCT SQUARING,"COTTON, UPLAND - PROGRESS, PREVIOUS YEAR, MEASURED IN PCT SQUARING",TOTAL,NOT SPECIFIED,STATE,37.0,37,NC,NORTH CAROLINA,,,,,,,,0,,,9000,UNITED STATES,NORTH CAROLINA,2026,WEEKLY,22,22,WEEK #22,2026-05-31,2026-06-01 16:00:00.000,0,,progress_prev_squaring,STATE
SURVEY,CROPS,FIELD CROPS,COTTON,UPLAND,ALL PRODUCTION PRACTICES,ALL UTILIZATION PRACTICES,"PROGRESS, PREVIOUS YEAR",PCT SQUARING,"COTTON, UPLAND - PROGRESS, PREVIOUS YEAR, MEASURED IN PCT SQUARING",TOTAL,NOT SPECIFIED,STATE,40.0,40,OK,OKLAHOMA,,,,,,,,0,,,9000,UNITED STATES,OKLAHOMA,2026,WEEKLY,22,22,WEEK #22,2026-05-31,2026-06-01 16:00:00.000,0,,progress_prev_squaring,STATE
SURVEY,CROPS,FIELD CROPS,COTTON,UPLAND,ALL PRODUCTION PRACTICES,ALL UTILIZATION PRACTICES,"PROGRESS, PREVIOUS YEAR",PCT SQUARING,"COTTON, UPLAND - PROGRESS, PREVIOUS YEAR, MEASURED IN PCT SQUARING",TOTAL,NOT SPECIFIED,STATE,45.0,45,SC,SOUTH CAROLINA,,,,,,,,0,,,9000,UNITED STATES,SOUTH CAROLINA,2026,WEEKLY,21,21,WEEK #21,2026-05-24,2026-05-26 16:00:00.000,0,,progress_prev_squaring,STATE
SURVEY,CROPS,FIELD CROPS,COTTON,UPLAND,ALL PRODUCTION PRACTICES,ALL UTILIZATION PRACTICES,"PROGRESS, PREVIOUS YEAR",PCT SQUARING,"COTTON, UPLAND - PROGRESS, PREVIOUS YEAR, MEASURED IN PCT SQUARING",TOTAL,NOT SPECIFIED,STATE,45.0,45,SC,SOUTH CAROLINA,,,,,,,,0,,,9000,UNITED STATES,SOUTH CAROLINA,2026,WEEKLY,22,22,WEEK #22,2026-05-31,2026-06-01 16:00:00.000,2,,progress_prev_squaring,STATE
SURVEY,CROPS,FIELD CROPS,COTTON,UPLAND,ALL PRODUCTION PRACTICES,ALL UTILIZATION PRACTICES,"PROGRESS, PREVIOUS YEAR",PCT SQUARING,"COTTON, UPLAND - PROGRESS, PREVIOUS YEAR, MEASURED IN PCT SQUARING",TOTAL,NOT SPECIFIED,STATE,47.0,47,TN,TENNESSEE,,,,,,,,0,,,9000,UNITED STATES,TENNESSEE,2026,WEEKLY,21,21,WEEK #21,2026-05-24,2026-05-26 16:00:00.000,1,,progress_prev_squaring,STATE
SURVEY,CROPS,FIELD CROPS,COTTON,UPLAND,ALL PRODUCTION PRACTICES,ALL UTILIZATION PRACTICES,"PROGRESS, PREVIOUS YEAR",PCT SQUARING,"COTTON, UPLAND - PROGRESS, PREVIOUS YEAR, MEASURED IN PCT SQUARING",TOTAL,NOT SPECIFIED,STATE,47.0,47,TN,TENNESSEE,,,,,,,,0,,,9000,UNITED STATES,TENNESSEE,2026,WEEKLY,22,22,WEEK #22,2026-05-31,2026-06-01 16:00:00.000,4,,progress_prev_squaring,STATE
SURVEY,CROPS,FIELD CROPS,COTTON,UPLAND,ALL PRODUCTION PRACTICES,ALL UTILIZATION PRACTICES,"PROGRESS, PREVIOUS YEAR",PCT SQUARING,"COTTON, UPLAND - PROGRESS, PREVIOUS YEAR, MEASURED IN PCT SQUARING",TOTAL,NOT SPECIFIED,STATE,48.0,48,TX,TEXAS,,,,,,,,0,,,9000,UNITED STATES,TEXAS,2026,WEEKLY,22,22,WEEK #22,2026-05-31,2026-06-01 16:00:00.000,11,,progress_prev_squaring,STATE
SURVEY,CROPS,FIELD CROPS,COTTON,UPLAND,ALL PRODUCTION PRACTICES,ALL UTILIZATION PRACTICES,"PROGRESS, PREVIOUS YEAR",PCT SQUARING,"COTTON, UPLAND - PROGRESS, PREVIOUS YEAR, MEASURED IN PCT SQUARING",TOTAL,NOT SPECIFIED,STATE,51.0,51,VA,VIRGINIA,,,,,,,,0,,,9000,UNITED STATES,VIRGINIA,2026,WEEKLY,22,22,WEEK #22,2026-05-31,2026-06-01 16:00:00.000,2,,progress_prev_squaring,STATE
SURVEY,CROPS,FIELD CROPS,COTTON,UPLAND,ALL PRODUCTION PRACTICES,ALL UTILIZATION PRACTICES,"PROGRESS, PREVIOUS YEAR",PCT EMERGED,"COTTON, UPLAND - PROGRESS, PREVIOUS YEAR, MEASURED IN PCT EMERGED",TOTAL,NOT SPECIFIED,STATE,4.0,4,AZ,ARIZONA,,,,,,,,0,,,9000,UNITED STATES,ARIZONA,2026,WEEKLY,14,14,WEEK #14,2026-04-05,2026-04-06 16:00:00.000,1,,progress_prev_emerged,STATE
SURVEY,CROPS,FIELD CROPS,COTTON,UPLAND,ALL PRODUCTION PRACTICES,ALL UTILIZATION PRACTICES,"PROGRESS, PREVIOUS YEAR",PCT EMERGED,"COTTON, UPLAND - PROGRESS, PREVIOUS YEAR, MEASURED IN PCT EMERGED",TOTAL,NOT SPECIFIED,STATE,4.0,4,AZ,ARIZONA,,,,,,,,0,,,9000,UNITED STATES,ARIZONA,2026,WEEKLY,15,15,WEEK #15,2026-04-12,2026-04-13 16:00:00.000,6,,progress_prev_emerged,STATE
SURVEY,CROPS,FIELD CROPS,COTTON,UPLAND,ALL PRODUCTION PRACTICES,ALL UTILIZATION PRACTICES,"PROGRESS, PREVIOUS YEAR",PCT EMERGED,"COTTON, UPLAND - PROGRESS, PREVIOUS YEAR, MEASURED IN PCT EMERGED",TOTAL,NOT SPECIFIED,STATE,4.0,4,AZ,ARIZONA,,,,,,,,0,,,9000,UNITED STATES,ARIZONA,2026,WEEKLY,16,16,WEEK #16,2026-04-19,2026-04-20 16:00:00.000,20,,progress_prev_emerged,STATE
SURVEY,CROPS,FIELD CROPS,COTTON,UPLAND,ALL PRODUCTION PRACTICES,ALL UTILIZATION PRACTICES,"PROGRESS, PREVIOUS YEAR",PCT EMERGED,"COTTON, UPLAND - PROGRESS, PREVIOUS YEAR, MEASURED IN PCT EMERGED",TOTAL,NOT SPECIFIED,STATE,4.0,4,AZ,ARIZONA,,,,,,,,0,,,9000,UNITED STATES,ARIZONA,2026,WEEKLY,17,17,WEEK #17,2026-04-26,2026-04-27 16:00:00.000,24,,progress_prev_emerged,STATE
SURVEY,CROPS,FIELD CROPS,COTTON,UPLAND,ALL PRODUCTION PRACTICES,ALL UTILIZATION PRACTICES,"PROGRESS, PREVIOUS YEAR",PCT EMERGED,"COTTON, UPLAND - PROGRESS, PREVIOUS YEAR, MEASURED IN PCT EMERGED",TOTAL,NOT SPECIFIED,STATE,4.0,4,AZ,ARIZONA,,,,,,,,0,,,9000,UNITED STATES,ARIZONA,2026,WEEKLY,18,18,WEEK #18,2026-05-03,2026-05-04 16:00:00.000,39,,progress_prev_emerged,STATE
SURVEY,CROPS,FIELD CROPS,COTTON,UPLAND,ALL PRODUCTION PRACTICES,ALL UTILIZATION PRACTICES,"PROGRESS, PREVIOUS YEAR",PCT EMERGED,"COTTON, UPLAND - PROGRESS, PREVIOUS YEAR, MEASURED IN PCT EMERGED",TOTAL,NOT SPECIFIED,STATE,4.0,4,AZ,ARIZONA,,,,,,,,0,,,9000,UNITED STATES,ARIZONA,2026,WEEKLY,19,19,WEEK #19,2026-05-10,2026-05-11 16:00:00.000,50,,progress_prev_emerged,STATE
SURVEY,CROPS,FIELD CROPS,COTTON,UPLAND,ALL PRODUCTION PRACTICES,ALL UTILIZATION PRACTICES,"PROGRESS, PREVIOUS YEAR",PCT EMERGED,"COTTON, UPLAND - PROGRESS, PREVIOUS YEAR, MEASURED IN PCT EMERGED",TOTAL,NOT SPECIFIED,STATE,4.0,4,AZ,ARIZONA,,,,,,,,0,,,9000,UNITED STATES,ARIZONA,2026,WEEKLY,20,20,WEEK #20,2026-05-17,2026-05-18 16:00:00.000,66,,progress_prev_emerged,STATE
SURVEY,CROPS,FIELD CROPS,COTTON,UPLAND,ALL PRODUCTION PRACTICES,ALL UTILIZATION PRACTICES,"PROGRESS, PREVIOUS YEAR",PCT EMERGED,"COTTON, UPLAND - PROGRESS, PREVIOUS YEAR, MEASURED IN PCT EMERGED",TOTAL,NOT SPECIFIED,STATE,4.0,4,AZ,ARIZONA,,,,,,,,0,,,9000,UNITED STATES,ARIZONA,2026,WEEKLY,21,21,WEEK #21,2026-05-24,2026-05-26 16:00:00.000,82,,progress_prev_emerged,STATE
SURVEY,CROPS,FIELD CROPS,COTTON,UPLAND,ALL PRODUCTION PRACTICES,ALL UTILIZATION PRACTICES,"PROGRESS, PREVIOUS YEAR",PCT EMERGED,"COTTON, UPLAND - PROGRESS, PREVIOUS YEAR, MEASURED IN PCT EMERGED",TOTAL,NOT SPECIFIED,STATE,4.0,4,AZ,ARIZONA,,,,,,,,0,,,9000,UNITED STATES,ARIZONA,2026,WEEKLY,22,22,WEEK #22,2026-05-31,2026-06-01 16:00:00.000,95,,progress_prev_emerged,STATE
SURVEY,CROPS,FIELD CROPS,COTTON,UPLAND,ALL PRODUCTION PRACTICES,ALL UTILIZATION PRACTICES,"PROGRESS, PREVIOUS YEAR",PCT EMERGED,"COTTON, UPLAND - PROGRESS, PREVIOUS YEAR, MEASURED IN PCT EMERGED",TOTAL,NOT SPECIFIED,STATE,5.0,5,AR,ARKANSAS,,,,,,,,0,,,9000,UNITED STATES,ARKANSAS,2026,WEEKLY,16,16,WEEK #16,2026-04-19,2026-04-20 16:00:00.000,0,,progress_prev_emerged,STATE
SURVEY,CROPS,FIELD CROPS,COTTON,UPLAND,ALL PRODUCTION PRACTICES,ALL UTILIZATION PRACTICES,"PROGRESS, PREVIOUS YEAR",PCT EMERGED,"COTTON, UPLAND - PROGRESS, PREVIOUS YEAR, MEASURED IN PCT EMERGED",TOTAL,NOT SPECIFIED,STATE,5.0,5,AR,ARKANSAS,,,,,,,,0,,,9000,UNITED STATES,ARKANSAS,2026,WEEKLY,17,17,WEEK #17,2026-04-26,2026-04-27 16:00:00.000,1,,progress_prev_emerged,STATE
SURVEY,CROPS,FIELD CROPS,COTTON,UPLAND,ALL PRODUCTION PRACTICES,ALL UTILIZATION PRACTICES,"PROGRESS, PREVIOUS YEAR",PCT EMERGED,"COTTON, UPLAND - PROGRESS, PREVIOUS YEAR, MEASURED IN PCT EMERGED",TOTAL,NOT SPECIFIED,STATE,5.0,5,AR,ARKANSAS,,,,,,,,0,,,9000,UNITED STATES,ARKANSAS,2026,WEEKLY,18,18,WEEK #18,2026-05-03,2026-05-04 16:00:00.000,2,,progress_prev_emerged,STATE
SURVEY,CROPS,FIELD CROPS,COTTON,UPLAND,ALL PRODUCTION PRACTICES,ALL UTILIZATION PRACTICES,"PROGRESS, PREVIOUS YEAR",PCT EMERGED,"COTTON, UPLAND - PROGRESS, PREVIOUS YEAR, MEASURED IN PCT EMERGED",TOTAL,NOT SPECIFIED,STATE,5.0,5,AR,ARKANSAS,,,,,,,,0,,,9000,UNITED STATES,ARKANSAS,2026,WEEKLY,19,19,WEEK #19,2026-05-10,2026-05-11 16:00:00.000,11,,progress_prev_emerged,STATE
SURVEY,CROPS,FIELD CROPS,COTTON,UPLAND,ALL PRODUCTION PRACTICES,ALL UTILIZATION PRACTICES,"PROGRESS, PREVIOUS YEAR",PCT EMERGED,"COTTON, UPLAND - PROGRESS, PREVIOUS YEAR, MEASURED IN PCT EMERGED",TOTAL,NOT SPECIFIED,STATE,5.0,5,AR,ARKANSAS,,,,,,,,0,,,9000,UNITED STATES,ARKANSAS,2026,WEEKLY,20,20,WEEK #20,2026-05-17,2026-05-18 16:00:00.000,27,,progress_prev_emerged,STATE
SURVEY,CROPS,FIELD CROPS,COTTON,UPLAND,ALL PRODUCTION PRACTICES,ALL UTILIZATION PRACTICES,"PROGRESS, PREVIOUS YEAR",PCT EMERGED,"COTTON, UPLAND - PROGRESS, PREVIOUS YEAR, MEASURED IN PCT EMERGED",TOTAL,NOT SPECIFIED,STATE,5.0,5,AR,ARKANSAS,,,,,,,,0,,,9000,UNITED STATES,ARKANSAS,2026,WEEKLY,21,21,WEEK #21,2026-05-24,2026-05-26 16:00:00.000,45,,progress_prev_emerged,STATE
SURVEY,CROPS,FIELD CROPS,COTTON,UPLAND,ALL PRODUCTION PRACTICES,ALL UTILIZATION PRACTICES,"PROGRESS, PREVIOUS YEAR",PCT EMERGED,"COTTON, UPLAND - PROGRESS, PREVIOUS YEAR, MEASURED IN PCT EMERGED",TOTAL,NOT SPECIFIED,STATE,5.0,5,AR,ARKANSAS,,,,,,,,0,,,9000,UNITED STATES,ARKANSAS,2026,WEEKLY,22,22,WEEK #22,2026-05-31,2026-06-01 16:00:00.000,65,,progress_prev_emerged,STATE
SURVEY,CROPS,FIELD CROPS,COTTON,UPLAND,ALL PRODUCTION PRACTICES,ALL UTILIZATION PRACTICES,"PROGRESS, PREVIOUS YEAR",PCT EMERGED,"COTTON, UPLAND - PROGRESS, PREVIOUS YEAR, MEASURED IN PCT EMERGED",TOTAL,NOT SPECIFIED,STATE,22.0,22,LA,LOUISIANA,,,,,,,,0,,,9000,UNITED STATES,LOUISIANA,2026,WEEKLY,16,16,WEEK #16,2026-04-19,2026-04-20 16:00:00.000,0,,progress_prev_emerged,STATE
SURVEY,CROPS,FIELD CROPS,COTTON,UPLAND,ALL PRODUCTION PRACTICES,ALL UTILIZATION PRACTICES,"PROGRESS, PREVIOUS YEAR",PCT EMERGED,"COTTON, UPLAND - PROGRESS, PREVIOUS YEAR, MEASURED IN PCT EMERGED",TOTAL,NOT SPECIFIED,STATE,22.0,22,LA,LOUISIANA,,,,,,,,0,,,9000,UNITED STATES,LOUISIANA,2026,WEEKLY,17,17,WEEK #17,2026-04-26,2026-04-27 16:00:00.000,0,,progress_prev_emerged,STATE
SURVEY,CROPS,FIELD CROPS,COTTON,UPLAND,ALL PRODUCTION PRACTICES,ALL UTILIZATION PRACTICES,"PROGRESS, PREVIOUS YEAR",PCT EMERGED,"COTTON, UPLAND - PROGRESS, PREVIOUS YEAR, MEASURED IN PCT EMERGED",TOTAL,NOT SPECIFIED,STATE,22.0,22,LA,LOUISIANA,,,,,,,,0,,,9000,UNITED STATES,LOUISIANA,2026,WEEKLY,18,18,WEEK #18,2026-05-03,2026-05-04 16:00:00.000,6,,progress_prev_emerged,STATE
SURVEY,CROPS,FIELD CROPS,COTTON,UPLAND,ALL PRODUCTION PRACTICES,ALL UTILIZATION PRACTICES,"PROGRESS, PREVIOUS YEAR",PCT EMERGED,"COTTON, UPLAND - PROGRESS, PREVIOUS YEAR, MEASURED IN PCT EMERGED",TOTAL,NOT SPECIFIED,STATE,22.0,22,LA,LOUISIANA,,,,,,,,0,,,9000,UNITED STATES,LOUISIANA,2026,WEEKLY,19,19,WEEK #19,2026-05-10,2026-05-11 16:00:00.000,16,,progress_prev_emerged,STATE
SURVEY,CROPS,FIELD CROPS,COTTON,UPLAND,ALL PRODUCTION PRACTICES,ALL UTILIZATION PRACTICES,"PROGRESS, PREVIOUS YEAR",PCT EMERGED,"COTTON, UPLAND - PROGRESS, PREVIOUS YEAR, MEASURED IN PCT EMERGED",TOTAL,NOT SPECIFIED,STATE,22.0,22,LA,LOUISIANA,,,,,,,,0,,,9000,UNITED STATES,LOUISIANA,2026,WEEKLY,20,20,WEEK #20,2026-05-17,2026-05-18 16:00:00.000,32,,progress_prev_emerged,STATE
SURVEY,CROPS,FIELD CROPS,COTTON,UPLAND,ALL PRODUCTION PRACTICES,ALL UTILIZATION PRACTICES,"PROGRESS, PREVIOUS YEAR",PCT EMERGED,"COTTON, UPLAND - PROGRESS, PREVIOUS YEAR, MEASURED IN PCT EMERGED",TOTAL,NOT SPECIFIED,STATE,22.0,22,LA,LOUISIANA,,,,,,,,0,,,9000,UNITED STATES,LOUISIANA,2026,WEEKLY,21,21,WEEK #21,2026-05-24,2026-05-26 16:00:00.000,50,,progress_prev_emerged,STATE
SURVEY,CROPS,FIELD CROPS,COTTON,UPLAND,ALL PRODUCTION PRACTICES,ALL UTILIZATION PRACTICES,"PROGRESS, PREVIOUS YEAR",PCT EMERGED,"COTTON, UPLAND - PROGRESS, PREVIOUS YEAR, MEASURED IN PCT EMERGED",TOTAL,NOT SPECIFIED,STATE,22.0,22,LA,LOUISIANA,,,,,,,,0,,,9000,UNITED STATES,LOUISIANA,2026,WEEKLY,22,22,WEEK #22,2026-05-31,2026-06-01 16:00:00.000,62,,progress_prev_emerged,STATE
SURVEY,CROPS,FIELD CROPS,COTTON,UPLAND,ALL PRODUCTION PRACTICES,ALL UTILIZATION PRACTICES,"PROGRESS, PREVIOUS YEAR",PCT EMERGED,"COTTON, UPLAND - PROGRESS, PREVIOUS YEAR, MEASURED IN PCT EMERGED",TOTAL,NOT SPECIFIED,STATE,28.0,28,MS,MISSISSIPPI,,,,,,,,0,,,9000,UNITED STATES,MISSISSIPPI,2026,WEEKLY,16,16,WEEK #16,2026-04-19,2026-04-20 16:00:00.000,0,,progress_prev_emerged,STATE
SURVEY,CROPS,FIELD CROPS,COTTON,UPLAND,ALL PRODUCTION PRACTICES,ALL UTILIZATION PRACTICES,"PROGRESS, PREVIOUS YEAR",PCT EMERGED,"COTTON, UPLAND - PROGRESS, PREVIOUS YEAR, MEASURED IN PCT EMERGED",TOTAL,NOT SPECIFIED,STATE,28.0,28,MS,MISSISSIPPI,,,,,,,,0,,,9000,UNITED STATES,MISSISSIPPI,2026,WEEKLY,17,17,WEEK #17,2026-04-26,2026-04-27 16:00:00.000,0,,progress_prev_emerged,STATE
SURVEY,CROPS,FIELD CROPS,COTTON,UPLAND,ALL PRODUCTION PRACTICES,ALL UTILIZATION PRACTICES,"PROGRESS, PREVIOUS YEAR",PCT EMERGED,"COTTON, UPLAND - PROGRESS, PREVIOUS YEAR, MEASURED IN PCT EMERGED",TOTAL,NOT SPECIFIED,STATE,28.0,28,MS,MISSISSIPPI,,,,,,,,0,,,9000,UNITED STATES,MISSISSIPPI,2026,WEEKLY,18,18,WEEK #18,2026-05-03,2026-05-04 16:00:00.000,2,,progress_prev_emerged,STATE
SURVEY,CROPS,FIELD CROPS,COTTON,UPLAND,ALL PRODUCTION PRACTICES,ALL UTILIZATION PRACTICES,"PROGRESS, PREVIOUS YEAR",PCT EMERGED,"COTTON, UPLAND - PROGRESS, PREVIOUS YEAR, MEASURED IN PCT EMERGED",TOTAL,NOT SPECIFIED,STATE,28.0,28,MS,MISSISSIPPI,,,,,,,,0,,,9000,UNITED STATES,MISSISSIPPI,2026,WEEKLY,19,19,WEEK #19,2026-05-10,2026-05-11 16:00:00.000,9,,progress_prev_emerged,STATE
SURVEY,CROPS,FIELD CROPS,COTTON,UPLAND,ALL PRODUCTION PRACTICES,ALL UTILIZATION PRACTICES,"PROGRESS, PREVIOUS YEAR",PCT EMERGED,"COTTON, UPLAND - PROGRESS, PREVIOUS YEAR, MEASURED IN PCT EMERGED",TOTAL,NOT SPECIFIED,STATE,28.0,28,MS,MISSISSIPPI,,,,,,,,0,,,9000,UNITED STATES,MISSISSIPPI,2026,WEEKLY,20,20,WEEK #20,2026-05-17,2026-05-18 16:00:00.000,18,,progress_prev_emerged,STATE
SURVEY,CROPS,FIELD CROPS,COTTON,UPLAND,ALL PRODUCTION PRACTICES,ALL UTILIZATION PRACTICES,"PROGRESS, PREVIOUS YEAR",PCT EMERGED,"COTTON, UPLAND - PROGRESS, PREVIOUS YEAR, MEASURED IN PCT EMERGED",TOTAL,NOT SPECIFIED,STATE,28.0,28,MS,MISSISSIPPI,,,,,,,,0,,,9000,UNITED STATES,MISSISSIPPI,2026,WEEKLY,21,21,WEEK #21,2026-05-24,2026-05-26 16:00:00.000,24,,progress_prev_emerged,STATE
SURVEY,CROPS,FIELD CROPS,COTTON,UPLAND,ALL PRODUCTION PRACTICES,ALL UTILIZATION PRACTICES,"PROGRESS, PREVIOUS YEAR",PCT EMERGED,"COTTON, UPLAND - PROGRESS, PREVIOUS YEAR, MEASURED IN PCT EMERGED",TOTAL,NOT SPECIFIED,STATE,28.0,28,MS,MISSISSIPPI,,,,,,,,0,,,9000,UNITED STATES,MISSISSIPPI,2026,WEEKLY,22,22,WEEK #22,2026-05-31,2026-06-01 16:00:00.000,39,,progress_prev_emerged,STATE
SURVEY,CROPS,FIELD CROPS,COTTON,UPLAND,ALL PRODUCTION PRACTICES,ALL UTILIZATION PRACTICES,"PROGRESS, PREVIOUS YEAR",PCT EMERGED,"COTTON, UPLAND - PROGRESS, PREVIOUS YEAR, MEASURED IN PCT EMERGED",TOTAL,NOT SPECIFIED,STATE,29.0,29,MO,MISSOURI,,,,,,,,0,,,9000,UNITED STATES,MISSOURI,2026,WEEKLY,17,17,WEEK #17,2026-04-26,2026-04-27 16:00:00.000,0,,progress_prev_emerged,STATE
SURVEY,CROPS,FIELD CROPS,COTTON,UPLAND,ALL PRODUCTION PRACTICES,ALL UTILIZATION PRACTICES,"PROGRESS, PREVIOUS YEAR",PCT EMERGED,"COTTON, UPLAND - PROGRESS, PREVIOUS YEAR, MEASURED IN PCT EMERGED",TOTAL,NOT SPECIFIED,STATE,29.0,29,MO,MISSOURI,,,,,,,,0,,,9000,UNITED STATES,MISSOURI,2026,WEEKLY,18,18,WEEK #18,2026-05-03,2026-05-04 16:00:00.000,1,,progress_prev_emerged,STATE
SURVEY,CROPS,FIELD CROPS,COTTON,UPLAND,ALL PRODUCTION PRACTICES,ALL UTILIZATION PRACTICES,"PROGRESS, PREVIOUS YEAR",PCT EMERGED,"COTTON, UPLAND - PROGRESS, PREVIOUS YEAR, MEASURED IN PCT EMERGED",TOTAL,NOT SPECIFIED,STATE,29.0,29,MO,MISSOURI,,,,,,,,0,,,9000,UNITED STATES,MISSOURI,2026,WEEKLY,19,19,WEEK #19,2026-05-10,2026-05-11 16:00:00.000,11,,progress_prev_emerged,STATE
SURVEY,CROPS,FIELD CROPS,COTTON,UPLAND,ALL PRODUCTION PRACTICES,ALL UTILIZATION PRACTICES,"PROGRESS, PREVIOUS YEAR",PCT EMERGED,"COTTON, UPLAND - PROGRESS, PREVIOUS YEAR, MEASURED IN PCT EMERGED",TOTAL,NOT SPECIFIED,STATE,29.0,29,MO,MISSOURI,,,,,,,,0,,,9000,UNITED STATES,MISSOURI,2026,WEEKLY,20,20,WEEK #20,2026-05-17,2026-05-18 16:00:00.000,36,,progress_prev_emerged,STATE
SURVEY,CROPS,FIELD CROPS,COTTON,UPLAND,ALL PRODUCTION PRACTICES,ALL UTILIZATION PRACTICES,"PROGRESS, PREVIOUS YEAR",PCT EMERGED,"COTTON, UPLAND - PROGRESS, PREVIOUS YEAR, MEASURED IN PCT EMERGED",TOTAL,NOT SPECIFIED,STATE,29.0,29,MO,MISSOURI,,,,,,,,0,,,9000,UNITED STATES,MISSOURI,2026,WEEKLY,21,21,WEEK #21,2026-05-24,2026-05-26 16:00:00.000,48,,progress_prev_emerged,STATE
SURVEY,CROPS,FIELD CROPS,COTTON,UPLAND,ALL PRODUCTION PRACTICES,ALL UTILIZATION PRACTICES,"PROGRESS, PREVIOUS YEAR",PCT EMERGED,"COTTON, UPLAND - PROGRESS, PREVIOUS YEAR, MEASURED IN PCT EMERGED",TOTAL,NOT SPECIFIED,STATE,29.0,29,MO,MISSOURI,,,,,,,,0,,,9000,UNITED STATES,MISSOURI,2026,WEEKLY,22,22,WEEK #22,2026-05-31,2026-06-01 16:00:00.000,70,,progress_prev_emerged,STATE
SURVEY,CROPS,FIELD CROPS,COTTON,UPLAND,ALL PRODUCTION PRACTICES,ALL UTILIZATION PRACTICES,"PROGRESS, PREVIOUS YEAR",PCT EMERGED,"COTTON, UPLAND - PROGRESS, PREVIOUS YEAR, MEASURED IN PCT EMERGED",TOTAL,NOT SPECIFIED,STATE,35.0,35,NM,NEW MEXICO,,,,,,,,0,,,9000,UNITED STATES,NEW MEXICO,2026,WEEKLY,18,18,WEEK #18,2026-05-03,2026-05-04 16:00:00.000,9,,progress_prev_emerged,STATE
SURVEY,CROPS,FIELD CROPS,COTTON,UPLAND,ALL PRODUCTION PRACTICES,ALL UTILIZATION PRACTICES,"PROGRESS, PREVIOUS YEAR",PCT EMERGED,"COTTON, UPLAND - PROGRESS, PREVIOUS YEAR, MEASURED IN PCT EMERGED",TOTAL,NOT SPECIFIED,STATE,35.0,35,NM,NEW MEXICO,,,,,,,,0,,,9000,UNITED STATES,NEW MEXICO,2026,WEEKLY,19,19,WEEK #19,2026-05-10,2026-05-11 16:00:00.000,19,,progress_prev_emerged,STATE
SURVEY,CROPS,FIELD CROPS,COTTON,UPLAND,ALL PRODUCTION PRACTICES,ALL UTILIZATION PRACTICES,"PROGRESS, PREVIOUS YEAR",PCT EMERGED,"COTTON, UPLAND - PROGRESS, PREVIOUS YEAR, MEASURED IN PCT EMERGED",TOTAL,NOT SPECIFIED,STATE,35.0,35,NM,NEW MEXICO,,,,,,,,0,,,9000,UNITED STATES,NEW MEXICO,2026,WEEKLY,20,20,WEEK #20,2026-05-17,2026-05-18 16:00:00.000,23,,progress_prev_emerged,STATE
SURVEY,CROPS,FIELD CROPS,COTTON,UPLAND,ALL PRODUCTION PRACTICES,ALL UTILIZATION PRACTICES,"PROGRESS, PREVIOUS YEAR",PCT EMERGED,"COTTON, UPLAND - PROGRESS, PREVIOUS YEAR, MEASURED IN PCT EMERGED",TOTAL,NOT SPECIFIED,STATE,35.0,35,NM,NEW MEXICO,,,,,,,,0,,,9000,UNITED STATES,NEW MEXICO,2026,WEEKLY,21,21,WEEK #21,2026-05-24,2026-05-26 16:00:00.000,39,,progress_prev_emerged,STATE
SURVEY,CROPS,FIELD CROPS,COTTON,UPLAND,ALL PRODUCTION PRACTICES,ALL UTILIZATION PRACTICES,"PROGRESS, PREVIOUS YEAR",PCT EMERGED,"COTTON, UPLAND - PROGRESS, PREVIOUS YEAR, MEASURED IN PCT EMERGED",TOTAL,NOT SPECIFIED,STATE,35.0,35,NM,NEW MEXICO,,,,,,,,0,,,9000,UNITED STATES,NEW MEXICO,2026,WEEKLY,22,22,WEEK #22,2026-05-31,2026-06-01 16:00:00.000,43,,progress_prev_emerged,STATE
